SET session_replication_role = replica;

--
-- PostgreSQL database dump
--

-- \restrict FqaCQcccBNnMKzNeiWOWbDv9aMr3KvGuVwtweshv4gVDOk5u95EbNKDE6xEyBQ3

-- Dumped from database version 17.6
-- Dumped by pg_dump version 17.6

SET statement_timeout = 0;
SET lock_timeout = 0;
SET idle_in_transaction_session_timeout = 0;
SET transaction_timeout = 0;
SET client_encoding = 'UTF8';
SET standard_conforming_strings = on;
SELECT pg_catalog.set_config('search_path', '', false);
SET check_function_bodies = false;
SET xmloption = content;
SET client_min_messages = warning;
SET row_security = off;

--
-- Data for Name: audit_log_entries; Type: TABLE DATA; Schema: auth; Owner: supabase_auth_admin
--



--
-- Data for Name: flow_state; Type: TABLE DATA; Schema: auth; Owner: supabase_auth_admin
--

INSERT INTO "auth"."flow_state" ("id", "user_id", "auth_code", "code_challenge_method", "code_challenge", "provider_type", "provider_access_token", "provider_refresh_token", "created_at", "updated_at", "authentication_method", "auth_code_issued_at") VALUES
	('843c379b-3d52-490a-aeef-7a03db3ae9e2', '6160b096-ba1e-4a98-bca1-85c2d99391f8', '233bfb0e-2885-4958-bec5-49021175256f', 's256', '1j3XkJ5ujwA5DLKU7f0e5Nxin_J-7QVN9dTXRed69R4', 'email', '', '', '2026-01-05 08:59:12.540989+00', '2026-01-05 08:59:12.540989+00', 'email/signup', NULL),
	('a1058367-95d4-4930-9e55-2f325447da45', '6b19133a-e3d9-44d3-86b3-165aaad09968', '3cb3aef3-fe55-49a5-bf38-2c1630db6133', 's256', 's2crRYSDgjwSpPfcYLic84LXe-x9cfRIUw-R3fm4MZ4', 'email', '', '', '2026-01-05 09:04:51.200867+00', '2026-01-05 09:04:51.200867+00', 'email/signup', NULL),
	('007d28db-2d8b-451d-b4b9-e6f08ed4bebf', '6fd095ca-826a-486b-897e-d51318a2e2e0', '604b7175-0736-48f3-8d2e-71fbabec2329', 's256', 'U2kNMMrxKFBezro4XV0njCc7oxSQYoySoRiW7DsGQrc', 'recovery', '', '', '2026-01-07 17:06:02.432887+00', '2026-01-07 17:06:02.432887+00', 'recovery', NULL);


--
-- Data for Name: users; Type: TABLE DATA; Schema: auth; Owner: supabase_auth_admin
--

INSERT INTO "auth"."users" ("instance_id", "id", "aud", "role", "email", "encrypted_password", "email_confirmed_at", "invited_at", "confirmation_token", "confirmation_sent_at", "recovery_token", "recovery_sent_at", "email_change_token_new", "email_change", "email_change_sent_at", "last_sign_in_at", "raw_app_meta_data", "raw_user_meta_data", "is_super_admin", "created_at", "updated_at", "phone", "phone_confirmed_at", "phone_change", "phone_change_token", "phone_change_sent_at", "email_change_token_current", "email_change_confirm_status", "banned_until", "reauthentication_token", "reauthentication_sent_at", "is_sso_user", "deleted_at", "is_anonymous") VALUES
	('00000000-0000-0000-0000-000000000000', '6b19133a-e3d9-44d3-86b3-165aaad09968', 'authenticated', 'authenticated', 'jhghhgh@diu.edu.bd', '$2a$10$Ii4dTmCzdN0ZO1nnG08dduJlSqgjvKLGqC1zzTLH3xCTJGGziUWEK', NULL, NULL, 'pkce_be099344de13e16980e673f28093055973638217f2c1ab85becdd415', '2026-01-05 09:04:51.20142+00', '', NULL, '', '', NULL, NULL, '{"role": "user", "provider": "email", "providers": ["email"]}', '{"sub": "6b19133a-e3d9-44d3-86b3-165aaad09968", "name": "kjh", "role": "user", "email": "jhghhgh@diu.edu.bd", "phone": "", "batchId": "2dd89ae0-3745-4bba-a806-88f5bab20bb4", "sectionId": "e5ba5920-2584-4a21-9d5e-3846b700133f", "studentId": "", "departmentId": "82cc95f6-a4c2-474d-8c6a-1272fc0dd19e", "email_verified": false, "phone_verified": false}', NULL, '2026-01-05 09:04:51.164942+00', '2026-01-05 09:04:52.925345+00', NULL, NULL, '', '', NULL, '', 0, NULL, '', NULL, false, NULL, false),
	('00000000-0000-0000-0000-000000000000', 'c81efd02-27ed-48d7-9d8a-917bed2faf52', 'authenticated', 'authenticated', 'superadmin@diu.edu.bd', '$2a$10$4FrShGGtuS33TJF1awDdJ.3wjw.w7Hj9kz5u/KCiy9ssi1yhzu/nO', '2026-01-05 09:10:51.867132+00', NULL, '', NULL, '', NULL, '', '', NULL, '2026-01-08 14:47:28.136436+00', '{"role": "super-admin", "provider": "email", "providers": ["email"]}', '{"sub": "c81efd02-27ed-48d7-9d8a-917bed2faf52", "name": "SUPER ADMIN", "role": "super-admin", "email": "superadmin@diu.edu.bd", "phone": "", "batchId": "a11b2ad5-2137-471b-b859-6f6ba611e52d", "sectionId": "86556e98-4f4d-4541-b0a9-77091114086b", "studentId": "", "departmentId": "82cc95f6-a4c2-474d-8c6a-1272fc0dd19e", "email_verified": false, "phone_verified": false}', NULL, '2026-01-05 09:10:51.867445+00', '2026-01-09 12:48:15.625606+00', NULL, NULL, '', '', NULL, '', 0, NULL, '', NULL, false, NULL, false),
	('00000000-0000-0000-0000-000000000000', '6160b096-ba1e-4a98-bca1-85c2d99391f8', 'authenticated', 'authenticated', 'jhgugu@diu.edu.bd', '$2a$10$i3j48nc3gdcBl5Jos4BUKOVxfWPDqGtSDXf3g/5XIxmigArOdwIWG', NULL, NULL, 'pkce_7377405a252b99dee79e3e41040bd35325513fbe7ad41cad2104902a', '2026-01-05 08:59:12.542282+00', '', NULL, '', '', NULL, NULL, '{"provider": "email", "providers": ["email"]}', '{"sub": "6160b096-ba1e-4a98-bca1-85c2d99391f8", "name": "hfh", "role": "user", "email": "jhgugu@diu.edu.bd", "phone": "", "batchId": "1d870267-131c-4b65-a34a-ae97d856f238", "sectionId": "f7e775cb-6d23-4d96-b8f1-2f1436846987", "studentId": "", "departmentId": "82cc95f6-a4c2-474d-8c6a-1272fc0dd19e", "email_verified": false, "phone_verified": false}', NULL, '2026-01-05 08:59:12.53136+00', '2026-01-05 08:59:14.244364+00', NULL, NULL, '', '', NULL, '', 0, NULL, '', NULL, false, NULL, false),
	('00000000-0000-0000-0000-000000000000', '63db9f94-6c5b-48db-841c-68b60f037f4a', 'authenticated', 'authenticated', 'gadmin@diu.edu.bd', '$2a$10$kskIEM34M63MuAp/nGQahuhsOF30V9kNeQjQojQVn.OQexfHC0knO', '2026-01-05 09:09:26.35161+00', NULL, '', NULL, '', NULL, '', '', NULL, '2026-01-09 12:48:50.788493+00', '{"role": "user", "provider": "email", "providers": ["email"]}', '{"sub": "63db9f94-6c5b-48db-841c-68b60f037f4a", "name": "admin", "role": "user", "email": "gadmin@diu.edu.bd", "phone": "", "batchId": "a11b2ad5-2137-471b-b859-6f6ba611e52d", "sectionId": "86556e98-4f4d-4541-b0a9-77091114086b", "studentId": "", "departmentId": "82cc95f6-a4c2-474d-8c6a-1272fc0dd19e", "email_verified": false, "phone_verified": false}', NULL, '2026-01-05 09:09:26.351993+00', '2026-01-11 14:56:54.515483+00', NULL, NULL, '', '', NULL, '', 0, NULL, '', NULL, false, NULL, false),
	('00000000-0000-0000-0000-000000000000', 'fb40ae1d-9197-4611-8c64-fc34e4740d08', 'authenticated', 'authenticated', 'nnnn@diu.edu.bd', '$2a$10$eJgwPaouYm8p4luEGTCcq.WICZiJflTmtvWNdbEtNxQZ6LAb8EvCm', '2026-01-05 09:08:32.317665+00', NULL, '', NULL, '', NULL, '', '', NULL, '2026-01-05 09:08:32.333082+00', '{"role": "user", "provider": "email", "providers": ["email"]}', '{"sub": "fb40ae1d-9197-4611-8c64-fc34e4740d08", "name": "nnnn", "role": "user", "email": "nnnn@diu.edu.bd", "phone": "", "batchId": "3af718fb-174d-4b3c-85fe-a30394dd5396", "sectionId": "15d297b5-f442-43ed-ab98-68c104ef6754", "studentId": "", "departmentId": "82cc95f6-a4c2-474d-8c6a-1272fc0dd19e", "email_verified": false, "phone_verified": false}', NULL, '2026-01-05 09:08:32.31802+00', '2026-01-05 09:08:32.350076+00', NULL, NULL, '', '', NULL, '', 0, NULL, '', NULL, false, NULL, false),
	('00000000-0000-0000-0000-000000000000', 'f21fa145-2d73-449a-8b1b-aeeeedc6ab54', 'authenticated', 'authenticated', 'guser1@diu.edu.bd', '$2a$10$EV4bttnoKroJfucWClpWX.W01cb/f5S1J6dNCpj6OW9P3skahbbMm', '2026-01-05 09:31:47.9163+00', NULL, '', NULL, '', NULL, '', '', NULL, '2026-01-05 09:31:47.971628+00', '{"role": "user", "provider": "email", "providers": ["email"]}', '{"sub": "f21fa145-2d73-449a-8b1b-aeeeedc6ab54", "name": "userG", "email": "guser1@diu.edu.bd", "batchId": "a11b2ad5-2137-471b-b859-6f6ba611e52d", "sectionId": "86556e98-4f4d-4541-b0a9-77091114086b", "departmentId": "82cc95f6-a4c2-474d-8c6a-1272fc0dd19e", "email_verified": false, "phone_verified": false}', NULL, '2026-01-05 09:31:47.916669+00', '2026-01-05 09:31:47.987569+00', NULL, NULL, '', '', NULL, '', 0, NULL, '', NULL, false, NULL, false),
	('00000000-0000-0000-0000-000000000000', '61c67875-4251-439a-8aeb-71fa735ec96c', 'authenticated', 'authenticated', 'guser3@diu.edu.bd', '$2a$10$vofzcQET2AEDsQdrbbJw7u4kPR2HkPE.emJQK9cOM/2lKZbYVjiPC', '2026-01-05 09:53:55.294204+00', NULL, '', NULL, '', NULL, '', '', NULL, '2026-01-05 11:00:46.810307+00', '{"role": "user", "provider": "email", "providers": ["email"]}', '{"sub": "61c67875-4251-439a-8aeb-71fa735ec96c", "name": "user", "role": "user", "email": "guser3@diu.edu.bd", "phone": "", "batchId": "a11b2ad5-2137-471b-b859-6f6ba611e52d", "sectionId": "86556e98-4f4d-4541-b0a9-77091114086b", "studentId": "", "departmentId": "82cc95f6-a4c2-474d-8c6a-1272fc0dd19e", "email_verified": false, "phone_verified": false}', NULL, '2026-01-05 09:53:55.29514+00', '2026-01-05 11:01:04.127828+00', NULL, NULL, '', '', NULL, '', 0, NULL, '', NULL, false, NULL, false),
	('00000000-0000-0000-0000-000000000000', '7539f980-07b4-41fd-a24a-84784e714a13', 'authenticated', 'authenticated', 'bdbbfbc@diu.edu.bd', '$2a$10$D6XCuUInyTar7TSr.OZs8ObuIok.tL5gYg.Ft7PhH.hP9n.zZqn3a', '2026-01-05 11:59:42.701781+00', NULL, '', NULL, '', NULL, '', '', NULL, '2026-01-05 11:59:42.729292+00', '{"role": "user", "provider": "email", "providers": ["email"]}', '{"sub": "7539f980-07b4-41fd-a24a-84784e714a13", "name": "Nxbbx", "role": "user", "email": "bdbbfbc@diu.edu.bd", "phone": "", "batchId": "a11b2ad5-2137-471b-b859-6f6ba611e52d", "sectionId": "86556e98-4f4d-4541-b0a9-77091114086b", "studentId": "", "departmentId": "82cc95f6-a4c2-474d-8c6a-1272fc0dd19e", "email_verified": false, "phone_verified": false}', NULL, '2026-01-05 11:59:42.70213+00', '2026-01-06 15:28:30.641496+00', NULL, NULL, '', '', NULL, '', 0, NULL, '', NULL, false, NULL, false),
	('00000000-0000-0000-0000-000000000000', 'fedecd44-aba5-4336-8e12-57eb0dc4b40f', 'authenticated', 'authenticated', 'nfnfn@diu.edu.bd', '$2a$10$fxZKvay9/Bf5OGc8LxJx6uLT8yiKtaQq.Lpv57Ress7SeW.D4m3Ey', '2026-01-05 11:34:48.850664+00', NULL, '', NULL, '', NULL, '', '', NULL, '2026-01-05 11:34:48.896493+00', '{"role": "user", "provider": "email", "providers": ["email"]}', '{"sub": "fedecd44-aba5-4336-8e12-57eb0dc4b40f", "name": "Nznnx", "role": "user", "email": "nfnfn@diu.edu.bd", "phone": "", "batchId": "a11b2ad5-2137-471b-b859-6f6ba611e52d", "sectionId": "86556e98-4f4d-4541-b0a9-77091114086b", "studentId": "", "departmentId": "82cc95f6-a4c2-474d-8c6a-1272fc0dd19e", "email_verified": false, "phone_verified": false}', NULL, '2026-01-05 11:34:48.851498+00', '2026-01-05 11:34:48.913599+00', NULL, NULL, '', '', NULL, '', 0, NULL, '', NULL, false, NULL, false),
	('00000000-0000-0000-0000-000000000000', '6fd095ca-826a-486b-897e-d51318a2e2e0', 'authenticated', 'authenticated', 'guser2@diu.edu.bd', '$2a$10$CHl1dGnCyu.i7F2cDn1GneJ2RWq4ODbBqg42s6gNBev9.LDBa6H0i', '2026-01-05 09:42:47.288151+00', NULL, '', NULL, 'pkce_310f5ec55b5fb7b233be38aca6662b40ebaffc05b66f53ab9ee7cbec', '2026-01-07 17:06:02.444304+00', '', '', NULL, '2026-01-08 07:29:26.53582+00', '{"role": "user", "provider": "email", "providers": ["email"]}', '{"sub": "6fd095ca-826a-486b-897e-d51318a2e2e0", "name": "USERG", "role": "user", "email": "guser2@diu.edu.bd", "phone": "", "batchId": "a11b2ad5-2137-471b-b859-6f6ba611e52d", "sectionId": "86556e98-4f4d-4541-b0a9-77091114086b", "studentId": "", "departmentId": "82cc95f6-a4c2-474d-8c6a-1272fc0dd19e", "email_verified": false, "phone_verified": false}', NULL, '2026-01-05 09:42:47.288524+00', '2026-01-09 17:20:57.382968+00', NULL, NULL, '', '', NULL, '', 0, NULL, '', NULL, false, NULL, false),
	('00000000-0000-0000-0000-000000000000', 'aaba5d50-142c-4439-aa6d-84dc6d59b81b', 'authenticated', 'authenticated', 'user9886@diu.edu.bd', '$2a$10$Ms5fd45WDU0CRJKINbn5xuIWIBXhwQpVh1BOiVxcmSREXxT7WJTQC', '2026-01-05 11:20:59.927841+00', NULL, '', NULL, '', NULL, '', '', NULL, '2026-01-05 11:21:00.059013+00', '{"role": "user", "provider": "email", "providers": ["email"]}', '{"sub": "aaba5d50-142c-4439-aa6d-84dc6d59b81b", "name": "User", "role": "user", "email": "user9886@diu.edu.bd", "phone": "", "batchId": "a11b2ad5-2137-471b-b859-6f6ba611e52d", "sectionId": "86556e98-4f4d-4541-b0a9-77091114086b", "studentId": "", "departmentId": "82cc95f6-a4c2-474d-8c6a-1272fc0dd19e", "email_verified": false, "phone_verified": false}', NULL, '2026-01-05 11:20:59.931547+00', '2026-01-05 11:21:00.090077+00', NULL, NULL, '', '', NULL, '', 0, NULL, '', NULL, false, NULL, false),
	('00000000-0000-0000-0000-000000000000', '7b0f0233-2f6c-446d-b40b-d489903090e5', 'authenticated', 'authenticated', 'cuser@diu.edu.bd', '$2a$10$.Ot6/e9HcXe3O7wptbb8L.Tqgt6OcgwQLgWZnvWhO.cmGMDVBHrqW', '2026-01-05 11:01:27.036968+00', NULL, '', NULL, '', NULL, '', '', NULL, '2026-01-05 11:02:02.516004+00', '{"role": "user", "provider": "email", "providers": ["email"]}', '{"sub": "7b0f0233-2f6c-446d-b40b-d489903090e5", "name": "user", "role": "user", "email": "cuser@diu.edu.bd", "phone": "", "batchId": "a11b2ad5-2137-471b-b859-6f6ba611e52d", "sectionId": "7bb7c9aa-edd2-4350-849b-7970b80efb50", "studentId": "", "departmentId": "82cc95f6-a4c2-474d-8c6a-1272fc0dd19e", "email_verified": false, "phone_verified": false}', NULL, '2026-01-05 11:01:27.041877+00', '2026-01-05 11:12:25.186879+00', NULL, NULL, '', '', NULL, '', 0, NULL, '', NULL, false, NULL, false),
	('00000000-0000-0000-0000-000000000000', 'c0dab19d-1f8b-4554-876d-fb8b5d8837ef', 'authenticated', 'authenticated', 'nxndb@diu.edu.bd', '$2a$10$x4GCmWSbJqLOcFNLpvhKy.u/zHrc9q28GPQmghHqNq/7jefUKCJEq', '2026-01-05 11:42:45.133439+00', NULL, '', NULL, '', NULL, '', '', NULL, '2026-01-05 11:42:45.202124+00', '{"role": "user", "provider": "email", "providers": ["email"]}', '{"sub": "c0dab19d-1f8b-4554-876d-fb8b5d8837ef", "name": "Ooooo", "role": "user", "email": "nxndb@diu.edu.bd", "phone": "", "batchId": "a11b2ad5-2137-471b-b859-6f6ba611e52d", "sectionId": "86556e98-4f4d-4541-b0a9-77091114086b", "studentId": "", "departmentId": "82cc95f6-a4c2-474d-8c6a-1272fc0dd19e", "email_verified": false, "phone_verified": false}', NULL, '2026-01-05 11:42:45.13381+00', '2026-01-05 11:42:45.235942+00', NULL, NULL, '', '', NULL, '', 0, NULL, '', NULL, false, NULL, false),
	('00000000-0000-0000-0000-000000000000', '8cb2798e-f2ca-4729-9764-c5e2ee38f0d2', 'authenticated', 'authenticated', 'cadmin@diu.edu.bd', '$2a$10$bjjB8sMO7oPvhxHD4SBVqOB8pZEFIBG19loX2UDsGtdaP6Z.v5GPC', '2026-01-05 12:04:08.56452+00', NULL, '', NULL, '', NULL, '', '', NULL, '2026-01-08 06:03:46.15498+00', '{"role": "user", "provider": "email", "providers": ["email"]}', '{"sub": "8cb2798e-f2ca-4729-9764-c5e2ee38f0d2", "name": "adminc", "role": "user", "email": "cadmin@diu.edu.bd", "phone": "", "batchId": "a11b2ad5-2137-471b-b859-6f6ba611e52d", "sectionId": "7bb7c9aa-edd2-4350-849b-7970b80efb50", "studentId": "", "departmentId": "82cc95f6-a4c2-474d-8c6a-1272fc0dd19e", "email_verified": false, "phone_verified": false}', NULL, '2026-01-05 12:04:08.565787+00', '2026-01-08 06:03:46.166051+00', NULL, NULL, '', '', NULL, '', 0, NULL, '', NULL, false, NULL, false),
	('00000000-0000-0000-0000-000000000000', '287853ad-dd61-4a28-b8fe-69c8b9a400a9', 'authenticated', 'authenticated', 'dfjhjdshhf@diu.edu.bd', '$2a$10$tDUgNYzSb8PGGjbITszWK.0D6C/pQHGoqo9CvdDT37TPXAJgTfC52', '2026-01-07 14:14:22.503522+00', NULL, '', NULL, '', NULL, '', '', NULL, '2026-01-07 14:14:22.65748+00', '{"role": "user", "provider": "email", "providers": ["email"]}', '{"sub": "287853ad-dd61-4a28-b8fe-69c8b9a400a9", "name": "bfhbg", "role": "user", "email": "dfjhjdshhf@diu.edu.bd", "phone": "", "batchId": "a11b2ad5-2137-471b-b859-6f6ba611e52d", "sectionId": "86556e98-4f4d-4541-b0a9-77091114086b", "studentId": "", "departmentId": "82cc95f6-a4c2-474d-8c6a-1272fc0dd19e", "email_verified": false, "phone_verified": false}', NULL, '2026-01-07 14:14:22.505919+00', '2026-01-07 14:14:22.69963+00', NULL, NULL, '', '', NULL, '', 0, NULL, '', NULL, false, NULL, false),
	('00000000-0000-0000-0000-000000000000', '441ad560-e9db-4f5f-97b2-1c32ee1c4e4d', 'authenticated', 'authenticated', 'nehal@diu.edu.bd', '$2a$10$CwI9/RXGEC1w1oiewIrPkeJfDkw3SJs2tK0uQhItB3soQDxPnD4cO', '2026-01-06 16:57:25.468192+00', NULL, '', NULL, '', NULL, '', '', NULL, '2026-01-06 16:57:25.604139+00', '{"role": "user", "provider": "email", "providers": ["email"]}', '{"sub": "441ad560-e9db-4f5f-97b2-1c32ee1c4e4d", "name": "Nehal", "role": "user", "email": "nehal@diu.edu.bd", "phone": "", "batchId": "a11b2ad5-2137-471b-b859-6f6ba611e52d", "sectionId": "86556e98-4f4d-4541-b0a9-77091114086b", "studentId": "", "departmentId": "82cc95f6-a4c2-474d-8c6a-1272fc0dd19e", "email_verified": false, "phone_verified": false}', NULL, '2026-01-06 16:57:25.468548+00', '2026-01-07 19:22:28.041589+00', NULL, NULL, '', '', NULL, '', 0, NULL, '', NULL, false, NULL, false),
	('00000000-0000-0000-0000-000000000000', '56d4f21b-a615-4227-aaf5-c15f608fe104', 'authenticated', 'authenticated', 'urmi@diu.edu.bd', '$2a$10$xvq3YoN7uUxdNoiG5fe0/ukoHLKUlQtXXaLtQV4JchOGWL7WO51Y2', '2026-01-08 08:31:06.972842+00', NULL, '', NULL, '', NULL, '', '', NULL, '2026-01-08 08:31:07.016507+00', '{"role": "user", "provider": "email", "providers": ["email"]}', '{"sub": "56d4f21b-a615-4227-aaf5-c15f608fe104", "name": "Urmi", "role": "user", "email": "urmi@diu.edu.bd", "phone": "", "batchId": "a11b2ad5-2137-471b-b859-6f6ba611e52d", "sectionId": "86556e98-4f4d-4541-b0a9-77091114086b", "studentId": "", "departmentId": "82cc95f6-a4c2-474d-8c6a-1272fc0dd19e", "email_verified": false, "phone_verified": false}', NULL, '2026-01-08 08:31:06.97358+00', '2026-01-09 17:23:19.565283+00', NULL, NULL, '', '', NULL, '', 0, NULL, '', NULL, false, NULL, false),
	('00000000-0000-0000-0000-000000000000', '65ee4789-8104-449e-9f54-1a47e37d5e0d', 'authenticated', 'authenticated', 'ewrewrwer@diu.edu.bd', '$2a$10$i0UPiVk7xM5ut25G8Ck6UeSmT1TxVmB.nvkTgt4fJ5rIdrXVIjZPS', '2026-01-08 06:05:11.179803+00', NULL, '', NULL, '', NULL, '', '', NULL, '2026-01-08 06:05:11.195399+00', '{"role": "user", "provider": "email", "providers": ["email"]}', '{"sub": "65ee4789-8104-449e-9f54-1a47e37d5e0d", "name": "uhuder", "role": "user", "email": "ewrewrwer@diu.edu.bd", "phone": "", "batchId": "a11b2ad5-2137-471b-b859-6f6ba611e52d", "sectionId": "3b5111b7-09b0-4790-bd38-f4e59fcccb45", "studentId": "", "departmentId": "82cc95f6-a4c2-474d-8c6a-1272fc0dd19e", "email_verified": false, "phone_verified": false}', NULL, '2026-01-08 06:05:11.180114+00', '2026-01-08 06:05:11.197172+00', NULL, NULL, '', '', NULL, '', 0, NULL, '', NULL, false, NULL, false),
	('00000000-0000-0000-0000-000000000000', 'c3ffc27b-0a8a-47da-9ef9-38ad2aecb034', 'authenticated', 'authenticated', 'tadmin34@diu.edu.bd', '$2a$10$If.A6ca08/MxD.4KqVsW/uYLV84o8AE/Udk9lK13BPjs.sTQOW9eq', '2026-01-08 14:45:54.469504+00', NULL, '', NULL, '', NULL, '', '', NULL, '2026-01-08 14:45:54.479778+00', '{"role": "user", "provider": "email", "providers": ["email"]}', '{"sub": "c3ffc27b-0a8a-47da-9ef9-38ad2aecb034", "name": "tadmin", "role": "user", "email": "tadmin34@diu.edu.bd", "phone": "", "batchId": "a11b2ad5-2137-471b-b859-6f6ba611e52d", "sectionId": "7bb7c9aa-edd2-4350-849b-7970b80efb50", "studentId": "", "departmentId": "82cc95f6-a4c2-474d-8c6a-1272fc0dd19e", "email_verified": false, "phone_verified": false}', NULL, '2026-01-08 14:45:54.46983+00', '2026-01-08 14:45:54.481936+00', NULL, NULL, '', '', NULL, '', 0, NULL, '', NULL, false, NULL, false),
	('00000000-0000-0000-0000-000000000000', '2f401058-149e-4d3d-be02-51f9472d37da', 'authenticated', 'authenticated', 'guser6@diu.edu.bd', '$2a$10$jQbQlzoCxzmQKGgWP6ADIeIJT3uGw2NADSVXYYkFMCg0X1ubdm90.', '2026-01-08 06:04:27.196771+00', NULL, '', NULL, '', NULL, '', '', NULL, '2026-01-08 06:04:27.232615+00', '{"role": "user", "provider": "email", "providers": ["email"]}', '{"sub": "2f401058-149e-4d3d-be02-51f9472d37da", "name": "user", "email": "guser6@diu.edu.bd", "email_verified": false, "phone_verified": false}', NULL, '2026-01-08 06:04:27.197098+00', '2026-01-08 06:04:27.2358+00', NULL, NULL, '', '', NULL, '', 0, NULL, '', NULL, false, NULL, false),
	('00000000-0000-0000-0000-000000000000', '235aea81-4205-48d0-acc8-97c2647eca39', 'authenticated', 'authenticated', 'guser5@diu.edu.bd', '$2a$10$b0FT2sRnGuTqlOeKZ1cpbOvLMiGPtQmcNMqb9lu2t04Iuk6NEVcYi', '2026-01-08 10:57:32.658216+00', NULL, '', NULL, '', NULL, '', '', NULL, '2026-01-08 11:02:23.21784+00', '{"role": "user", "provider": "email", "providers": ["email"]}', '{"sub": "235aea81-4205-48d0-acc8-97c2647eca39", "name": "user", "role": "user", "email": "guser5@diu.edu.bd", "phone": "", "batchId": "a11b2ad5-2137-471b-b859-6f6ba611e52d", "sectionId": "86556e98-4f4d-4541-b0a9-77091114086b", "studentId": "", "departmentId": "82cc95f6-a4c2-474d-8c6a-1272fc0dd19e", "email_verified": false, "phone_verified": false}', NULL, '2026-01-08 10:57:32.658536+00', '2026-01-08 11:02:23.250883+00', NULL, NULL, '', '', NULL, '', 0, NULL, '', NULL, false, NULL, false),
	('00000000-0000-0000-0000-000000000000', '08243edc-7b1c-4730-b271-e94a388d2396', 'authenticated', 'authenticated', 'dsfjhdsf@diu.edu.bd', '$2a$10$p8PjxXGtAxUlfIjmaNQVn..QBbmjdfvLQp95rjnVMgRYUjNvSLotS', '2026-01-08 14:45:16.465398+00', NULL, '', NULL, '', NULL, '', '', NULL, '2026-01-08 14:45:16.497429+00', '{"role": "user", "provider": "email", "providers": ["email"]}', '{"sub": "08243edc-7b1c-4730-b271-e94a388d2396", "name": "fhjghd", "role": "user", "email": "dsfjhdsf@diu.edu.bd", "phone": "", "batchId": "a11b2ad5-2137-471b-b859-6f6ba611e52d", "sectionId": "7bb7c9aa-edd2-4350-849b-7970b80efb50", "studentId": "", "departmentId": "82cc95f6-a4c2-474d-8c6a-1272fc0dd19e", "email_verified": false, "phone_verified": false}', NULL, '2026-01-08 14:45:16.466352+00', '2026-01-09 04:24:56.79548+00', NULL, NULL, '', '', NULL, '', 0, NULL, '', NULL, false, NULL, false),
	('00000000-0000-0000-0000-000000000000', '537008dd-12a4-485b-b3d2-3feff5936d7e', 'authenticated', 'authenticated', 'guser9@diu.edu.bd', '$2a$10$U/m9NSuCjqodkXZ8mv3b7eQrwzbkGCXziWa6bCyOi.tGSSGH1Hiqq', '2026-01-08 06:06:03.057591+00', NULL, '', NULL, '', NULL, '', '', NULL, '2026-01-08 06:06:03.066091+00', '{"role": "user", "provider": "email", "providers": ["email"]}', '{"sub": "537008dd-12a4-485b-b3d2-3feff5936d7e", "name": "ksdjfsdf", "role": "user", "email": "guser9@diu.edu.bd", "phone": "", "batchId": "a11b2ad5-2137-471b-b859-6f6ba611e52d", "sectionId": "86556e98-4f4d-4541-b0a9-77091114086b", "studentId": "", "departmentId": "82cc95f6-a4c2-474d-8c6a-1272fc0dd19e", "email_verified": false, "phone_verified": false}', NULL, '2026-01-08 06:06:03.057927+00', '2026-01-09 17:12:36.792793+00', NULL, NULL, '', '', NULL, '', 0, NULL, '', NULL, false, NULL, false),
	('00000000-0000-0000-0000-000000000000', 'f77c3d81-dba0-495f-b0fa-a76de051d52c', 'authenticated', 'authenticated', 'test@diu.edu.bd', '$2a$10$fAQdD0gAqlXvVlbyovNdbuUnxbih47Cc/rApo8vRtKOVYYeqZxZPS', '2026-01-07 19:23:34.23144+00', NULL, '', NULL, '', NULL, '', '', NULL, '2026-01-07 19:23:34.276661+00', '{"role": "user", "provider": "email", "providers": ["email"]}', '{"sub": "f77c3d81-dba0-495f-b0fa-a76de051d52c", "name": "Test", "role": "user", "email": "test@diu.edu.bd", "phone": "", "batchId": "a11b2ad5-2137-471b-b859-6f6ba611e52d", "sectionId": "86556e98-4f4d-4541-b0a9-77091114086b", "studentId": "", "departmentId": "82cc95f6-a4c2-474d-8c6a-1272fc0dd19e", "email_verified": false, "phone_verified": false}', NULL, '2026-01-07 19:23:34.232558+00', '2026-01-08 15:57:58.811951+00', NULL, NULL, '', '', NULL, '', 0, NULL, '', NULL, false, NULL, false),
	('00000000-0000-0000-0000-000000000000', 'e271fef5-f353-4008-9336-3909c970affc', 'authenticated', 'authenticated', 'bxbbd8@diu.edu.bd', '$2a$10$DtPkTNwOVhQgnXRIXiM0jOpRHpMwkfDXEEypa5hSfUKEqs5b/RWb.', '2026-01-11 12:23:24.178975+00', NULL, '', NULL, '', NULL, '', '', NULL, '2026-01-13 08:16:20.535721+00', '{"role": "user", "provider": "email", "providers": ["email"]}', '{"sub": "e271fef5-f353-4008-9336-3909c970affc", "name": "Ndnnd", "role": "user", "email": "bxbbd8@diu.edu.bd", "phone": "", "batchId": "a11b2ad5-2137-471b-b859-6f6ba611e52d", "sectionId": "86556e98-4f4d-4541-b0a9-77091114086b", "studentId": "", "departmentId": "82cc95f6-a4c2-474d-8c6a-1272fc0dd19e", "email_verified": false, "phone_verified": false}', NULL, '2026-01-11 12:23:24.180012+00', '2026-01-13 08:16:20.586433+00', NULL, NULL, '', '', NULL, '', 0, NULL, '', NULL, false, NULL, false),
	('00000000-0000-0000-0000-000000000000', '503b37c3-a602-4bfa-b4df-139ddd16885a', 'authenticated', 'authenticated', 'gnehal876@diu.edu.bd', '$2a$10$gtMZilGrpjCjGTHOUcvhMO.A92Fkrbw2Pdm8Pg4KqnE5rLdnYZu5C', '2026-01-08 15:59:12.855234+00', NULL, '', NULL, '', NULL, '', '', NULL, '2026-01-08 15:59:12.915095+00', '{"role": "user", "provider": "email", "providers": ["email"]}', '{"sub": "503b37c3-a602-4bfa-b4df-139ddd16885a", "name": "User", "role": "user", "email": "gnehal876@diu.edu.bd", "phone": "", "batchId": "a11b2ad5-2137-471b-b859-6f6ba611e52d", "sectionId": "86556e98-4f4d-4541-b0a9-77091114086b", "studentId": "", "departmentId": "82cc95f6-a4c2-474d-8c6a-1272fc0dd19e", "email_verified": false, "phone_verified": false}', NULL, '2026-01-08 15:59:12.857248+00', '2026-01-13 09:09:10.524033+00', NULL, NULL, '', '', NULL, '', 0, NULL, '', NULL, false, NULL, false),
	('00000000-0000-0000-0000-000000000000', '28b1b99c-90d3-4009-be95-6da09aa685f1', 'authenticated', 'authenticated', 'oiuyy@diu.edu.bd', '$2a$10$7beNtN02ldya3dAvLfcrZ.Yac3RAGHiAAHTWw64pq5ucsOdMCjMBW', '2026-01-12 08:45:05.712054+00', NULL, '', NULL, '', NULL, '', '', NULL, '2026-01-12 08:45:05.756554+00', '{"role": "user", "provider": "email", "providers": ["email"]}', '{"sub": "28b1b99c-90d3-4009-be95-6da09aa685f1", "name": "IYUYFTD", "role": "user", "email": "oiuyy@diu.edu.bd", "phone": "", "batchId": "a11b2ad5-2137-471b-b859-6f6ba611e52d", "sectionId": "86556e98-4f4d-4541-b0a9-77091114086b", "studentId": "", "departmentId": "82cc95f6-a4c2-474d-8c6a-1272fc0dd19e", "email_verified": false, "phone_verified": false}', NULL, '2026-01-12 08:45:05.71239+00', '2026-01-12 08:45:05.77308+00', NULL, NULL, '', '', NULL, '', 0, NULL, '', NULL, false, NULL, false);


--
-- Data for Name: identities; Type: TABLE DATA; Schema: auth; Owner: supabase_auth_admin
--

INSERT INTO "auth"."identities" ("provider_id", "user_id", "identity_data", "provider", "last_sign_in_at", "created_at", "updated_at", "id") VALUES
	('6160b096-ba1e-4a98-bca1-85c2d99391f8', '6160b096-ba1e-4a98-bca1-85c2d99391f8', '{"sub": "6160b096-ba1e-4a98-bca1-85c2d99391f8", "name": "hfh", "role": "user", "email": "jhgugu@diu.edu.bd", "phone": "", "batchId": "1d870267-131c-4b65-a34a-ae97d856f238", "sectionId": "f7e775cb-6d23-4d96-b8f1-2f1436846987", "studentId": "", "departmentId": "82cc95f6-a4c2-474d-8c6a-1272fc0dd19e", "email_verified": false, "phone_verified": false}', 'email', '2026-01-05 08:59:12.53586+00', '2026-01-05 08:59:12.536484+00', '2026-01-05 08:59:12.536484+00', '3dcc2a88-3015-42bb-ac1f-802a46f14647'),
	('6b19133a-e3d9-44d3-86b3-165aaad09968', '6b19133a-e3d9-44d3-86b3-165aaad09968', '{"sub": "6b19133a-e3d9-44d3-86b3-165aaad09968", "name": "kjh", "role": "user", "email": "jhghhgh@diu.edu.bd", "phone": "", "batchId": "2dd89ae0-3745-4bba-a806-88f5bab20bb4", "sectionId": "e5ba5920-2584-4a21-9d5e-3846b700133f", "studentId": "", "departmentId": "82cc95f6-a4c2-474d-8c6a-1272fc0dd19e", "email_verified": false, "phone_verified": false}', 'email', '2026-01-05 09:04:51.197528+00', '2026-01-05 09:04:51.198114+00', '2026-01-05 09:04:51.198114+00', '7a258ff9-a284-463f-bf92-3bb5c3407d78'),
	('fb40ae1d-9197-4611-8c64-fc34e4740d08', 'fb40ae1d-9197-4611-8c64-fc34e4740d08', '{"sub": "fb40ae1d-9197-4611-8c64-fc34e4740d08", "name": "nnnn", "role": "user", "email": "nnnn@diu.edu.bd", "phone": "", "batchId": "3af718fb-174d-4b3c-85fe-a30394dd5396", "sectionId": "15d297b5-f442-43ed-ab98-68c104ef6754", "studentId": "", "departmentId": "82cc95f6-a4c2-474d-8c6a-1272fc0dd19e", "email_verified": false, "phone_verified": false}', 'email', '2026-01-05 09:08:32.327199+00', '2026-01-05 09:08:32.32725+00', '2026-01-05 09:08:32.32725+00', '6281f414-ab25-4fff-a328-6efadf363f72'),
	('63db9f94-6c5b-48db-841c-68b60f037f4a', '63db9f94-6c5b-48db-841c-68b60f037f4a', '{"sub": "63db9f94-6c5b-48db-841c-68b60f037f4a", "name": "admin", "role": "user", "email": "gadmin@diu.edu.bd", "phone": "", "batchId": "a11b2ad5-2137-471b-b859-6f6ba611e52d", "sectionId": "86556e98-4f4d-4541-b0a9-77091114086b", "studentId": "", "departmentId": "82cc95f6-a4c2-474d-8c6a-1272fc0dd19e", "email_verified": false, "phone_verified": false}', 'email', '2026-01-05 09:09:26.356922+00', '2026-01-05 09:09:26.356979+00', '2026-01-05 09:09:26.356979+00', '26d8e32c-40e8-434e-a7e9-25766e3ac622'),
	('c81efd02-27ed-48d7-9d8a-917bed2faf52', 'c81efd02-27ed-48d7-9d8a-917bed2faf52', '{"sub": "c81efd02-27ed-48d7-9d8a-917bed2faf52", "name": "SUPER ADMIN", "role": "user", "email": "superadmin@diu.edu.bd", "phone": "", "batchId": "a11b2ad5-2137-471b-b859-6f6ba611e52d", "sectionId": "86556e98-4f4d-4541-b0a9-77091114086b", "studentId": "", "departmentId": "82cc95f6-a4c2-474d-8c6a-1272fc0dd19e", "email_verified": false, "phone_verified": false}', 'email', '2026-01-05 09:10:51.871733+00', '2026-01-05 09:10:51.871795+00', '2026-01-05 09:10:51.871795+00', '449f7657-7d5c-4cf7-af75-9bac45d5e4e3'),
	('f21fa145-2d73-449a-8b1b-aeeeedc6ab54', 'f21fa145-2d73-449a-8b1b-aeeeedc6ab54', '{"sub": "f21fa145-2d73-449a-8b1b-aeeeedc6ab54", "name": "userG", "email": "guser1@diu.edu.bd", "email_verified": false, "phone_verified": false}', 'email', '2026-01-05 09:31:47.963536+00', '2026-01-05 09:31:47.963587+00', '2026-01-05 09:31:47.963587+00', '8e4aa274-dfb2-4fee-92e7-37c8eeea3df0'),
	('6fd095ca-826a-486b-897e-d51318a2e2e0', '6fd095ca-826a-486b-897e-d51318a2e2e0', '{"sub": "6fd095ca-826a-486b-897e-d51318a2e2e0", "name": "USERG", "role": "user", "email": "guser2@diu.edu.bd", "phone": "", "batchId": "a11b2ad5-2137-471b-b859-6f6ba611e52d", "sectionId": "86556e98-4f4d-4541-b0a9-77091114086b", "studentId": "", "departmentId": "82cc95f6-a4c2-474d-8c6a-1272fc0dd19e", "email_verified": false, "phone_verified": false}', 'email', '2026-01-05 09:42:47.305602+00', '2026-01-05 09:42:47.305664+00', '2026-01-05 09:42:47.305664+00', '66e18d9a-90f5-4fee-ad8f-214421b43c0b'),
	('61c67875-4251-439a-8aeb-71fa735ec96c', '61c67875-4251-439a-8aeb-71fa735ec96c', '{"sub": "61c67875-4251-439a-8aeb-71fa735ec96c", "name": "user", "role": "user", "email": "guser3@diu.edu.bd", "phone": "", "batchId": "a11b2ad5-2137-471b-b859-6f6ba611e52d", "sectionId": "86556e98-4f4d-4541-b0a9-77091114086b", "studentId": "", "departmentId": "82cc95f6-a4c2-474d-8c6a-1272fc0dd19e", "email_verified": false, "phone_verified": false}', 'email', '2026-01-05 09:53:55.34987+00', '2026-01-05 09:53:55.349922+00', '2026-01-05 09:53:55.349922+00', 'c9cde601-ecaa-45a1-9265-2068ad1532fc'),
	('7b0f0233-2f6c-446d-b40b-d489903090e5', '7b0f0233-2f6c-446d-b40b-d489903090e5', '{"sub": "7b0f0233-2f6c-446d-b40b-d489903090e5", "name": "user", "role": "user", "email": "cuser@diu.edu.bd", "phone": "", "batchId": "a11b2ad5-2137-471b-b859-6f6ba611e52d", "sectionId": "7bb7c9aa-edd2-4350-849b-7970b80efb50", "studentId": "", "departmentId": "82cc95f6-a4c2-474d-8c6a-1272fc0dd19e", "email_verified": false, "phone_verified": false}', 'email', '2026-01-05 11:01:27.161053+00', '2026-01-05 11:01:27.161131+00', '2026-01-05 11:01:27.161131+00', 'ee7b90be-7f79-4566-a8cc-0b641d449e3d'),
	('aaba5d50-142c-4439-aa6d-84dc6d59b81b', 'aaba5d50-142c-4439-aa6d-84dc6d59b81b', '{"sub": "aaba5d50-142c-4439-aa6d-84dc6d59b81b", "name": "User", "role": "user", "email": "user9886@diu.edu.bd", "phone": "", "batchId": "a11b2ad5-2137-471b-b859-6f6ba611e52d", "sectionId": "86556e98-4f4d-4541-b0a9-77091114086b", "studentId": "", "departmentId": "82cc95f6-a4c2-474d-8c6a-1272fc0dd19e", "email_verified": false, "phone_verified": false}', 'email', '2026-01-05 11:21:00.039183+00', '2026-01-05 11:21:00.03924+00', '2026-01-05 11:21:00.03924+00', '5ae77a15-5cd2-4b5d-8824-dab1772e4d41'),
	('fedecd44-aba5-4336-8e12-57eb0dc4b40f', 'fedecd44-aba5-4336-8e12-57eb0dc4b40f', '{"sub": "fedecd44-aba5-4336-8e12-57eb0dc4b40f", "name": "Nznnx", "role": "user", "email": "nfnfn@diu.edu.bd", "phone": "", "batchId": "a11b2ad5-2137-471b-b859-6f6ba611e52d", "sectionId": "86556e98-4f4d-4541-b0a9-77091114086b", "studentId": "", "departmentId": "82cc95f6-a4c2-474d-8c6a-1272fc0dd19e", "email_verified": false, "phone_verified": false}', 'email', '2026-01-05 11:34:48.888181+00', '2026-01-05 11:34:48.888235+00', '2026-01-05 11:34:48.888235+00', '650e0571-c228-46e7-9f16-fa44627095b5'),
	('c0dab19d-1f8b-4554-876d-fb8b5d8837ef', 'c0dab19d-1f8b-4554-876d-fb8b5d8837ef', '{"sub": "c0dab19d-1f8b-4554-876d-fb8b5d8837ef", "name": "Ooooo", "role": "user", "email": "nxndb@diu.edu.bd", "phone": "", "batchId": "a11b2ad5-2137-471b-b859-6f6ba611e52d", "sectionId": "86556e98-4f4d-4541-b0a9-77091114086b", "studentId": "", "departmentId": "82cc95f6-a4c2-474d-8c6a-1272fc0dd19e", "email_verified": false, "phone_verified": false}', 'email', '2026-01-05 11:42:45.193522+00', '2026-01-05 11:42:45.193572+00', '2026-01-05 11:42:45.193572+00', '1a008e50-8cff-46cb-bcd1-50126048f8d4'),
	('7539f980-07b4-41fd-a24a-84784e714a13', '7539f980-07b4-41fd-a24a-84784e714a13', '{"sub": "7539f980-07b4-41fd-a24a-84784e714a13", "name": "Nxbbx", "role": "user", "email": "bdbbfbc@diu.edu.bd", "phone": "", "batchId": "a11b2ad5-2137-471b-b859-6f6ba611e52d", "sectionId": "86556e98-4f4d-4541-b0a9-77091114086b", "studentId": "", "departmentId": "82cc95f6-a4c2-474d-8c6a-1272fc0dd19e", "email_verified": false, "phone_verified": false}', 'email', '2026-01-05 11:59:42.723674+00', '2026-01-05 11:59:42.723725+00', '2026-01-05 11:59:42.723725+00', 'b322854b-f555-4261-9803-7cbfe07ef0db'),
	('8cb2798e-f2ca-4729-9764-c5e2ee38f0d2', '8cb2798e-f2ca-4729-9764-c5e2ee38f0d2', '{"sub": "8cb2798e-f2ca-4729-9764-c5e2ee38f0d2", "name": "adminc", "role": "user", "email": "cadmin@diu.edu.bd", "phone": "", "batchId": "a11b2ad5-2137-471b-b859-6f6ba611e52d", "sectionId": "7bb7c9aa-edd2-4350-849b-7970b80efb50", "studentId": "", "departmentId": "82cc95f6-a4c2-474d-8c6a-1272fc0dd19e", "email_verified": false, "phone_verified": false}', 'email', '2026-01-05 12:04:08.619414+00', '2026-01-05 12:04:08.619476+00', '2026-01-05 12:04:08.619476+00', '871c1ff6-431b-4af3-8d7c-9fdfb6bfb7a3'),
	('441ad560-e9db-4f5f-97b2-1c32ee1c4e4d', '441ad560-e9db-4f5f-97b2-1c32ee1c4e4d', '{"sub": "441ad560-e9db-4f5f-97b2-1c32ee1c4e4d", "name": "Nehal", "role": "user", "email": "nehal@diu.edu.bd", "phone": "", "batchId": "a11b2ad5-2137-471b-b859-6f6ba611e52d", "sectionId": "86556e98-4f4d-4541-b0a9-77091114086b", "studentId": "", "departmentId": "82cc95f6-a4c2-474d-8c6a-1272fc0dd19e", "email_verified": false, "phone_verified": false}', 'email', '2026-01-06 16:57:25.577207+00', '2026-01-06 16:57:25.577908+00', '2026-01-06 16:57:25.577908+00', 'f1504fe6-9a15-4a9e-91a8-5265c0fd67ee'),
	('287853ad-dd61-4a28-b8fe-69c8b9a400a9', '287853ad-dd61-4a28-b8fe-69c8b9a400a9', '{"sub": "287853ad-dd61-4a28-b8fe-69c8b9a400a9", "name": "bfhbg", "role": "user", "email": "dfjhjdshhf@diu.edu.bd", "phone": "", "batchId": "a11b2ad5-2137-471b-b859-6f6ba611e52d", "sectionId": "86556e98-4f4d-4541-b0a9-77091114086b", "studentId": "", "departmentId": "82cc95f6-a4c2-474d-8c6a-1272fc0dd19e", "email_verified": false, "phone_verified": false}', 'email', '2026-01-07 14:14:22.63408+00', '2026-01-07 14:14:22.634152+00', '2026-01-07 14:14:22.634152+00', '4fd22446-0b1b-4ed0-8daa-d779888a5da2'),
	('f77c3d81-dba0-495f-b0fa-a76de051d52c', 'f77c3d81-dba0-495f-b0fa-a76de051d52c', '{"sub": "f77c3d81-dba0-495f-b0fa-a76de051d52c", "name": "Test", "role": "user", "email": "test@diu.edu.bd", "phone": "", "batchId": "a11b2ad5-2137-471b-b859-6f6ba611e52d", "sectionId": "86556e98-4f4d-4541-b0a9-77091114086b", "studentId": "", "departmentId": "82cc95f6-a4c2-474d-8c6a-1272fc0dd19e", "email_verified": false, "phone_verified": false}', 'email', '2026-01-07 19:23:34.264376+00', '2026-01-07 19:23:34.264423+00', '2026-01-07 19:23:34.264423+00', '23edc631-61f3-40f2-a6af-c3fa0830c6e7'),
	('2f401058-149e-4d3d-be02-51f9472d37da', '2f401058-149e-4d3d-be02-51f9472d37da', '{"sub": "2f401058-149e-4d3d-be02-51f9472d37da", "name": "user", "email": "guser6@diu.edu.bd", "email_verified": false, "phone_verified": false}', 'email', '2026-01-08 06:04:27.222314+00', '2026-01-08 06:04:27.222386+00', '2026-01-08 06:04:27.222386+00', 'a1ebc899-8ec7-49ab-85bb-bf24a96c8796'),
	('65ee4789-8104-449e-9f54-1a47e37d5e0d', '65ee4789-8104-449e-9f54-1a47e37d5e0d', '{"sub": "65ee4789-8104-449e-9f54-1a47e37d5e0d", "name": "uhuder", "role": "user", "email": "ewrewrwer@diu.edu.bd", "phone": "", "batchId": "a11b2ad5-2137-471b-b859-6f6ba611e52d", "sectionId": "3b5111b7-09b0-4790-bd38-f4e59fcccb45", "studentId": "", "departmentId": "82cc95f6-a4c2-474d-8c6a-1272fc0dd19e", "email_verified": false, "phone_verified": false}', 'email', '2026-01-08 06:05:11.188632+00', '2026-01-08 06:05:11.188674+00', '2026-01-08 06:05:11.188674+00', '3a11078b-08e2-43a6-8edd-6809e3b96c1f'),
	('537008dd-12a4-485b-b3d2-3feff5936d7e', '537008dd-12a4-485b-b3d2-3feff5936d7e', '{"sub": "537008dd-12a4-485b-b3d2-3feff5936d7e", "name": "ksdjfsdf", "role": "user", "email": "guser9@diu.edu.bd", "phone": "", "batchId": "a11b2ad5-2137-471b-b859-6f6ba611e52d", "sectionId": "86556e98-4f4d-4541-b0a9-77091114086b", "studentId": "", "departmentId": "82cc95f6-a4c2-474d-8c6a-1272fc0dd19e", "email_verified": false, "phone_verified": false}', 'email', '2026-01-08 06:06:03.061781+00', '2026-01-08 06:06:03.061826+00', '2026-01-08 06:06:03.061826+00', 'fa287e1d-4f4a-440b-8460-859398514f81'),
	('56d4f21b-a615-4227-aaf5-c15f608fe104', '56d4f21b-a615-4227-aaf5-c15f608fe104', '{"sub": "56d4f21b-a615-4227-aaf5-c15f608fe104", "name": "Urmi", "role": "user", "email": "urmi@diu.edu.bd", "phone": "", "batchId": "a11b2ad5-2137-471b-b859-6f6ba611e52d", "sectionId": "86556e98-4f4d-4541-b0a9-77091114086b", "studentId": "", "departmentId": "82cc95f6-a4c2-474d-8c6a-1272fc0dd19e", "email_verified": false, "phone_verified": false}', 'email', '2026-01-08 08:31:07.008094+00', '2026-01-08 08:31:07.008154+00', '2026-01-08 08:31:07.008154+00', '60df0ccd-bc1e-41b0-985b-15bca994cb9d'),
	('235aea81-4205-48d0-acc8-97c2647eca39', '235aea81-4205-48d0-acc8-97c2647eca39', '{"sub": "235aea81-4205-48d0-acc8-97c2647eca39", "name": "user", "role": "user", "email": "guser5@diu.edu.bd", "phone": "", "batchId": "a11b2ad5-2137-471b-b859-6f6ba611e52d", "sectionId": "86556e98-4f4d-4541-b0a9-77091114086b", "studentId": "", "departmentId": "82cc95f6-a4c2-474d-8c6a-1272fc0dd19e", "email_verified": false, "phone_verified": false}', 'email', '2026-01-08 10:57:32.719216+00', '2026-01-08 10:57:32.719852+00', '2026-01-08 10:57:32.719852+00', '209c28b1-ed96-4d20-b7d6-e801a8436830'),
	('08243edc-7b1c-4730-b271-e94a388d2396', '08243edc-7b1c-4730-b271-e94a388d2396', '{"sub": "08243edc-7b1c-4730-b271-e94a388d2396", "name": "fhjghd", "role": "user", "email": "dsfjhdsf@diu.edu.bd", "phone": "", "batchId": "a11b2ad5-2137-471b-b859-6f6ba611e52d", "sectionId": "7bb7c9aa-edd2-4350-849b-7970b80efb50", "studentId": "", "departmentId": "82cc95f6-a4c2-474d-8c6a-1272fc0dd19e", "email_verified": false, "phone_verified": false}', 'email', '2026-01-08 14:45:16.489957+00', '2026-01-08 14:45:16.490005+00', '2026-01-08 14:45:16.490005+00', 'a1441f80-ea96-4622-929c-e4892ace115e'),
	('c3ffc27b-0a8a-47da-9ef9-38ad2aecb034', 'c3ffc27b-0a8a-47da-9ef9-38ad2aecb034', '{"sub": "c3ffc27b-0a8a-47da-9ef9-38ad2aecb034", "name": "tadmin", "role": "user", "email": "tadmin34@diu.edu.bd", "phone": "", "batchId": "a11b2ad5-2137-471b-b859-6f6ba611e52d", "sectionId": "7bb7c9aa-edd2-4350-849b-7970b80efb50", "studentId": "", "departmentId": "82cc95f6-a4c2-474d-8c6a-1272fc0dd19e", "email_verified": false, "phone_verified": false}', 'email', '2026-01-08 14:45:54.47556+00', '2026-01-08 14:45:54.475613+00', '2026-01-08 14:45:54.475613+00', '14e847d6-3ddd-4adf-9394-cab5f8596155'),
	('503b37c3-a602-4bfa-b4df-139ddd16885a', '503b37c3-a602-4bfa-b4df-139ddd16885a', '{"sub": "503b37c3-a602-4bfa-b4df-139ddd16885a", "name": "User", "role": "user", "email": "gnehal876@diu.edu.bd", "phone": "", "batchId": "a11b2ad5-2137-471b-b859-6f6ba611e52d", "sectionId": "86556e98-4f4d-4541-b0a9-77091114086b", "studentId": "", "departmentId": "82cc95f6-a4c2-474d-8c6a-1272fc0dd19e", "email_verified": false, "phone_verified": false}', 'email', '2026-01-08 15:59:12.899542+00', '2026-01-08 15:59:12.900594+00', '2026-01-08 15:59:12.900594+00', '9020c1aa-4030-40de-b17f-5c1e0645dac7'),
	('e271fef5-f353-4008-9336-3909c970affc', 'e271fef5-f353-4008-9336-3909c970affc', '{"sub": "e271fef5-f353-4008-9336-3909c970affc", "name": "Ndnnd", "role": "user", "email": "bxbbd8@diu.edu.bd", "phone": "", "batchId": "a11b2ad5-2137-471b-b859-6f6ba611e52d", "sectionId": "86556e98-4f4d-4541-b0a9-77091114086b", "studentId": "", "departmentId": "82cc95f6-a4c2-474d-8c6a-1272fc0dd19e", "email_verified": false, "phone_verified": false}', 'email', '2026-01-11 12:23:24.244988+00', '2026-01-11 12:23:24.245049+00', '2026-01-11 12:23:24.245049+00', '30bb83ca-66fc-4907-82cb-8f47a055530e'),
	('28b1b99c-90d3-4009-be95-6da09aa685f1', '28b1b99c-90d3-4009-be95-6da09aa685f1', '{"sub": "28b1b99c-90d3-4009-be95-6da09aa685f1", "name": "IYUYFTD", "role": "user", "email": "oiuyy@diu.edu.bd", "phone": "", "batchId": "a11b2ad5-2137-471b-b859-6f6ba611e52d", "sectionId": "86556e98-4f4d-4541-b0a9-77091114086b", "studentId": "", "departmentId": "82cc95f6-a4c2-474d-8c6a-1272fc0dd19e", "email_verified": false, "phone_verified": false}', 'email', '2026-01-12 08:45:05.74888+00', '2026-01-12 08:45:05.748925+00', '2026-01-12 08:45:05.748925+00', '7bd68e18-63a5-459e-8acc-acb4c0d73919');


--
-- Data for Name: instances; Type: TABLE DATA; Schema: auth; Owner: supabase_auth_admin
--



--
-- Data for Name: oauth_clients; Type: TABLE DATA; Schema: auth; Owner: supabase_auth_admin
--



--
-- Data for Name: sessions; Type: TABLE DATA; Schema: auth; Owner: supabase_auth_admin
--

INSERT INTO "auth"."sessions" ("id", "user_id", "created_at", "updated_at", "factor_id", "aal", "not_after", "refreshed_at", "user_agent", "ip", "tag", "oauth_client_id", "refresh_token_hmac_key", "refresh_token_counter", "scopes") VALUES
	('c43e36ac-274f-4608-ac7b-db47233ff5ad', '63db9f94-6c5b-48db-841c-68b60f037f4a', '2026-01-05 09:43:20.381564+00', '2026-01-05 09:43:20.381564+00', NULL, 'aal1', NULL, NULL, 'Mozilla/5.0 (Windows NT 10.0; Win64; x64) AppleWebKit/537.36 (KHTML, like Gecko) Chrome/143.0.0.0 Safari/537.36', '103.134.226.203', NULL, NULL, NULL, NULL, NULL),
	('d72624f2-3c17-49f8-b441-34f1b0f36068', '61c67875-4251-439a-8aeb-71fa735ec96c', '2026-01-05 09:53:55.363178+00', '2026-01-05 09:53:55.363178+00', NULL, 'aal1', NULL, NULL, 'Mozilla/5.0 (Windows NT 10.0; Win64; x64) AppleWebKit/537.36 (KHTML, like Gecko) Chrome/143.0.0.0 Safari/537.36', '103.134.226.203', NULL, NULL, NULL, NULL, NULL),
	('06cef83f-9b7f-4fce-a2dd-a992f0ed6202', '63db9f94-6c5b-48db-841c-68b60f037f4a', '2026-01-05 10:46:52.588543+00', '2026-01-05 10:51:06.050955+00', NULL, 'aal1', NULL, '2026-01-05 10:51:06.050842', 'Mozilla/5.0 (Windows NT 10.0; Win64; x64) AppleWebKit/537.36 (KHTML, like Gecko) Chrome/143.0.0.0 Safari/537.36', '103.134.226.219', NULL, NULL, NULL, NULL, NULL),
	('ccf68812-8f8d-4bab-a85c-383efc22e2ad', '7b0f0233-2f6c-446d-b40b-d489903090e5', '2026-01-05 11:02:02.51678+00', '2026-01-05 11:12:25.19397+00', NULL, 'aal1', NULL, '2026-01-05 11:12:25.193849', 'Mozilla/5.0 (Windows NT 10.0; Win64; x64) AppleWebKit/537.36 (KHTML, like Gecko) Chrome/143.0.0.0 Safari/537.36', '103.134.226.203', NULL, NULL, NULL, NULL, NULL),
	('d141284b-bbb4-49ed-834c-4c21b403c9d9', 'aaba5d50-142c-4439-aa6d-84dc6d59b81b', '2026-01-05 11:21:00.059133+00', '2026-01-05 11:21:00.059133+00', NULL, 'aal1', NULL, NULL, 'Mozilla/5.0 (Linux; Android 16; POCO M2 Pro Build/BP2A.250605.031.A2; wv) AppleWebKit/537.36 (KHTML, like Gecko) Version/4.0 Chrome/143.0.7499.34 Mobile Safari/537.36', '103.134.226.219', NULL, NULL, NULL, NULL, NULL),
	('16474eda-d931-4133-a12a-f84587d8efe6', 'fedecd44-aba5-4336-8e12-57eb0dc4b40f', '2026-01-05 11:34:48.896598+00', '2026-01-05 11:34:48.896598+00', NULL, 'aal1', NULL, NULL, 'Mozilla/5.0 (Linux; Android 16; POCO M2 Pro Build/BP2A.250605.031.A2; wv) AppleWebKit/537.36 (KHTML, like Gecko) Version/4.0 Chrome/143.0.7499.34 Mobile Safari/537.36', '103.134.226.219', NULL, NULL, NULL, NULL, NULL),
	('70b14de6-60f0-412c-bf35-42e9e78640c6', 'c0dab19d-1f8b-4554-876d-fb8b5d8837ef', '2026-01-05 11:42:45.202223+00', '2026-01-05 11:42:45.202223+00', NULL, 'aal1', NULL, NULL, 'Mozilla/5.0 (Linux; Android 16; POCO M2 Pro Build/BP2A.250605.031.A2; wv) AppleWebKit/537.36 (KHTML, like Gecko) Version/4.0 Chrome/143.0.7499.34 Mobile Safari/537.36', '103.134.226.203', NULL, NULL, NULL, NULL, NULL),
	('acc447d7-dbc2-4b01-9ab2-29c45d3b119a', '7539f980-07b4-41fd-a24a-84784e714a13', '2026-01-05 11:59:42.729393+00', '2026-01-06 15:28:30.644163+00', NULL, 'aal1', NULL, '2026-01-06 15:28:30.644063', 'Mozilla/5.0 (Linux; Android 16; POCO M2 Pro Build/BP2A.250605.031.A2; wv) AppleWebKit/537.36 (KHTML, like Gecko) Version/4.0 Chrome/143.0.7499.146 Mobile Safari/537.36', '103.134.226.219', NULL, NULL, NULL, NULL, NULL),
	('efeab6e5-3587-4d26-b878-cfdf36c00333', '8cb2798e-f2ca-4729-9764-c5e2ee38f0d2', '2026-01-05 13:09:11.023956+00', '2026-01-05 13:12:33.51455+00', NULL, 'aal1', NULL, '2026-01-05 13:12:33.514435', 'Mozilla/5.0 (Windows NT 10.0; Win64; x64) AppleWebKit/537.36 (KHTML, like Gecko) Chrome/143.0.0.0 Safari/537.36', '103.134.226.219', NULL, NULL, NULL, NULL, NULL),
	('602c310c-f885-4316-a249-8fee2f0cb628', '8cb2798e-f2ca-4729-9764-c5e2ee38f0d2', '2026-01-05 12:04:08.625406+00', '2026-01-05 12:04:08.625406+00', NULL, 'aal1', NULL, NULL, 'Mozilla/5.0 (Windows NT 10.0; Win64; x64) AppleWebKit/537.36 (KHTML, like Gecko) Chrome/143.0.0.0 Safari/537.36', '103.134.226.219', NULL, NULL, NULL, NULL, NULL),
	('80bffc43-5f72-43f3-a322-55736654c414', 'c81efd02-27ed-48d7-9d8a-917bed2faf52', '2026-01-05 12:04:45.646942+00', '2026-01-05 12:04:45.646942+00', NULL, 'aal1', NULL, NULL, 'Mozilla/5.0 (Windows NT 10.0; Win64; x64) AppleWebKit/537.36 (KHTML, like Gecko) Chrome/143.0.0.0 Safari/537.36', '103.134.226.219', NULL, NULL, NULL, NULL, NULL),
	('338d47ae-ed8b-4d2a-a64b-c69b1617d91c', '8cb2798e-f2ca-4729-9764-c5e2ee38f0d2', '2026-01-05 15:28:58.285002+00', '2026-01-05 15:35:16.062943+00', NULL, 'aal1', NULL, '2026-01-05 15:35:16.062834', 'Mozilla/5.0 (Linux; Android 13; Pixel 7) AppleWebKit/537.36 (KHTML, like Gecko) Chrome/143.0.0.0 Mobile Safari/537.36', '103.134.226.219', NULL, NULL, NULL, NULL, NULL),
	('bf2537e0-85cc-424b-9607-6b4026856f3f', '63db9f94-6c5b-48db-841c-68b60f037f4a', '2026-01-05 15:57:07.859276+00', '2026-01-05 15:57:07.859276+00', NULL, 'aal1', NULL, NULL, 'Mozilla/5.0 (Windows NT 10.0; Win64; x64) AppleWebKit/537.36 (KHTML, like Gecko) Chrome/143.0.0.0 Safari/537.36', '103.134.226.219', NULL, NULL, NULL, NULL, NULL),
	('75c514f1-09f9-444c-b740-daa9963d77fa', '6fd095ca-826a-486b-897e-d51318a2e2e0', '2026-01-07 17:05:45.872884+00', '2026-01-07 17:05:45.872884+00', NULL, 'aal1', NULL, NULL, 'Mozilla/5.0 (Windows NT 10.0; Win64; x64) AppleWebKit/537.36  (KHTML, like Gecko) Chrome/85.0.4183.102 Safari/537.36', '103.134.226.248', NULL, NULL, NULL, NULL, NULL),
	('99682eb6-c23e-429e-a196-09e8e8523c07', '63db9f94-6c5b-48db-841c-68b60f037f4a', '2026-01-05 17:01:37.591133+00', '2026-01-05 17:02:27.724968+00', NULL, 'aal1', NULL, '2026-01-05 17:02:27.724874', 'Mozilla/5.0 (Windows NT 10.0; Win64; x64) AppleWebKit/537.36 (KHTML, like Gecko) Chrome/143.0.0.0 Safari/537.36', '103.134.226.219', NULL, NULL, NULL, NULL, NULL),
	('06ae519f-07c2-4d74-9a02-8709fe44c455', '6fd095ca-826a-486b-897e-d51318a2e2e0', '2026-01-07 17:05:46.539596+00', '2026-01-07 17:05:46.539596+00', NULL, 'aal1', NULL, NULL, 'Mozilla/5.0 (Windows NT 10.0; Win64; x64) AppleWebKit/537.36  (KHTML, like Gecko) Chrome/85.0.4183.102 Safari/537.36', '103.134.226.248', NULL, NULL, NULL, NULL, NULL),
	('6597806d-d028-4b2f-b87c-8f90a9ac11d2', '63db9f94-6c5b-48db-841c-68b60f037f4a', '2026-01-06 06:07:56.859976+00', '2026-01-06 06:08:40.472737+00', NULL, 'aal1', NULL, '2026-01-06 06:08:40.472646', 'Mozilla/5.0 (Windows NT 10.0; Win64; x64) AppleWebKit/537.36 (KHTML, like Gecko) Chrome/143.0.0.0 Safari/537.36', '103.134.226.203', NULL, NULL, NULL, NULL, NULL),
	('aaf1bc78-0c39-4ff5-b865-93a746561f46', '6fd095ca-826a-486b-897e-d51318a2e2e0', '2026-01-07 17:05:47.359842+00', '2026-01-07 17:05:47.359842+00', NULL, 'aal1', NULL, NULL, 'Mozilla/5.0 (Windows NT 10.0; Win64; x64) AppleWebKit/537.36  (KHTML, like Gecko) Chrome/85.0.4183.102 Safari/537.36', '103.134.226.248', NULL, NULL, NULL, NULL, NULL),
	('b5f971af-3d78-4da5-af11-1081695e5dc4', 'f77c3d81-dba0-495f-b0fa-a76de051d52c', '2026-01-07 19:23:34.276741+00', '2026-01-08 15:57:58.825605+00', NULL, 'aal1', NULL, '2026-01-08 15:57:58.825499', 'Mozilla/5.0 (Linux; Android 16; POCO M2 Pro Build/BP2A.250605.031.A2; wv) AppleWebKit/537.36 (KHTML, like Gecko) Version/4.0 Chrome/143.0.7499.146 Mobile Safari/537.36', '103.134.226.248', NULL, NULL, NULL, NULL, NULL),
	('6a12d6f6-ca19-4350-9abe-999a57da729a', '6fd095ca-826a-486b-897e-d51318a2e2e0', '2026-01-07 17:05:49.457307+00', '2026-01-07 17:05:49.457307+00', NULL, 'aal1', NULL, NULL, 'Mozilla/5.0 (Windows NT 10.0; Win64; x64) AppleWebKit/537.36  (KHTML, like Gecko) Chrome/85.0.4183.102 Safari/537.36', '103.134.226.248', NULL, NULL, NULL, NULL, NULL),
	('f84356f7-6288-4e40-a3c5-6e8de2c1d88c', '6fd095ca-826a-486b-897e-d51318a2e2e0', '2026-01-07 17:05:52.85259+00', '2026-01-07 17:05:52.85259+00', NULL, 'aal1', NULL, NULL, 'Mozilla/5.0 (Windows NT 10.0; Win64; x64) AppleWebKit/537.36  (KHTML, like Gecko) Chrome/85.0.4183.102 Safari/537.36', '103.134.226.248', NULL, NULL, NULL, NULL, NULL),
	('8bb065bd-3109-4d0c-b089-a2b51c5f8605', '6fd095ca-826a-486b-897e-d51318a2e2e0', '2026-01-07 17:05:35.745666+00', '2026-01-07 17:05:35.745666+00', NULL, 'aal1', NULL, NULL, 'Mozilla/5.0 (Windows NT 10.0; Win64; x64) AppleWebKit/537.36  (KHTML, like Gecko) Chrome/85.0.4183.102 Safari/537.36', '103.134.226.248', NULL, NULL, NULL, NULL, NULL),
	('797bf3dc-c754-4260-91e8-1716e470297c', '6fd095ca-826a-486b-897e-d51318a2e2e0', '2026-01-07 17:05:36.263203+00', '2026-01-07 17:05:36.263203+00', NULL, 'aal1', NULL, NULL, 'Mozilla/5.0 (Windows NT 10.0; Win64; x64) AppleWebKit/537.36  (KHTML, like Gecko) Chrome/85.0.4183.102 Safari/537.36', '103.134.226.248', NULL, NULL, NULL, NULL, NULL),
	('590fe586-d954-4f47-975f-769d89d8edcc', '6fd095ca-826a-486b-897e-d51318a2e2e0', '2026-01-07 17:05:37.476877+00', '2026-01-07 17:05:37.476877+00', NULL, 'aal1', NULL, NULL, 'Mozilla/5.0 (Windows NT 10.0; Win64; x64) AppleWebKit/537.36  (KHTML, like Gecko) Chrome/85.0.4183.102 Safari/537.36', '103.134.226.248', NULL, NULL, NULL, NULL, NULL),
	('811576a2-8052-4d87-8ac8-b4f2d5212300', '6fd095ca-826a-486b-897e-d51318a2e2e0', '2026-01-07 17:05:53.997184+00', '2026-01-07 17:05:53.997184+00', NULL, 'aal1', NULL, NULL, 'Mozilla/5.0 (Windows NT 10.0; Win64; x64) AppleWebKit/537.36  (KHTML, like Gecko) Chrome/85.0.4183.102 Safari/537.36', '103.134.226.248', NULL, NULL, NULL, NULL, NULL),
	('e4792a11-15b4-4d86-833e-aafbb93ccd4a', '6fd095ca-826a-486b-897e-d51318a2e2e0', '2026-01-07 17:05:54.883685+00', '2026-01-07 17:05:54.883685+00', NULL, 'aal1', NULL, NULL, 'Mozilla/5.0 (Windows NT 10.0; Win64; x64) AppleWebKit/537.36  (KHTML, like Gecko) Chrome/85.0.4183.102 Safari/537.36', '103.134.226.248', NULL, NULL, NULL, NULL, NULL),
	('fd47c1c2-c46a-43bd-b02f-2ac5b074158f', '6fd095ca-826a-486b-897e-d51318a2e2e0', '2026-01-07 17:05:54.921483+00', '2026-01-07 17:05:54.921483+00', NULL, 'aal1', NULL, NULL, 'Mozilla/5.0 (Windows NT 10.0; Win64; x64) AppleWebKit/537.36  (KHTML, like Gecko) Chrome/85.0.4183.102 Safari/537.36', '103.134.226.248', NULL, NULL, NULL, NULL, NULL),
	('ee11531b-c202-416b-a45e-2b7a8a65b6a1', '6fd095ca-826a-486b-897e-d51318a2e2e0', '2026-01-07 17:05:56.135966+00', '2026-01-07 17:05:56.135966+00', NULL, 'aal1', NULL, NULL, 'Mozilla/5.0 (Windows NT 10.0; Win64; x64) AppleWebKit/537.36  (KHTML, like Gecko) Chrome/85.0.4183.102 Safari/537.36', '103.134.226.248', NULL, NULL, NULL, NULL, NULL),
	('f22d7e9d-247f-414e-9693-af9a8a3bc0cc', '6fd095ca-826a-486b-897e-d51318a2e2e0', '2026-01-07 17:05:58.632174+00', '2026-01-07 17:05:58.632174+00', NULL, 'aal1', NULL, NULL, 'Mozilla/5.0 (Windows NT 10.0; Win64; x64) AppleWebKit/537.36  (KHTML, like Gecko) Chrome/85.0.4183.102 Safari/537.36', '103.134.226.248', NULL, NULL, NULL, NULL, NULL),
	('aa29bb65-5bb8-46d5-857b-e1c4ee068425', '6fd095ca-826a-486b-897e-d51318a2e2e0', '2026-01-07 17:06:03.925968+00', '2026-01-07 17:06:03.925968+00', NULL, 'aal1', NULL, NULL, 'Mozilla/5.0 (Windows NT 10.0; Win64; x64) AppleWebKit/537.36  (KHTML, like Gecko) Chrome/85.0.4183.102 Safari/537.36', '103.134.226.248', NULL, NULL, NULL, NULL, NULL),
	('b1041eaa-9dd5-4e61-98eb-068a962ea356', '6fd095ca-826a-486b-897e-d51318a2e2e0', '2026-01-07 17:10:47.338293+00', '2026-01-07 17:10:47.338293+00', NULL, 'aal1', NULL, NULL, 'Mozilla/5.0 (Windows NT 10.0; Win64; x64) AppleWebKit/537.36  (KHTML, like Gecko) Chrome/85.0.4183.102 Safari/537.36', '103.134.226.248', NULL, NULL, NULL, NULL, NULL),
	('b81a8e5e-13fa-4d21-bf6a-690b622c2455', '441ad560-e9db-4f5f-97b2-1c32ee1c4e4d', '2026-01-06 16:57:25.606007+00', '2026-01-07 19:22:28.062751+00', NULL, 'aal1', NULL, '2026-01-07 19:22:28.062109', 'Mozilla/5.0 (Linux; Android 16; POCO M2 Pro Build/BP2A.250605.031.A2; wv) AppleWebKit/537.36 (KHTML, like Gecko) Version/4.0 Chrome/143.0.7499.146 Mobile Safari/537.36', '103.134.226.248', NULL, NULL, NULL, NULL, NULL),
	('57d70682-fe80-4c39-b14d-1b3b4fc5afdd', 'e271fef5-f353-4008-9336-3909c970affc', '2026-01-11 12:23:24.257284+00', '2026-01-11 19:46:31.850732+00', NULL, 'aal1', NULL, '2026-01-11 19:46:31.850602', 'Mozilla/5.0 (Linux; Android 10; K) AppleWebKit/537.36 (KHTML, like Gecko) Chrome/143.0.0.0 Mobile Safari/537.36', '103.134.226.217', NULL, NULL, NULL, NULL, NULL),
	('68923606-c17d-418c-9694-a04f065c23cb', '08243edc-7b1c-4730-b271-e94a388d2396', '2026-01-08 14:45:16.497526+00', '2026-01-09 04:24:56.807499+00', NULL, 'aal1', NULL, '2026-01-09 04:24:56.80738', 'Mozilla/5.0 (Windows NT 10.0; Win64; x64) AppleWebKit/537.36 (KHTML, like Gecko) Chrome/143.0.0.0 Safari/537.36 Edg/143.0.0.0', '103.134.226.239', NULL, NULL, NULL, NULL, NULL),
	('740de957-946d-4988-8d5d-6b5a371d65d7', '28b1b99c-90d3-4009-be95-6da09aa685f1', '2026-01-12 08:45:05.756644+00', '2026-01-12 08:45:05.756644+00', NULL, 'aal1', NULL, NULL, 'Mozilla/5.0 (Windows NT 10.0; Win64; x64) AppleWebKit/537.36 (KHTML, like Gecko) Chrome/143.0.0.0 Safari/537.36', '103.134.226.217', NULL, NULL, NULL, NULL, NULL),
	('277c43d9-73cc-43aa-b1bf-1ca73254ea75', 'e271fef5-f353-4008-9336-3909c970affc', '2026-01-13 08:01:43.64071+00', '2026-01-13 08:01:43.64071+00', NULL, 'aal1', NULL, NULL, 'Mozilla/5.0 (Windows NT 10.0; Win64; x64) AppleWebKit/537.36 (KHTML, like Gecko) HeadlessChrome/143.0.7499.4 Safari/537.36', '103.134.226.217', NULL, NULL, NULL, NULL, NULL),
	('85e0a5b7-e55d-4d6c-a45b-315a210113e0', 'e271fef5-f353-4008-9336-3909c970affc', '2026-01-13 08:04:05.588017+00', '2026-01-13 08:04:05.588017+00', NULL, 'aal1', NULL, NULL, 'Mozilla/5.0 (Windows NT 10.0; Win64; x64) AppleWebKit/537.36 (KHTML, like Gecko) HeadlessChrome/143.0.7499.4 Safari/537.36', '103.134.226.217', NULL, NULL, NULL, NULL, NULL),
	('7d587d3b-d508-49e1-a378-4c2434485b11', 'e271fef5-f353-4008-9336-3909c970affc', '2026-01-13 08:16:20.535837+00', '2026-01-13 08:16:20.535837+00', NULL, 'aal1', NULL, NULL, 'Mozilla/5.0 (Windows NT 10.0; Win64; x64) AppleWebKit/537.36 (KHTML, like Gecko) HeadlessChrome/143.0.7499.4 Safari/537.36', '103.134.226.230', NULL, NULL, NULL, NULL, NULL),
	('8bfc2900-c83b-462f-b0c1-e3cdcb05a7a3', '503b37c3-a602-4bfa-b4df-139ddd16885a', '2026-01-08 15:59:12.915176+00', '2026-01-13 09:09:10.535469+00', NULL, 'aal1', NULL, '2026-01-13 09:09:10.535361', 'Mozilla/5.0 (Linux; Android 16; POCO M2 Pro Build/BP2A.250605.031.A2; wv) AppleWebKit/537.36 (KHTML, like Gecko) Version/4.0 Chrome/143.0.7499.192 Mobile Safari/537.36', '103.134.226.217', NULL, NULL, NULL, NULL, NULL),
	('8c3b23af-3d2f-4327-88e0-1c03d6586adc', 'c3ffc27b-0a8a-47da-9ef9-38ad2aecb034', '2026-01-08 14:45:54.479859+00', '2026-01-08 14:45:54.479859+00', NULL, 'aal1', NULL, NULL, 'Mozilla/5.0 (Windows NT 10.0; Win64; x64) AppleWebKit/537.36 (KHTML, like Gecko) Chrome/143.0.0.0 Safari/537.36 Edg/143.0.0.0', '103.134.226.239', NULL, NULL, NULL, NULL, NULL),
	('0e17730c-ad19-4964-85be-d2a047482755', '63db9f94-6c5b-48db-841c-68b60f037f4a', '2026-01-09 12:48:50.789161+00', '2026-01-09 14:37:27.302378+00', NULL, 'aal1', NULL, '2026-01-09 14:37:27.302277', 'Mozilla/5.0 (Windows NT 10.0; Win64; x64) AppleWebKit/537.36 (KHTML, like Gecko) Chrome/143.0.0.0 Safari/537.36', '103.134.226.248', NULL, NULL, NULL, NULL, NULL),
	('68e2dc4f-936d-4398-b1fe-c13bff277879', '537008dd-12a4-485b-b3d2-3feff5936d7e', '2026-01-08 06:06:03.066169+00', '2026-01-09 17:12:36.802789+00', NULL, 'aal1', NULL, '2026-01-09 17:12:36.80266', 'Mozilla/5.0 (Windows NT 10.0; Win64; x64) AppleWebKit/537.36 (KHTML, like Gecko) Chrome/143.0.0.0 Safari/537.36', '103.134.226.239', NULL, NULL, NULL, NULL, NULL),
	('1409ec77-4fa5-49d0-ae7a-925828bccd11', '6fd095ca-826a-486b-897e-d51318a2e2e0', '2026-01-08 07:29:26.536829+00', '2026-01-09 17:20:57.387847+00', NULL, 'aal1', NULL, '2026-01-09 17:20:57.387731', 'Mozilla/5.0 (Windows NT 10.0; Win64; x64) AppleWebKit/537.36 (KHTML, like Gecko) Chrome/143.0.0.0 Safari/537.36', '103.134.226.248', NULL, NULL, NULL, NULL, NULL),
	('8fa164fc-9de9-4c90-9fc3-17062df209f4', '56d4f21b-a615-4227-aaf5-c15f608fe104', '2026-01-08 08:31:07.017303+00', '2026-01-09 17:23:19.593255+00', NULL, 'aal1', NULL, '2026-01-09 17:23:19.592587', 'Mozilla/5.0 (Linux; Android 12; 22041219C Build/SP1A.210812.016; wv) AppleWebKit/537.36 (KHTML, like Gecko) Version/4.0 Chrome/143.0.7499.34 Mobile Safari/537.36', '103.31.154.226', NULL, NULL, NULL, NULL, NULL),
	('41014958-3096-4086-816f-f6c9eeec6526', '63db9f94-6c5b-48db-841c-68b60f037f4a', '2026-01-08 12:13:41.45911+00', '2026-01-11 14:56:54.539202+00', NULL, 'aal1', NULL, '2026-01-11 14:56:54.539093', 'Mozilla/5.0 (Windows NT 10.0; Win64; x64) AppleWebKit/537.36 (KHTML, like Gecko) Chrome/143.0.0.0 Safari/537.36', '103.134.226.217', NULL, NULL, NULL, NULL, NULL);


--
-- Data for Name: mfa_amr_claims; Type: TABLE DATA; Schema: auth; Owner: supabase_auth_admin
--

INSERT INTO "auth"."mfa_amr_claims" ("session_id", "created_at", "updated_at", "authentication_method", "id") VALUES
	('c43e36ac-274f-4608-ac7b-db47233ff5ad', '2026-01-05 09:43:20.384097+00', '2026-01-05 09:43:20.384097+00', 'password', 'ebc25fd5-f7e0-4e69-928d-d3cb84cf03d6'),
	('d72624f2-3c17-49f8-b441-34f1b0f36068', '2026-01-05 09:53:55.397909+00', '2026-01-05 09:53:55.397909+00', 'password', '5eb6fab5-5687-48da-ae66-a59b558c6866'),
	('06cef83f-9b7f-4fce-a2dd-a992f0ed6202', '2026-01-05 10:46:52.64719+00', '2026-01-05 10:46:52.64719+00', 'password', 'aa4c2473-2205-48ee-aa5e-f95dfb817e26'),
	('ccf68812-8f8d-4bab-a85c-383efc22e2ad', '2026-01-05 11:02:02.524994+00', '2026-01-05 11:02:02.524994+00', 'password', '949ce37b-dae7-468d-819f-3b19da8c412c'),
	('d141284b-bbb4-49ed-834c-4c21b403c9d9', '2026-01-05 11:21:00.090639+00', '2026-01-05 11:21:00.090639+00', 'password', '88f4f403-c0f7-4529-88f5-5b6c755aea7a'),
	('16474eda-d931-4133-a12a-f84587d8efe6', '2026-01-05 11:34:48.914178+00', '2026-01-05 11:34:48.914178+00', 'password', '08faef1b-228c-4e0c-ac10-7d5ef0f209ed'),
	('70b14de6-60f0-412c-bf35-42e9e78640c6', '2026-01-05 11:42:45.236947+00', '2026-01-05 11:42:45.236947+00', 'password', '1f5a45f3-6bff-4618-b320-3ebfae9d31af'),
	('acc447d7-dbc2-4b01-9ab2-29c45d3b119a', '2026-01-05 11:59:42.73297+00', '2026-01-05 11:59:42.73297+00', 'password', '1c3ec580-7ac3-4763-a0e7-486e5fe58dfb'),
	('602c310c-f885-4316-a249-8fee2f0cb628', '2026-01-05 12:04:08.628876+00', '2026-01-05 12:04:08.628876+00', 'password', 'a6090a15-63e3-4489-85b0-a9f29f08f9ec'),
	('80bffc43-5f72-43f3-a322-55736654c414', '2026-01-05 12:04:45.65079+00', '2026-01-05 12:04:45.65079+00', 'password', '390fd259-7979-4ee9-8104-a8bf5c8f6f22'),
	('efeab6e5-3587-4d26-b878-cfdf36c00333', '2026-01-05 13:09:11.072454+00', '2026-01-05 13:09:11.072454+00', 'password', '20439e06-3a3f-4ff6-8be0-cea2ef3941e2'),
	('338d47ae-ed8b-4d2a-a64b-c69b1617d91c', '2026-01-05 15:28:58.356552+00', '2026-01-05 15:28:58.356552+00', 'password', '6c7a1298-bfad-47df-bdd2-cf6ae691ef2f'),
	('bf2537e0-85cc-424b-9607-6b4026856f3f', '2026-01-05 15:57:07.884094+00', '2026-01-05 15:57:07.884094+00', 'password', '51723c85-6a47-4903-9717-691b34ce642b'),
	('99682eb6-c23e-429e-a196-09e8e8523c07', '2026-01-05 17:01:37.690965+00', '2026-01-05 17:01:37.690965+00', 'password', 'ca445b4f-3644-46ba-b8ac-591f3959f3c5'),
	('6597806d-d028-4b2f-b87c-8f90a9ac11d2', '2026-01-06 06:07:56.898855+00', '2026-01-06 06:07:56.898855+00', 'password', '3c0ead8d-f3c5-40ac-8789-dfdfd09c46b1'),
	('b81a8e5e-13fa-4d21-bf6a-690b622c2455', '2026-01-06 16:57:25.64386+00', '2026-01-06 16:57:25.64386+00', 'password', '0f04e652-3252-465f-95fb-4b7ee277fa8b'),
	('8bb065bd-3109-4d0c-b089-a2b51c5f8605', '2026-01-07 17:05:35.802593+00', '2026-01-07 17:05:35.802593+00', 'password', '98be64e4-4e28-4d09-a782-4a4231727c04'),
	('797bf3dc-c754-4260-91e8-1716e470297c', '2026-01-07 17:05:36.265455+00', '2026-01-07 17:05:36.265455+00', 'password', '0208d5e8-8357-497a-9e54-88734ddcb85d'),
	('590fe586-d954-4f47-975f-769d89d8edcc', '2026-01-07 17:05:37.484431+00', '2026-01-07 17:05:37.484431+00', 'password', 'ef317bdc-de03-4e5d-a3b1-bd6383c0de92'),
	('75c514f1-09f9-444c-b740-daa9963d77fa', '2026-01-07 17:05:45.875926+00', '2026-01-07 17:05:45.875926+00', 'password', 'bfd8a327-debf-44f9-bb8d-328f07b7a545'),
	('06ae519f-07c2-4d74-9a02-8709fe44c455', '2026-01-07 17:05:46.544133+00', '2026-01-07 17:05:46.544133+00', 'password', 'b5e8aa94-7355-45ba-b19e-c01b52ddf2e5'),
	('aaf1bc78-0c39-4ff5-b865-93a746561f46', '2026-01-07 17:05:47.362506+00', '2026-01-07 17:05:47.362506+00', 'password', 'f24592eb-be53-4b2f-b83d-3f2e71488221'),
	('6a12d6f6-ca19-4350-9abe-999a57da729a', '2026-01-07 17:05:49.461077+00', '2026-01-07 17:05:49.461077+00', 'password', '56e3865d-ec90-4a88-b7c7-55ae001338e5'),
	('f84356f7-6288-4e40-a3c5-6e8de2c1d88c', '2026-01-07 17:05:52.86504+00', '2026-01-07 17:05:52.86504+00', 'password', '76caf47d-4715-4d88-8e0c-b1e5309f8f38'),
	('811576a2-8052-4d87-8ac8-b4f2d5212300', '2026-01-07 17:05:54.000375+00', '2026-01-07 17:05:54.000375+00', 'password', '4329231b-44bf-4bbd-a6af-603f6b5d4239'),
	('e4792a11-15b4-4d86-833e-aafbb93ccd4a', '2026-01-07 17:05:54.88833+00', '2026-01-07 17:05:54.88833+00', 'password', '776d659a-f238-4366-818c-15fd52bbf619'),
	('fd47c1c2-c46a-43bd-b02f-2ac5b074158f', '2026-01-07 17:05:54.924108+00', '2026-01-07 17:05:54.924108+00', 'password', '7e5b878e-32b8-49b1-9f79-a7445f3a3151'),
	('ee11531b-c202-416b-a45e-2b7a8a65b6a1', '2026-01-07 17:05:56.13799+00', '2026-01-07 17:05:56.13799+00', 'password', 'fa2624ce-1d89-4293-bca3-07ba5b2a2db6'),
	('f22d7e9d-247f-414e-9693-af9a8a3bc0cc', '2026-01-07 17:05:58.634656+00', '2026-01-07 17:05:58.634656+00', 'password', '38938e29-6c51-4a52-b147-980a22df5726'),
	('aa29bb65-5bb8-46d5-857b-e1c4ee068425', '2026-01-07 17:06:03.93102+00', '2026-01-07 17:06:03.93102+00', 'password', '404010ca-4664-477f-a165-35107b544cc3'),
	('b1041eaa-9dd5-4e61-98eb-068a962ea356', '2026-01-07 17:10:47.342781+00', '2026-01-07 17:10:47.342781+00', 'password', '60f837fb-29aa-47e9-a23b-46850fa19414'),
	('b5f971af-3d78-4da5-af11-1081695e5dc4', '2026-01-07 19:23:34.289328+00', '2026-01-07 19:23:34.289328+00', 'password', '2e52564d-6943-461c-91b8-dab782781131'),
	('68e2dc4f-936d-4398-b1fe-c13bff277879', '2026-01-08 06:06:03.069482+00', '2026-01-08 06:06:03.069482+00', 'password', '50070546-418b-4fc6-86d9-5af5f376c8e2'),
	('1409ec77-4fa5-49d0-ae7a-925828bccd11', '2026-01-08 07:29:26.55907+00', '2026-01-08 07:29:26.55907+00', 'password', '091cd580-0675-4915-a440-7308a0cdd032'),
	('8fa164fc-9de9-4c90-9fc3-17062df209f4', '2026-01-08 08:31:07.027523+00', '2026-01-08 08:31:07.027523+00', 'password', '383cd1ac-b40a-43dc-bb0d-7b75ddb9af0f'),
	('41014958-3096-4086-816f-f6c9eeec6526', '2026-01-08 12:13:41.466792+00', '2026-01-08 12:13:41.466792+00', 'password', '34bead6c-8ce2-4a92-9f49-109714833f7f'),
	('68923606-c17d-418c-9694-a04f065c23cb', '2026-01-08 14:45:16.505197+00', '2026-01-08 14:45:16.505197+00', 'password', '8cea34b0-b050-4ff1-bd0f-c2343dfa39ee'),
	('8c3b23af-3d2f-4327-88e0-1c03d6586adc', '2026-01-08 14:45:54.482242+00', '2026-01-08 14:45:54.482242+00', 'password', 'dcc0e540-69e2-49fc-bb86-65dea16941af'),
	('8bfc2900-c83b-462f-b0c1-e3cdcb05a7a3', '2026-01-08 15:59:12.931702+00', '2026-01-08 15:59:12.931702+00', 'password', '1ff9a3d4-eff8-4a96-b85f-f4af58c10c0e'),
	('0e17730c-ad19-4964-85be-d2a047482755', '2026-01-09 12:48:50.798825+00', '2026-01-09 12:48:50.798825+00', 'password', '89f503ba-83d9-4da5-be52-8edf5f2ccf84'),
	('57d70682-fe80-4c39-b14d-1b3b4fc5afdd', '2026-01-11 12:23:24.304276+00', '2026-01-11 12:23:24.304276+00', 'password', '94704518-743c-4372-8f7e-9282e5f69bea'),
	('740de957-946d-4988-8d5d-6b5a371d65d7', '2026-01-12 08:45:05.773713+00', '2026-01-12 08:45:05.773713+00', 'password', '8ccabb72-d77f-4500-9523-a2520ccd9a9f'),
	('277c43d9-73cc-43aa-b1bf-1ca73254ea75', '2026-01-13 08:01:43.734691+00', '2026-01-13 08:01:43.734691+00', 'password', 'a5d04aac-6bc0-4049-8222-469d9eaf9e3b'),
	('85e0a5b7-e55d-4d6c-a45b-315a210113e0', '2026-01-13 08:04:05.596076+00', '2026-01-13 08:04:05.596076+00', 'password', 'c3e9a1bb-a60a-4013-a340-ca0b43fe7491'),
	('7d587d3b-d508-49e1-a378-4c2434485b11', '2026-01-13 08:16:20.58721+00', '2026-01-13 08:16:20.58721+00', 'password', 'bccd4281-bc0d-4507-84af-e1e03b635741');


--
-- Data for Name: mfa_factors; Type: TABLE DATA; Schema: auth; Owner: supabase_auth_admin
--



--
-- Data for Name: mfa_challenges; Type: TABLE DATA; Schema: auth; Owner: supabase_auth_admin
--



--
-- Data for Name: oauth_authorizations; Type: TABLE DATA; Schema: auth; Owner: supabase_auth_admin
--



--
-- Data for Name: oauth_client_states; Type: TABLE DATA; Schema: auth; Owner: supabase_auth_admin
--



--
-- Data for Name: oauth_consents; Type: TABLE DATA; Schema: auth; Owner: supabase_auth_admin
--



--
-- Data for Name: one_time_tokens; Type: TABLE DATA; Schema: auth; Owner: supabase_auth_admin
--

INSERT INTO "auth"."one_time_tokens" ("id", "user_id", "token_type", "token_hash", "relates_to", "created_at", "updated_at") VALUES
	('12e42a82-a0c4-4e9e-90e4-2a3f99148481', '6160b096-ba1e-4a98-bca1-85c2d99391f8', 'confirmation_token', 'pkce_7377405a252b99dee79e3e41040bd35325513fbe7ad41cad2104902a', 'jhgugu@diu.edu.bd', '2026-01-05 08:59:14.248689', '2026-01-05 08:59:14.248689'),
	('0fb3c997-0666-4d57-af1a-08015798b6ee', '6b19133a-e3d9-44d3-86b3-165aaad09968', 'confirmation_token', 'pkce_be099344de13e16980e673f28093055973638217f2c1ab85becdd415', 'jhghhgh@diu.edu.bd', '2026-01-05 09:04:52.930179', '2026-01-05 09:04:52.930179'),
	('2d7df2c2-ca8c-4912-9236-18b790107d5e', '6fd095ca-826a-486b-897e-d51318a2e2e0', 'recovery_token', 'pkce_310f5ec55b5fb7b233be38aca6662b40ebaffc05b66f53ab9ee7cbec', 'guser2@diu.edu.bd', '2026-01-07 17:06:04.235133', '2026-01-07 17:06:04.235133');


--
-- Data for Name: refresh_tokens; Type: TABLE DATA; Schema: auth; Owner: supabase_auth_admin
--

INSERT INTO "auth"."refresh_tokens" ("instance_id", "id", "token", "user_id", "revoked", "created_at", "updated_at", "parent", "session_id") VALUES
	('00000000-0000-0000-0000-000000000000', 190, '3jboavpbvajg', '503b37c3-a602-4bfa-b4df-139ddd16885a', true, '2026-01-11 07:48:53.320539+00', '2026-01-11 08:54:04.517396+00', 'iznmhcnkp4cs', '8bfc2900-c83b-462f-b0c1-e3cdcb05a7a3'),
	('00000000-0000-0000-0000-000000000000', 65, 'uuab2ippptav', '441ad560-e9db-4f5f-97b2-1c32ee1c4e4d', true, '2026-01-06 16:57:25.626665+00', '2026-01-06 18:11:14.655138+00', NULL, 'b81a8e5e-13fa-4d21-bf6a-690b622c2455'),
	('00000000-0000-0000-0000-000000000000', 8, '2teue6dyspgj', '63db9f94-6c5b-48db-841c-68b60f037f4a', false, '2026-01-05 09:43:20.382877+00', '2026-01-05 09:43:20.382877+00', NULL, 'c43e36ac-274f-4608-ac7b-db47233ff5ad'),
	('00000000-0000-0000-0000-000000000000', 9, '6euo5a2npupb', '61c67875-4251-439a-8aeb-71fa735ec96c', false, '2026-01-05 09:53:55.374588+00', '2026-01-05 09:53:55.374588+00', NULL, 'd72624f2-3c17-49f8-b441-34f1b0f36068'),
	('00000000-0000-0000-0000-000000000000', 10, 'bucdcpm5gz6o', '63db9f94-6c5b-48db-841c-68b60f037f4a', true, '2026-01-05 10:46:52.613822+00', '2026-01-05 10:49:54.004443+00', NULL, '06cef83f-9b7f-4fce-a2dd-a992f0ed6202'),
	('00000000-0000-0000-0000-000000000000', 66, 'ipntdaeugrh7', '441ad560-e9db-4f5f-97b2-1c32ee1c4e4d', true, '2026-01-06 18:11:14.681662+00', '2026-01-07 07:22:12.017887+00', 'uuab2ippptav', 'b81a8e5e-13fa-4d21-bf6a-690b622c2455'),
	('00000000-0000-0000-0000-000000000000', 11, 'bqzhhlykr6yf', '63db9f94-6c5b-48db-841c-68b60f037f4a', true, '2026-01-05 10:49:54.00589+00', '2026-01-05 10:50:49.668494+00', 'bucdcpm5gz6o', '06cef83f-9b7f-4fce-a2dd-a992f0ed6202'),
	('00000000-0000-0000-0000-000000000000', 132, 'gwjh7wkgx3g6', 'f77c3d81-dba0-495f-b0fa-a76de051d52c', true, '2026-01-08 10:13:23.65942+00', '2026-01-08 13:13:22.73101+00', 'rgeagopgoid3', 'b5f971af-3d78-4da5-af11-1081695e5dc4'),
	('00000000-0000-0000-0000-000000000000', 12, 'sqi3753h7lge', '63db9f94-6c5b-48db-841c-68b60f037f4a', true, '2026-01-05 10:50:49.668897+00', '2026-01-05 10:51:06.047148+00', 'bqzhhlykr6yf', '06cef83f-9b7f-4fce-a2dd-a992f0ed6202'),
	('00000000-0000-0000-0000-000000000000', 13, 'fpa44v3fhkga', '63db9f94-6c5b-48db-841c-68b60f037f4a', false, '2026-01-05 10:51:06.048204+00', '2026-01-05 10:51:06.048204+00', 'sqi3753h7lge', '06cef83f-9b7f-4fce-a2dd-a992f0ed6202'),
	('00000000-0000-0000-0000-000000000000', 153, 'onfhex4n2bx2', 'c3ffc27b-0a8a-47da-9ef9-38ad2aecb034', false, '2026-01-08 14:45:54.480557+00', '2026-01-08 14:45:54.480557+00', NULL, '8c3b23af-3d2f-4327-88e0-1c03d6586adc'),
	('00000000-0000-0000-0000-000000000000', 146, 'wn37mmnm4yxz', 'f77c3d81-dba0-495f-b0fa-a76de051d52c', true, '2026-01-08 13:13:22.731887+00', '2026-01-08 14:52:14.676041+00', 'gwjh7wkgx3g6', 'b5f971af-3d78-4da5-af11-1081695e5dc4'),
	('00000000-0000-0000-0000-000000000000', 19, '6codis2rs5gp', '7b0f0233-2f6c-446d-b40b-d489903090e5', true, '2026-01-05 11:02:02.521192+00', '2026-01-05 11:12:25.173842+00', NULL, 'ccf68812-8f8d-4bab-a85c-383efc22e2ad'),
	('00000000-0000-0000-0000-000000000000', 20, 'jlg4q27ealji', '7b0f0233-2f6c-446d-b40b-d489903090e5', false, '2026-01-05 11:12:25.180769+00', '2026-01-05 11:12:25.180769+00', '6codis2rs5gp', 'ccf68812-8f8d-4bab-a85c-383efc22e2ad'),
	('00000000-0000-0000-0000-000000000000', 21, 'gje553iodkwb', 'aaba5d50-142c-4439-aa6d-84dc6d59b81b', false, '2026-01-05 11:21:00.076747+00', '2026-01-05 11:21:00.076747+00', NULL, 'd141284b-bbb4-49ed-834c-4c21b403c9d9'),
	('00000000-0000-0000-0000-000000000000', 22, 'nsm2dxoecj4f', 'fedecd44-aba5-4336-8e12-57eb0dc4b40f', false, '2026-01-05 11:34:48.906526+00', '2026-01-05 11:34:48.906526+00', NULL, '16474eda-d931-4133-a12a-f84587d8efe6'),
	('00000000-0000-0000-0000-000000000000', 23, 'shs2nkyo37ed', 'c0dab19d-1f8b-4554-876d-fb8b5d8837ef', false, '2026-01-05 11:42:45.224483+00', '2026-01-05 11:42:45.224483+00', NULL, '70b14de6-60f0-412c-bf35-42e9e78640c6'),
	('00000000-0000-0000-0000-000000000000', 158, 'vp5c6stcmn7p', '503b37c3-a602-4bfa-b4df-139ddd16885a', true, '2026-01-08 15:59:12.927934+00', '2026-01-08 17:08:01.902642+00', NULL, '8bfc2900-c83b-462f-b0c1-e3cdcb05a7a3'),
	('00000000-0000-0000-0000-000000000000', 160, 'ec4tuevwqgyy', '503b37c3-a602-4bfa-b4df-139ddd16885a', true, '2026-01-08 17:08:01.924914+00', '2026-01-08 18:38:09.721061+00', 'vp5c6stcmn7p', '8bfc2900-c83b-462f-b0c1-e3cdcb05a7a3'),
	('00000000-0000-0000-0000-000000000000', 152, 'cdhab7bbiin2', '08243edc-7b1c-4730-b271-e94a388d2396', true, '2026-01-08 14:45:16.501353+00', '2026-01-09 04:24:56.772175+00', NULL, '68923606-c17d-418c-9694-a04f065c23cb'),
	('00000000-0000-0000-0000-000000000000', 162, 'sawsv6v7zlw5', '503b37c3-a602-4bfa-b4df-139ddd16885a', true, '2026-01-09 04:16:57.185701+00', '2026-01-09 05:08:22.540063+00', 'ubww6ipar447', '8bfc2900-c83b-462f-b0c1-e3cdcb05a7a3'),
	('00000000-0000-0000-0000-000000000000', 156, 'zxq7pt23f5x7', '537008dd-12a4-485b-b3d2-3feff5936d7e', true, '2026-01-08 15:31:56.534044+00', '2026-01-09 13:38:13.545131+00', 'fn5e3kifxu6u', '68e2dc4f-936d-4398-b1fe-c13bff277879'),
	('00000000-0000-0000-0000-000000000000', 149, 'pg4yhoc4pymb', '6fd095ca-826a-486b-897e-d51318a2e2e0', true, '2026-01-08 14:16:12.73866+00', '2026-01-09 17:20:57.373213+00', 'vzeqrcgr2yum', '1409ec77-4fa5-49d0-ae7a-925828bccd11'),
	('00000000-0000-0000-0000-000000000000', 32, 'rjcesxn7jvrh', '8cb2798e-f2ca-4729-9764-c5e2ee38f0d2', false, '2026-01-05 12:04:08.627625+00', '2026-01-05 12:04:08.627625+00', NULL, '602c310c-f885-4316-a249-8fee2f0cb628'),
	('00000000-0000-0000-0000-000000000000', 33, 'pyqxeefqbw25', 'c81efd02-27ed-48d7-9d8a-917bed2faf52', false, '2026-01-05 12:04:45.649371+00', '2026-01-05 12:04:45.649371+00', NULL, '80bffc43-5f72-43f3-a322-55736654c414'),
	('00000000-0000-0000-0000-000000000000', 24, 'qx6cydehgboh', '7539f980-07b4-41fd-a24a-84784e714a13', true, '2026-01-05 11:59:42.731347+00', '2026-01-05 12:55:44.194288+00', NULL, 'acc447d7-dbc2-4b01-9ab2-29c45d3b119a'),
	('00000000-0000-0000-0000-000000000000', 34, 'a2gfh6g4nrlj', '7539f980-07b4-41fd-a24a-84784e714a13', true, '2026-01-05 12:55:44.201866+00', '2026-01-05 12:55:44.37141+00', 'qx6cydehgboh', 'acc447d7-dbc2-4b01-9ab2-29c45d3b119a'),
	('00000000-0000-0000-0000-000000000000', 35, 'kfoxbfpta6j4', '7539f980-07b4-41fd-a24a-84784e714a13', true, '2026-01-05 12:55:44.373053+00', '2026-01-05 12:55:44.501057+00', 'a2gfh6g4nrlj', 'acc447d7-dbc2-4b01-9ab2-29c45d3b119a'),
	('00000000-0000-0000-0000-000000000000', 84, 'haqv2blfklh2', '6fd095ca-826a-486b-897e-d51318a2e2e0', false, '2026-01-07 17:05:35.77687+00', '2026-01-07 17:05:35.77687+00', NULL, '8bb065bd-3109-4d0c-b089-a2b51c5f8605'),
	('00000000-0000-0000-0000-000000000000', 36, '64eapvoawjjh', '7539f980-07b4-41fd-a24a-84784e714a13', true, '2026-01-05 12:55:44.501438+00', '2026-01-05 12:55:44.676562+00', 'kfoxbfpta6j4', 'acc447d7-dbc2-4b01-9ab2-29c45d3b119a'),
	('00000000-0000-0000-0000-000000000000', 85, 'obnhd6zdn2aq', '6fd095ca-826a-486b-897e-d51318a2e2e0', false, '2026-01-07 17:05:36.264209+00', '2026-01-07 17:05:36.264209+00', NULL, '797bf3dc-c754-4260-91e8-1716e470297c'),
	('00000000-0000-0000-0000-000000000000', 38, 'slpnq2feezmt', '8cb2798e-f2ca-4729-9764-c5e2ee38f0d2', true, '2026-01-05 13:09:11.053606+00', '2026-01-05 13:09:58.39357+00', NULL, 'efeab6e5-3587-4d26-b878-cfdf36c00333'),
	('00000000-0000-0000-0000-000000000000', 69, '3mkx5mzym4qx', '441ad560-e9db-4f5f-97b2-1c32ee1c4e4d', true, '2026-01-07 07:22:12.024206+00', '2026-01-07 18:19:18.480982+00', 'ipntdaeugrh7', 'b81a8e5e-13fa-4d21-bf6a-690b622c2455'),
	('00000000-0000-0000-0000-000000000000', 39, 'hbvhkhcoykon', '8cb2798e-f2ca-4729-9764-c5e2ee38f0d2', true, '2026-01-05 13:09:58.394988+00', '2026-01-05 13:10:07.056033+00', 'slpnq2feezmt', 'efeab6e5-3587-4d26-b878-cfdf36c00333'),
	('00000000-0000-0000-0000-000000000000', 40, '2xv7ct5uzd6g', '8cb2798e-f2ca-4729-9764-c5e2ee38f0d2', true, '2026-01-05 13:10:07.05638+00', '2026-01-05 13:12:18.985434+00', 'hbvhkhcoykon', 'efeab6e5-3587-4d26-b878-cfdf36c00333'),
	('00000000-0000-0000-0000-000000000000', 41, 'qyn3n5dhvqgl', '8cb2798e-f2ca-4729-9764-c5e2ee38f0d2', true, '2026-01-05 13:12:18.987387+00', '2026-01-05 13:12:33.511773+00', '2xv7ct5uzd6g', 'efeab6e5-3587-4d26-b878-cfdf36c00333'),
	('00000000-0000-0000-0000-000000000000', 42, '4eqtcazraoxt', '8cb2798e-f2ca-4729-9764-c5e2ee38f0d2', false, '2026-01-05 13:12:33.512266+00', '2026-01-05 13:12:33.512266+00', 'qyn3n5dhvqgl', 'efeab6e5-3587-4d26-b878-cfdf36c00333'),
	('00000000-0000-0000-0000-000000000000', 43, 'vlwhwysayhf6', '8cb2798e-f2ca-4729-9764-c5e2ee38f0d2', true, '2026-01-05 15:28:58.321091+00', '2026-01-05 15:29:39.214949+00', NULL, '338d47ae-ed8b-4d2a-a64b-c69b1617d91c'),
	('00000000-0000-0000-0000-000000000000', 44, 'z2u33qh37fqk', '8cb2798e-f2ca-4729-9764-c5e2ee38f0d2', true, '2026-01-05 15:29:39.216586+00', '2026-01-05 15:35:16.035355+00', 'vlwhwysayhf6', '338d47ae-ed8b-4d2a-a64b-c69b1617d91c'),
	('00000000-0000-0000-0000-000000000000', 45, 'uk4l627y2qoj', '8cb2798e-f2ca-4729-9764-c5e2ee38f0d2', false, '2026-01-05 15:35:16.048741+00', '2026-01-05 15:35:16.048741+00', 'z2u33qh37fqk', '338d47ae-ed8b-4d2a-a64b-c69b1617d91c'),
	('00000000-0000-0000-0000-000000000000', 46, '7f5fnelsplk7', '63db9f94-6c5b-48db-841c-68b60f037f4a', false, '2026-01-05 15:57:07.871094+00', '2026-01-05 15:57:07.871094+00', NULL, 'bf2537e0-85cc-424b-9607-6b4026856f3f'),
	('00000000-0000-0000-0000-000000000000', 37, 'fwvs7w37qexh', '7539f980-07b4-41fd-a24a-84784e714a13', true, '2026-01-05 12:55:44.677141+00', '2026-01-05 16:04:36.372444+00', '64eapvoawjjh', 'acc447d7-dbc2-4b01-9ab2-29c45d3b119a'),
	('00000000-0000-0000-0000-000000000000', 48, 'ry2m5ysnp6pd', '63db9f94-6c5b-48db-841c-68b60f037f4a', true, '2026-01-05 17:01:37.645609+00', '2026-01-05 17:02:16.513956+00', NULL, '99682eb6-c23e-429e-a196-09e8e8523c07'),
	('00000000-0000-0000-0000-000000000000', 49, '3ybcw55woid3', '63db9f94-6c5b-48db-841c-68b60f037f4a', true, '2026-01-05 17:02:16.515687+00', '2026-01-05 17:02:27.722355+00', 'ry2m5ysnp6pd', '99682eb6-c23e-429e-a196-09e8e8523c07'),
	('00000000-0000-0000-0000-000000000000', 50, 'rff4utsmccxu', '63db9f94-6c5b-48db-841c-68b60f037f4a', false, '2026-01-05 17:02:27.72272+00', '2026-01-05 17:02:27.72272+00', '3ybcw55woid3', '99682eb6-c23e-429e-a196-09e8e8523c07'),
	('00000000-0000-0000-0000-000000000000', 47, 'pzgcj5wq67s5', '7539f980-07b4-41fd-a24a-84784e714a13', true, '2026-01-05 16:04:36.386729+00', '2026-01-05 18:15:33.816424+00', 'fwvs7w37qexh', 'acc447d7-dbc2-4b01-9ab2-29c45d3b119a'),
	('00000000-0000-0000-0000-000000000000', 52, 'pwhyeli3t7ea', '63db9f94-6c5b-48db-841c-68b60f037f4a', true, '2026-01-06 06:07:56.882452+00', '2026-01-06 06:08:40.46804+00', NULL, '6597806d-d028-4b2f-b87c-8f90a9ac11d2'),
	('00000000-0000-0000-0000-000000000000', 53, 'y6n5ssrnrcdu', '63db9f94-6c5b-48db-841c-68b60f037f4a', false, '2026-01-06 06:08:40.468693+00', '2026-01-06 06:08:40.468693+00', 'pwhyeli3t7ea', '6597806d-d028-4b2f-b87c-8f90a9ac11d2'),
	('00000000-0000-0000-0000-000000000000', 51, 'cmegbojrbhet', '7539f980-07b4-41fd-a24a-84784e714a13', true, '2026-01-05 18:15:33.842315+00', '2026-01-06 13:42:49.677538+00', 'pzgcj5wq67s5', 'acc447d7-dbc2-4b01-9ab2-29c45d3b119a'),
	('00000000-0000-0000-0000-000000000000', 57, 'hkg3wwtgw7f4', '7539f980-07b4-41fd-a24a-84784e714a13', true, '2026-01-06 13:42:49.694223+00', '2026-01-06 15:28:30.637533+00', 'cmegbojrbhet', 'acc447d7-dbc2-4b01-9ab2-29c45d3b119a'),
	('00000000-0000-0000-0000-000000000000', 61, 'pjzqoxlxja26', '7539f980-07b4-41fd-a24a-84784e714a13', false, '2026-01-06 15:28:30.639489+00', '2026-01-06 15:28:30.639489+00', 'hkg3wwtgw7f4', 'acc447d7-dbc2-4b01-9ab2-29c45d3b119a'),
	('00000000-0000-0000-0000-000000000000', 86, 'bmr7rjwhxhfa', '6fd095ca-826a-486b-897e-d51318a2e2e0', false, '2026-01-07 17:05:37.47917+00', '2026-01-07 17:05:37.47917+00', NULL, '590fe586-d954-4f47-975f-769d89d8edcc'),
	('00000000-0000-0000-0000-000000000000', 126, 'rgeagopgoid3', 'f77c3d81-dba0-495f-b0fa-a76de051d52c', true, '2026-01-08 07:58:53.894415+00', '2026-01-08 10:13:23.636151+00', 'biljfbcx5mvo', 'b5f971af-3d78-4da5-af11-1081695e5dc4'),
	('00000000-0000-0000-0000-000000000000', 127, 'wzdbre27qvz3', '537008dd-12a4-485b-b3d2-3feff5936d7e', true, '2026-01-08 07:59:34.109125+00', '2026-01-08 10:18:20.691995+00', 'dvgus45rion7', '68e2dc4f-936d-4398-b1fe-c13bff277879'),
	('00000000-0000-0000-0000-000000000000', 89, 'v6nyzvl2an7k', '6fd095ca-826a-486b-897e-d51318a2e2e0', false, '2026-01-07 17:05:45.874552+00', '2026-01-07 17:05:45.874552+00', NULL, '75c514f1-09f9-444c-b740-daa9963d77fa'),
	('00000000-0000-0000-0000-000000000000', 90, 'yg4326rjfowj', '6fd095ca-826a-486b-897e-d51318a2e2e0', false, '2026-01-07 17:05:46.540534+00', '2026-01-07 17:05:46.540534+00', NULL, '06ae519f-07c2-4d74-9a02-8709fe44c455'),
	('00000000-0000-0000-0000-000000000000', 91, 'm7fyvweke2wm', '6fd095ca-826a-486b-897e-d51318a2e2e0', false, '2026-01-07 17:05:47.360749+00', '2026-01-07 17:05:47.360749+00', NULL, 'aaf1bc78-0c39-4ff5-b865-93a746561f46'),
	('00000000-0000-0000-0000-000000000000', 92, 'ovjszv65xqfu', '6fd095ca-826a-486b-897e-d51318a2e2e0', false, '2026-01-07 17:05:49.458132+00', '2026-01-07 17:05:49.458132+00', NULL, '6a12d6f6-ca19-4350-9abe-999a57da729a'),
	('00000000-0000-0000-0000-000000000000', 93, 'mwbfby6lsoi3', '6fd095ca-826a-486b-897e-d51318a2e2e0', false, '2026-01-07 17:05:52.854017+00', '2026-01-07 17:05:52.854017+00', NULL, 'f84356f7-6288-4e40-a3c5-6e8de2c1d88c'),
	('00000000-0000-0000-0000-000000000000', 94, 'l43ici7hqt7s', '6fd095ca-826a-486b-897e-d51318a2e2e0', false, '2026-01-07 17:05:53.998616+00', '2026-01-07 17:05:53.998616+00', NULL, '811576a2-8052-4d87-8ac8-b4f2d5212300'),
	('00000000-0000-0000-0000-000000000000', 95, 'xjepw54tbgmy', '6fd095ca-826a-486b-897e-d51318a2e2e0', false, '2026-01-07 17:05:54.887209+00', '2026-01-07 17:05:54.887209+00', NULL, 'e4792a11-15b4-4d86-833e-aafbb93ccd4a'),
	('00000000-0000-0000-0000-000000000000', 96, 'zargmw6pmbwv', '6fd095ca-826a-486b-897e-d51318a2e2e0', false, '2026-01-07 17:05:54.922306+00', '2026-01-07 17:05:54.922306+00', NULL, 'fd47c1c2-c46a-43bd-b02f-2ac5b074158f'),
	('00000000-0000-0000-0000-000000000000', 97, '6rnriwgohpzv', '6fd095ca-826a-486b-897e-d51318a2e2e0', false, '2026-01-07 17:05:56.136812+00', '2026-01-07 17:05:56.136812+00', NULL, 'ee11531b-c202-416b-a45e-2b7a8a65b6a1'),
	('00000000-0000-0000-0000-000000000000', 98, '4nhldlwqplku', '6fd095ca-826a-486b-897e-d51318a2e2e0', false, '2026-01-07 17:05:58.63355+00', '2026-01-07 17:05:58.63355+00', NULL, 'f22d7e9d-247f-414e-9693-af9a8a3bc0cc'),
	('00000000-0000-0000-0000-000000000000', 99, 'houb7zau4qbz', '6fd095ca-826a-486b-897e-d51318a2e2e0', false, '2026-01-07 17:06:03.927568+00', '2026-01-07 17:06:03.927568+00', NULL, 'aa29bb65-5bb8-46d5-857b-e1c4ee068425'),
	('00000000-0000-0000-0000-000000000000', 100, 'ehercfukocqu', '6fd095ca-826a-486b-897e-d51318a2e2e0', false, '2026-01-07 17:10:47.340979+00', '2026-01-07 17:10:47.340979+00', NULL, 'b1041eaa-9dd5-4e61-98eb-068a962ea356'),
	('00000000-0000-0000-0000-000000000000', 129, '22qt6ilwrwu7', '6fd095ca-826a-486b-897e-d51318a2e2e0', true, '2026-01-08 08:27:31.315077+00', '2026-01-08 10:18:26.094877+00', '5nlzqysy4qf7', '1409ec77-4fa5-49d0-ae7a-925828bccd11'),
	('00000000-0000-0000-0000-000000000000', 102, 'mt2wecjikr2f', '441ad560-e9db-4f5f-97b2-1c32ee1c4e4d', true, '2026-01-07 18:19:18.501303+00', '2026-01-07 19:22:27.992686+00', '3mkx5mzym4qx', 'b81a8e5e-13fa-4d21-bf6a-690b622c2455'),
	('00000000-0000-0000-0000-000000000000', 106, 'qifkqpzry3my', '441ad560-e9db-4f5f-97b2-1c32ee1c4e4d', false, '2026-01-07 19:22:28.020723+00', '2026-01-07 19:22:28.020723+00', 'mt2wecjikr2f', 'b81a8e5e-13fa-4d21-bf6a-690b622c2455'),
	('00000000-0000-0000-0000-000000000000', 134, 'bum43ckyosmt', '6fd095ca-826a-486b-897e-d51318a2e2e0', true, '2026-01-08 10:18:26.095251+00', '2026-01-08 12:13:03.627284+00', '22qt6ilwrwu7', '1409ec77-4fa5-49d0-ae7a-925828bccd11'),
	('00000000-0000-0000-0000-000000000000', 107, 'n4daeu7ykczb', 'f77c3d81-dba0-495f-b0fa-a76de051d52c', true, '2026-01-07 19:23:34.285362+00', '2026-01-07 20:19:09.022964+00', NULL, 'b5f971af-3d78-4da5-af11-1081695e5dc4'),
	('00000000-0000-0000-0000-000000000000', 110, '4m6gepf3qcgj', 'f77c3d81-dba0-495f-b0fa-a76de051d52c', true, '2026-01-07 20:19:09.043028+00', '2026-01-08 04:41:47.808786+00', 'n4daeu7ykczb', 'b5f971af-3d78-4da5-af11-1081695e5dc4'),
	('00000000-0000-0000-0000-000000000000', 141, 'gag5v64cstxk', '6fd095ca-826a-486b-897e-d51318a2e2e0', true, '2026-01-08 12:13:03.6566+00', '2026-01-08 13:12:16.708674+00', 'bum43ckyosmt', '1409ec77-4fa5-49d0-ae7a-925828bccd11'),
	('00000000-0000-0000-0000-000000000000', 145, 'vzeqrcgr2yum', '6fd095ca-826a-486b-897e-d51318a2e2e0', true, '2026-01-08 13:12:16.718662+00', '2026-01-08 14:16:12.737507+00', 'gag5v64cstxk', '1409ec77-4fa5-49d0-ae7a-925828bccd11'),
	('00000000-0000-0000-0000-000000000000', 143, 'j43ayr4benl3', '63db9f94-6c5b-48db-841c-68b60f037f4a', true, '2026-01-08 12:13:41.465479+00', '2026-01-08 14:40:58.359772+00', NULL, '41014958-3096-4086-816f-f6c9eeec6526'),
	('00000000-0000-0000-0000-000000000000', 111, 'bmtynklue7n6', 'f77c3d81-dba0-495f-b0fa-a76de051d52c', true, '2026-01-08 04:41:47.833442+00', '2026-01-08 06:08:58.957006+00', '4m6gepf3qcgj', 'b5f971af-3d78-4da5-af11-1081695e5dc4'),
	('00000000-0000-0000-0000-000000000000', 117, '4wvi76x3nqh4', '537008dd-12a4-485b-b3d2-3feff5936d7e', true, '2026-01-08 06:06:03.068297+00', '2026-01-08 07:04:35.914709+00', NULL, '68e2dc4f-936d-4398-b1fe-c13bff277879'),
	('00000000-0000-0000-0000-000000000000', 133, '6epkl4um6262', '537008dd-12a4-485b-b3d2-3feff5936d7e', true, '2026-01-08 10:18:20.693943+00', '2026-01-08 14:41:06.366321+00', 'wzdbre27qvz3', '68e2dc4f-936d-4398-b1fe-c13bff277879'),
	('00000000-0000-0000-0000-000000000000', 151, 'fn5e3kifxu6u', '537008dd-12a4-485b-b3d2-3feff5936d7e', true, '2026-01-08 14:41:06.366708+00', '2026-01-08 15:31:56.52227+00', '6epkl4um6262', '68e2dc4f-936d-4398-b1fe-c13bff277879'),
	('00000000-0000-0000-0000-000000000000', 155, 'bf5ih4my6zpo', 'f77c3d81-dba0-495f-b0fa-a76de051d52c', true, '2026-01-08 14:52:14.678706+00', '2026-01-08 15:57:58.776018+00', 'wn37mmnm4yxz', 'b5f971af-3d78-4da5-af11-1081695e5dc4'),
	('00000000-0000-0000-0000-000000000000', 157, 'r6kpkgzeme7f', 'f77c3d81-dba0-495f-b0fa-a76de051d52c', false, '2026-01-08 15:57:58.797513+00', '2026-01-08 15:57:58.797513+00', 'bf5ih4my6zpo', 'b5f971af-3d78-4da5-af11-1081695e5dc4'),
	('00000000-0000-0000-0000-000000000000', 130, 'kgppndbh55kr', '56d4f21b-a615-4227-aaf5-c15f608fe104', true, '2026-01-08 08:31:07.025644+00', '2026-01-08 16:12:22.672421+00', NULL, '8fa164fc-9de9-4c90-9fc3-17062df209f4'),
	('00000000-0000-0000-0000-000000000000', 118, 'biljfbcx5mvo', 'f77c3d81-dba0-495f-b0fa-a76de051d52c', true, '2026-01-08 06:08:58.958922+00', '2026-01-08 07:58:53.870624+00', 'bmtynklue7n6', 'b5f971af-3d78-4da5-af11-1081695e5dc4'),
	('00000000-0000-0000-0000-000000000000', 119, 'dvgus45rion7', '537008dd-12a4-485b-b3d2-3feff5936d7e', true, '2026-01-08 07:04:35.93558+00', '2026-01-08 07:59:34.107502+00', '4wvi76x3nqh4', '68e2dc4f-936d-4398-b1fe-c13bff277879'),
	('00000000-0000-0000-0000-000000000000', 125, '5nlzqysy4qf7', '6fd095ca-826a-486b-897e-d51318a2e2e0', true, '2026-01-08 07:29:26.54653+00', '2026-01-08 08:27:31.301224+00', NULL, '1409ec77-4fa5-49d0-ae7a-925828bccd11'),
	('00000000-0000-0000-0000-000000000000', 161, 'ubww6ipar447', '503b37c3-a602-4bfa-b4df-139ddd16885a', true, '2026-01-08 18:38:09.748467+00', '2026-01-09 04:16:57.162598+00', 'ec4tuevwqgyy', '8bfc2900-c83b-462f-b0c1-e3cdcb05a7a3'),
	('00000000-0000-0000-0000-000000000000', 163, 'iyzxzrgssw6d', '08243edc-7b1c-4730-b271-e94a388d2396', false, '2026-01-09 04:24:56.784107+00', '2026-01-09 04:24:56.784107+00', 'cdhab7bbiin2', '68923606-c17d-418c-9694-a04f065c23cb'),
	('00000000-0000-0000-0000-000000000000', 164, 'jpef3jg2wuzr', '503b37c3-a602-4bfa-b4df-139ddd16885a', true, '2026-01-09 05:08:22.546726+00', '2026-01-09 05:08:22.740486+00', 'sawsv6v7zlw5', '8bfc2900-c83b-462f-b0c1-e3cdcb05a7a3'),
	('00000000-0000-0000-0000-000000000000', 165, '2ph24db3g3hx', '503b37c3-a602-4bfa-b4df-139ddd16885a', true, '2026-01-09 05:08:22.741042+00', '2026-01-09 05:08:22.889596+00', 'jpef3jg2wuzr', '8bfc2900-c83b-462f-b0c1-e3cdcb05a7a3'),
	('00000000-0000-0000-0000-000000000000', 166, 'e3e72aya53h3', '503b37c3-a602-4bfa-b4df-139ddd16885a', true, '2026-01-09 05:08:22.890612+00', '2026-01-09 10:01:42.708085+00', '2ph24db3g3hx', '8bfc2900-c83b-462f-b0c1-e3cdcb05a7a3'),
	('00000000-0000-0000-0000-000000000000', 167, 'jnkpiuwwje3k', '503b37c3-a602-4bfa-b4df-139ddd16885a', true, '2026-01-09 10:01:42.738498+00', '2026-01-09 12:23:22.958193+00', 'e3e72aya53h3', '8bfc2900-c83b-462f-b0c1-e3cdcb05a7a3'),
	('00000000-0000-0000-0000-000000000000', 170, 'md64pr5omjnt', '63db9f94-6c5b-48db-841c-68b60f037f4a', true, '2026-01-09 12:48:50.795868+00', '2026-01-09 13:36:08.935334+00', NULL, '0e17730c-ad19-4964-85be-d2a047482755'),
	('00000000-0000-0000-0000-000000000000', 168, '4vgsh6niui6n', '503b37c3-a602-4bfa-b4df-139ddd16885a', true, '2026-01-09 12:23:22.978951+00', '2026-01-09 13:43:41.382053+00', 'jnkpiuwwje3k', '8bfc2900-c83b-462f-b0c1-e3cdcb05a7a3'),
	('00000000-0000-0000-0000-000000000000', 171, 'xbdt2cbb5ruw', '63db9f94-6c5b-48db-841c-68b60f037f4a', true, '2026-01-09 13:36:08.960974+00', '2026-01-09 14:37:27.251654+00', 'md64pr5omjnt', '0e17730c-ad19-4964-85be-d2a047482755'),
	('00000000-0000-0000-0000-000000000000', 174, '5xu2hbtqzrn4', '63db9f94-6c5b-48db-841c-68b60f037f4a', false, '2026-01-09 14:37:27.272547+00', '2026-01-09 14:37:27.272547+00', 'xbdt2cbb5ruw', '0e17730c-ad19-4964-85be-d2a047482755'),
	('00000000-0000-0000-0000-000000000000', 173, 'zmghihet5fpq', '503b37c3-a602-4bfa-b4df-139ddd16885a', true, '2026-01-09 13:43:41.396694+00', '2026-01-09 15:13:54.093456+00', '4vgsh6niui6n', '8bfc2900-c83b-462f-b0c1-e3cdcb05a7a3'),
	('00000000-0000-0000-0000-000000000000', 175, 've4pdbcv5tti', '503b37c3-a602-4bfa-b4df-139ddd16885a', true, '2026-01-09 15:13:54.110247+00', '2026-01-09 16:56:32.267607+00', 'zmghihet5fpq', '8bfc2900-c83b-462f-b0c1-e3cdcb05a7a3'),
	('00000000-0000-0000-0000-000000000000', 172, 'aw53y3cou73g', '537008dd-12a4-485b-b3d2-3feff5936d7e', true, '2026-01-09 13:38:13.548142+00', '2026-01-09 17:12:36.781246+00', 'zxq7pt23f5x7', '68e2dc4f-936d-4398-b1fe-c13bff277879'),
	('00000000-0000-0000-0000-000000000000', 177, 'dfkw6wb4be3m', '537008dd-12a4-485b-b3d2-3feff5936d7e', false, '2026-01-09 17:12:36.787808+00', '2026-01-09 17:12:36.787808+00', 'aw53y3cou73g', '68e2dc4f-936d-4398-b1fe-c13bff277879'),
	('00000000-0000-0000-0000-000000000000', 159, '7p5mw75nves4', '56d4f21b-a615-4227-aaf5-c15f608fe104', true, '2026-01-08 16:12:22.681447+00', '2026-01-09 17:23:19.525039+00', 'kgppndbh55kr', '8fa164fc-9de9-4c90-9fc3-17062df209f4'),
	('00000000-0000-0000-0000-000000000000', 150, 'y5n5kzclq6cr', '63db9f94-6c5b-48db-841c-68b60f037f4a', true, '2026-01-08 14:40:58.372605+00', '2026-01-09 17:30:13.776814+00', 'j43ayr4benl3', '41014958-3096-4086-816f-f6c9eeec6526'),
	('00000000-0000-0000-0000-000000000000', 176, 'sleg6hclevkl', '503b37c3-a602-4bfa-b4df-139ddd16885a', true, '2026-01-09 16:56:32.290712+00', '2026-01-09 17:56:05.014571+00', 've4pdbcv5tti', '8bfc2900-c83b-462f-b0c1-e3cdcb05a7a3'),
	('00000000-0000-0000-0000-000000000000', 178, 'reywkkok2wq2', '6fd095ca-826a-486b-897e-d51318a2e2e0', false, '2026-01-09 17:20:57.377979+00', '2026-01-09 17:20:57.377979+00', 'pg4yhoc4pymb', '1409ec77-4fa5-49d0-ae7a-925828bccd11'),
	('00000000-0000-0000-0000-000000000000', 179, '7i4zyxi6vq4k', '56d4f21b-a615-4227-aaf5-c15f608fe104', false, '2026-01-09 17:23:19.546458+00', '2026-01-09 17:23:19.546458+00', '7p5mw75nves4', '8fa164fc-9de9-4c90-9fc3-17062df209f4'),
	('00000000-0000-0000-0000-000000000000', 189, 'iznmhcnkp4cs', '503b37c3-a602-4bfa-b4df-139ddd16885a', true, '2026-01-11 06:34:46.314363+00', '2026-01-11 07:48:53.295366+00', '4bxo52ci6k4g', '8bfc2900-c83b-462f-b0c1-e3cdcb05a7a3'),
	('00000000-0000-0000-0000-000000000000', 191, '64xp6vejgriy', '503b37c3-a602-4bfa-b4df-139ddd16885a', true, '2026-01-11 08:54:04.529949+00', '2026-01-11 12:20:45.91614+00', '3jboavpbvajg', '8bfc2900-c83b-462f-b0c1-e3cdcb05a7a3'),
	('00000000-0000-0000-0000-000000000000', 181, 'gjq5kwwic5ps', '503b37c3-a602-4bfa-b4df-139ddd16885a', true, '2026-01-09 17:56:05.03047+00', '2026-01-09 19:08:02.7732+00', 'sleg6hclevkl', '8bfc2900-c83b-462f-b0c1-e3cdcb05a7a3'),
	('00000000-0000-0000-0000-000000000000', 182, 'osqolihegs7y', '503b37c3-a602-4bfa-b4df-139ddd16885a', true, '2026-01-09 19:08:02.79487+00', '2026-01-10 07:05:48.291168+00', 'gjq5kwwic5ps', '8bfc2900-c83b-462f-b0c1-e3cdcb05a7a3'),
	('00000000-0000-0000-0000-000000000000', 180, 'eifzawly4bgd', '63db9f94-6c5b-48db-841c-68b60f037f4a', true, '2026-01-09 17:30:13.78168+00', '2026-01-10 11:22:22.681574+00', 'y5n5kzclq6cr', '41014958-3096-4086-816f-f6c9eeec6526'),
	('00000000-0000-0000-0000-000000000000', 183, 'kk6fl37tv62a', '503b37c3-a602-4bfa-b4df-139ddd16885a', true, '2026-01-10 07:05:48.305617+00', '2026-01-10 11:37:37.183056+00', 'osqolihegs7y', '8bfc2900-c83b-462f-b0c1-e3cdcb05a7a3'),
	('00000000-0000-0000-0000-000000000000', 193, 'iohykyyq7fdp', 'e271fef5-f353-4008-9336-3909c970affc', true, '2026-01-11 12:23:24.274974+00', '2026-01-11 14:00:40.581594+00', NULL, '57d70682-fe80-4c39-b14d-1b3b4fc5afdd'),
	('00000000-0000-0000-0000-000000000000', 185, 'seguca7wegez', '503b37c3-a602-4bfa-b4df-139ddd16885a', true, '2026-01-10 11:37:37.193308+00', '2026-01-10 12:57:14.107378+00', 'kk6fl37tv62a', '8bfc2900-c83b-462f-b0c1-e3cdcb05a7a3'),
	('00000000-0000-0000-0000-000000000000', 186, 'wzxqnos3zf2v', '503b37c3-a602-4bfa-b4df-139ddd16885a', true, '2026-01-10 12:57:14.125219+00', '2026-01-10 14:18:12.480952+00', 'seguca7wegez', '8bfc2900-c83b-462f-b0c1-e3cdcb05a7a3'),
	('00000000-0000-0000-0000-000000000000', 192, 'qmpewokwk6he', '503b37c3-a602-4bfa-b4df-139ddd16885a', true, '2026-01-11 12:20:45.937749+00', '2026-01-11 14:01:49.330594+00', '64xp6vejgriy', '8bfc2900-c83b-462f-b0c1-e3cdcb05a7a3'),
	('00000000-0000-0000-0000-000000000000', 187, 'hhtvu7whsiwm', '503b37c3-a602-4bfa-b4df-139ddd16885a', true, '2026-01-10 14:18:12.506735+00', '2026-01-10 20:37:20.910452+00', 'wzxqnos3zf2v', '8bfc2900-c83b-462f-b0c1-e3cdcb05a7a3'),
	('00000000-0000-0000-0000-000000000000', 188, '4bxo52ci6k4g', '503b37c3-a602-4bfa-b4df-139ddd16885a', true, '2026-01-10 20:37:20.935304+00', '2026-01-11 06:34:46.286995+00', 'hhtvu7whsiwm', '8bfc2900-c83b-462f-b0c1-e3cdcb05a7a3'),
	('00000000-0000-0000-0000-000000000000', 184, 'gav22tsqxhkd', '63db9f94-6c5b-48db-841c-68b60f037f4a', true, '2026-01-10 11:22:22.708466+00', '2026-01-11 14:56:54.477783+00', 'eifzawly4bgd', '41014958-3096-4086-816f-f6c9eeec6526'),
	('00000000-0000-0000-0000-000000000000', 196, 'cbnhm4i7urfd', '63db9f94-6c5b-48db-841c-68b60f037f4a', false, '2026-01-11 14:56:54.502237+00', '2026-01-11 14:56:54.502237+00', 'gav22tsqxhkd', '41014958-3096-4086-816f-f6c9eeec6526'),
	('00000000-0000-0000-0000-000000000000', 195, '5xbldzsr4o5b', '503b37c3-a602-4bfa-b4df-139ddd16885a', true, '2026-01-11 14:01:49.33133+00', '2026-01-11 15:10:29.830031+00', 'qmpewokwk6he', '8bfc2900-c83b-462f-b0c1-e3cdcb05a7a3'),
	('00000000-0000-0000-0000-000000000000', 194, 'nhzyax7qhv45', 'e271fef5-f353-4008-9336-3909c970affc', true, '2026-01-11 14:00:40.601437+00', '2026-01-11 15:46:58.710322+00', 'iohykyyq7fdp', '57d70682-fe80-4c39-b14d-1b3b4fc5afdd'),
	('00000000-0000-0000-0000-000000000000', 198, 'xys5z7bokpft', 'e271fef5-f353-4008-9336-3909c970affc', true, '2026-01-11 15:46:58.730778+00', '2026-01-11 19:46:31.803731+00', 'nhzyax7qhv45', '57d70682-fe80-4c39-b14d-1b3b4fc5afdd'),
	('00000000-0000-0000-0000-000000000000', 202, 'zcsm2zfbcpc3', 'e271fef5-f353-4008-9336-3909c970affc', false, '2026-01-11 19:46:31.825224+00', '2026-01-11 19:46:31.825224+00', 'xys5z7bokpft', '57d70682-fe80-4c39-b14d-1b3b4fc5afdd'),
	('00000000-0000-0000-0000-000000000000', 197, 'g6wrrcfjp4am', '503b37c3-a602-4bfa-b4df-139ddd16885a', true, '2026-01-11 15:10:29.834616+00', '2026-01-12 06:03:06.844614+00', '5xbldzsr4o5b', '8bfc2900-c83b-462f-b0c1-e3cdcb05a7a3'),
	('00000000-0000-0000-0000-000000000000', 203, 'topdhxgsywcm', '503b37c3-a602-4bfa-b4df-139ddd16885a', true, '2026-01-12 06:03:06.861297+00', '2026-01-12 07:19:33.432636+00', 'g6wrrcfjp4am', '8bfc2900-c83b-462f-b0c1-e3cdcb05a7a3'),
	('00000000-0000-0000-0000-000000000000', 205, 't7thnw6s6m7g', '503b37c3-a602-4bfa-b4df-139ddd16885a', true, '2026-01-12 07:19:33.448923+00', '2026-01-12 08:41:18.593642+00', 'topdhxgsywcm', '8bfc2900-c83b-462f-b0c1-e3cdcb05a7a3'),
	('00000000-0000-0000-0000-000000000000', 207, 'gl3vrbxn2vxi', '28b1b99c-90d3-4009-be95-6da09aa685f1', false, '2026-01-12 08:45:05.765992+00', '2026-01-12 08:45:05.765992+00', NULL, '740de957-946d-4988-8d5d-6b5a371d65d7'),
	('00000000-0000-0000-0000-000000000000', 206, '23uofrsuofbc', '503b37c3-a602-4bfa-b4df-139ddd16885a', true, '2026-01-12 08:41:18.618232+00', '2026-01-12 10:40:36.421343+00', 't7thnw6s6m7g', '8bfc2900-c83b-462f-b0c1-e3cdcb05a7a3'),
	('00000000-0000-0000-0000-000000000000', 208, 'oojjcutbkoo6', '503b37c3-a602-4bfa-b4df-139ddd16885a', true, '2026-01-12 10:40:36.447845+00', '2026-01-12 15:02:23.532122+00', '23uofrsuofbc', '8bfc2900-c83b-462f-b0c1-e3cdcb05a7a3'),
	('00000000-0000-0000-0000-000000000000', 210, 'qi2bjaafw4qv', 'e271fef5-f353-4008-9336-3909c970affc', false, '2026-01-13 08:01:43.686912+00', '2026-01-13 08:01:43.686912+00', NULL, '277c43d9-73cc-43aa-b1bf-1ca73254ea75'),
	('00000000-0000-0000-0000-000000000000', 211, '6dnnfjtlgg3w', 'e271fef5-f353-4008-9336-3909c970affc', false, '2026-01-13 08:04:05.590258+00', '2026-01-13 08:04:05.590258+00', NULL, '85e0a5b7-e55d-4d6c-a45b-315a210113e0'),
	('00000000-0000-0000-0000-000000000000', 209, 'ntqja7glh4dl', '503b37c3-a602-4bfa-b4df-139ddd16885a', true, '2026-01-12 15:02:23.552692+00', '2026-01-13 08:10:49.320078+00', 'oojjcutbkoo6', '8bfc2900-c83b-462f-b0c1-e3cdcb05a7a3'),
	('00000000-0000-0000-0000-000000000000', 213, 'u645gmc6wrtf', 'e271fef5-f353-4008-9336-3909c970affc', false, '2026-01-13 08:16:20.568858+00', '2026-01-13 08:16:20.568858+00', NULL, '7d587d3b-d508-49e1-a378-4c2434485b11'),
	('00000000-0000-0000-0000-000000000000', 212, 'xj5fayappj3s', '503b37c3-a602-4bfa-b4df-139ddd16885a', true, '2026-01-13 08:10:49.322971+00', '2026-01-13 09:09:10.481197+00', 'ntqja7glh4dl', '8bfc2900-c83b-462f-b0c1-e3cdcb05a7a3'),
	('00000000-0000-0000-0000-000000000000', 214, 'ak3lphkczdy2', '503b37c3-a602-4bfa-b4df-139ddd16885a', false, '2026-01-13 09:09:10.50865+00', '2026-01-13 09:09:10.50865+00', 'xj5fayappj3s', '8bfc2900-c83b-462f-b0c1-e3cdcb05a7a3');


--
-- Data for Name: sso_providers; Type: TABLE DATA; Schema: auth; Owner: supabase_auth_admin
--



--
-- Data for Name: saml_providers; Type: TABLE DATA; Schema: auth; Owner: supabase_auth_admin
--



--
-- Data for Name: saml_relay_states; Type: TABLE DATA; Schema: auth; Owner: supabase_auth_admin
--



--
-- Data for Name: sso_domains; Type: TABLE DATA; Schema: auth; Owner: supabase_auth_admin
--



--
-- Data for Name: departments; Type: TABLE DATA; Schema: public; Owner: postgres
--

INSERT INTO "public"."departments" ("id", "name", "created_at") VALUES
	('82cc95f6-a4c2-474d-8c6a-1272fc0dd19e', 'Computer Science and Engineering (CSE)', '2025-07-13 15:24:16.576296+00'),
	('d4407b44-2279-4078-b84e-6e4db9335391', 'Software Engineering (SWE)', '2025-07-13 15:24:16.576296+00'),
	('ee6ef004-541a-4a08-81e4-d9b9ddcca8a9', 'Multimedia and Creative Technology (MCT)', '2025-07-13 15:24:16.576296+00'),
	('3f9ee149-961a-4683-bce9-df7d74ba2152', 'Computing and Information Systems (CIS)', '2025-07-13 15:24:16.576296+00'),
	('b14b7250-7c8f-4a99-8bcb-388747486dfb', 'Information Technology and Management (ITM)', '2025-07-13 15:24:16.576296+00');


--
-- Data for Name: batches; Type: TABLE DATA; Schema: public; Owner: postgres
--

INSERT INTO "public"."batches" ("id", "name", "department_id", "created_at") VALUES
	('30b7b6c6-0d2f-4499-a795-17984ca5ea9b', 'Batch 50', '82cc95f6-a4c2-474d-8c6a-1272fc0dd19e', '2025-07-13 15:24:22.035306+00'),
	('837c8654-5e12-47e5-b74e-7e8476efb61a', 'Batch 51', '82cc95f6-a4c2-474d-8c6a-1272fc0dd19e', '2025-07-13 15:24:22.035306+00'),
	('7409d0ae-2535-416d-ab01-b52af518bef4', 'Batch 52', '82cc95f6-a4c2-474d-8c6a-1272fc0dd19e', '2025-07-13 15:24:22.035306+00'),
	('31cf4e7c-6b85-4870-b293-4972216181a9', 'Batch 53', '82cc95f6-a4c2-474d-8c6a-1272fc0dd19e', '2025-07-13 15:24:22.035306+00'),
	('e5022363-d905-49dc-919f-95d586437297', 'Batch 54', '82cc95f6-a4c2-474d-8c6a-1272fc0dd19e', '2025-07-13 15:24:22.035306+00'),
	('550935cf-2ece-41ea-bbfd-f6bbab3f9598', 'Batch 55', '82cc95f6-a4c2-474d-8c6a-1272fc0dd19e', '2025-07-13 15:24:22.035306+00'),
	('1d870267-131c-4b65-a34a-ae97d856f238', 'Batch 56', '82cc95f6-a4c2-474d-8c6a-1272fc0dd19e', '2025-07-13 15:24:22.035306+00'),
	('b5d42b94-bcc7-4dd5-b5e0-289ad670b582', 'Batch 57', '82cc95f6-a4c2-474d-8c6a-1272fc0dd19e', '2025-07-13 15:24:22.035306+00'),
	('d929f382-d141-4e74-999d-10ac156ff04a', 'Batch 58', '82cc95f6-a4c2-474d-8c6a-1272fc0dd19e', '2025-07-13 15:24:22.035306+00'),
	('eaedefec-19e1-4c0f-aa3a-807ee8e3435d', 'Batch 59', '82cc95f6-a4c2-474d-8c6a-1272fc0dd19e', '2025-07-13 15:24:22.035306+00'),
	('8bdb7060-24de-4c2c-9f7e-b13bc8f2ae27', 'Batch 60', '82cc95f6-a4c2-474d-8c6a-1272fc0dd19e', '2025-07-13 15:24:22.035306+00'),
	('3af718fb-174d-4b3c-85fe-a30394dd5396', 'Batch 61', '82cc95f6-a4c2-474d-8c6a-1272fc0dd19e', '2025-07-13 15:24:22.035306+00'),
	('5e423670-1704-465c-9803-54e64779ad9b', 'Batch 62', '82cc95f6-a4c2-474d-8c6a-1272fc0dd19e', '2025-07-13 15:24:22.035306+00'),
	('a11b2ad5-2137-471b-b859-6f6ba611e52d', 'Batch 63', '82cc95f6-a4c2-474d-8c6a-1272fc0dd19e', '2025-07-13 15:24:22.035306+00'),
	('2dd89ae0-3745-4bba-a806-88f5bab20bb4', 'Batch 64', '82cc95f6-a4c2-474d-8c6a-1272fc0dd19e', '2025-07-13 15:24:22.035306+00'),
	('235be07e-9bad-44d5-8eea-87a18af51c0c', 'Batch 65', '82cc95f6-a4c2-474d-8c6a-1272fc0dd19e', '2025-07-13 15:24:22.035306+00'),
	('db182efa-60aa-4224-bbc9-dbe28383e87d', 'Batch 66', '82cc95f6-a4c2-474d-8c6a-1272fc0dd19e', '2025-07-13 15:24:22.035306+00'),
	('7dc1ca33-07c4-4e6d-b332-0edaa33350db', 'Batch 67', '82cc95f6-a4c2-474d-8c6a-1272fc0dd19e', '2025-07-13 15:24:22.035306+00'),
	('2d51cd4a-172b-498e-b803-7b1379733e56', 'Batch 68', '82cc95f6-a4c2-474d-8c6a-1272fc0dd19e', '2025-07-13 15:24:22.035306+00'),
	('804e50f9-e228-4944-acbd-bb247c3f8d36', 'Batch 69', '82cc95f6-a4c2-474d-8c6a-1272fc0dd19e', '2025-07-13 15:24:22.035306+00'),
	('33124d52-05cc-47b4-8c71-1e645c0d3c8e', 'Batch 70', '82cc95f6-a4c2-474d-8c6a-1272fc0dd19e', '2025-07-13 15:24:22.035306+00'),
	('b2613dc4-e5db-497f-87af-15afedd1e697', 'Batch 50', 'd4407b44-2279-4078-b84e-6e4db9335391', '2025-07-13 15:24:22.035306+00'),
	('3c88709a-780d-4465-bd8a-a03d80c5c0b9', 'Batch 51', 'd4407b44-2279-4078-b84e-6e4db9335391', '2025-07-13 15:24:22.035306+00'),
	('7336c394-ad46-4c2c-aeff-ccbc90927fc6', 'Batch 52', 'd4407b44-2279-4078-b84e-6e4db9335391', '2025-07-13 15:24:22.035306+00'),
	('b99bf28a-12b4-40ac-bfc1-d304ff109b7d', 'Batch 53', 'd4407b44-2279-4078-b84e-6e4db9335391', '2025-07-13 15:24:22.035306+00'),
	('ff8ba8af-ff29-4bcd-a1e7-9508cf8f79f9', 'Batch 54', 'd4407b44-2279-4078-b84e-6e4db9335391', '2025-07-13 15:24:22.035306+00'),
	('cec4cd68-9703-417b-852f-a805335df025', 'Batch 55', 'd4407b44-2279-4078-b84e-6e4db9335391', '2025-07-13 15:24:22.035306+00'),
	('b57a63c1-0326-4572-a1d9-38d37eb97a28', 'Batch 56', 'd4407b44-2279-4078-b84e-6e4db9335391', '2025-07-13 15:24:22.035306+00'),
	('9d3434ea-0db0-4c8f-af05-515d3c385754', 'Batch 57', 'd4407b44-2279-4078-b84e-6e4db9335391', '2025-07-13 15:24:22.035306+00'),
	('d7a1ea2e-11f2-43a7-a4ed-c498841b4f20', 'Batch 58', 'd4407b44-2279-4078-b84e-6e4db9335391', '2025-07-13 15:24:22.035306+00'),
	('75eecf90-1932-4142-904b-0340fa037e0d', 'Batch 59', 'd4407b44-2279-4078-b84e-6e4db9335391', '2025-07-13 15:24:22.035306+00'),
	('be33e969-d5f1-4d16-a43a-a276866817d6', 'Batch 60', 'd4407b44-2279-4078-b84e-6e4db9335391', '2025-07-13 15:24:22.035306+00'),
	('ec88c1fe-fcf1-4a08-869a-903c64c0725f', 'Batch 61', 'd4407b44-2279-4078-b84e-6e4db9335391', '2025-07-13 15:24:22.035306+00'),
	('2b5e3b2b-4a58-4646-a173-a1037924bb78', 'Batch 62', 'd4407b44-2279-4078-b84e-6e4db9335391', '2025-07-13 15:24:22.035306+00'),
	('bbfbe469-a73a-4bc5-9831-a1d599ec9248', 'Batch 63', 'd4407b44-2279-4078-b84e-6e4db9335391', '2025-07-13 15:24:22.035306+00'),
	('5135c5d8-1817-4908-b15b-6a52122d8a91', 'Batch 64', 'd4407b44-2279-4078-b84e-6e4db9335391', '2025-07-13 15:24:22.035306+00'),
	('23347acd-a096-4f4e-9ebc-346de1cef3f4', 'Batch 65', 'd4407b44-2279-4078-b84e-6e4db9335391', '2025-07-13 15:24:22.035306+00'),
	('ae7d940d-f95e-4324-8d0e-5884f103b042', 'Batch 66', 'd4407b44-2279-4078-b84e-6e4db9335391', '2025-07-13 15:24:22.035306+00'),
	('1b93da72-535e-4d67-9cc8-c145cf0c7256', 'Batch 67', 'd4407b44-2279-4078-b84e-6e4db9335391', '2025-07-13 15:24:22.035306+00'),
	('325af766-3902-4906-915e-f3da99d444f3', 'Batch 68', 'd4407b44-2279-4078-b84e-6e4db9335391', '2025-07-13 15:24:22.035306+00'),
	('94f152d9-cacd-44d8-b983-284c06dd0d40', 'Batch 69', 'd4407b44-2279-4078-b84e-6e4db9335391', '2025-07-13 15:24:22.035306+00'),
	('aaabc4ee-0e2f-4e51-8dbb-75cd780a4e67', 'Batch 70', 'd4407b44-2279-4078-b84e-6e4db9335391', '2025-07-13 15:24:22.035306+00'),
	('6e25b4ae-9db0-4bcd-ba4f-aac8d0ce19d6', 'Batch 50', 'ee6ef004-541a-4a08-81e4-d9b9ddcca8a9', '2025-07-13 15:24:22.035306+00'),
	('c4023d47-e1a5-48b2-8920-86ce2b74132c', 'Batch 51', 'ee6ef004-541a-4a08-81e4-d9b9ddcca8a9', '2025-07-13 15:24:22.035306+00'),
	('66a3ca49-a1ee-4a35-9f66-ef4f518f3fcd', 'Batch 52', 'ee6ef004-541a-4a08-81e4-d9b9ddcca8a9', '2025-07-13 15:24:22.035306+00'),
	('a4699e5c-7490-4f60-9c05-70b14b88044d', 'Batch 53', 'ee6ef004-541a-4a08-81e4-d9b9ddcca8a9', '2025-07-13 15:24:22.035306+00'),
	('5110c7e4-aba3-4f7e-b89d-1574f280a2e2', 'Batch 54', 'ee6ef004-541a-4a08-81e4-d9b9ddcca8a9', '2025-07-13 15:24:22.035306+00'),
	('5e794150-823e-45a2-aae0-28bbaca8c0ee', 'Batch 55', 'ee6ef004-541a-4a08-81e4-d9b9ddcca8a9', '2025-07-13 15:24:22.035306+00'),
	('b403fbaa-0da8-4e09-9ac6-22cb048f80b8', 'Batch 56', 'ee6ef004-541a-4a08-81e4-d9b9ddcca8a9', '2025-07-13 15:24:22.035306+00'),
	('9796a94e-978c-4ac5-94f1-d2a4c1994a15', 'Batch 57', 'ee6ef004-541a-4a08-81e4-d9b9ddcca8a9', '2025-07-13 15:24:22.035306+00'),
	('06608b01-c8ef-4033-8dac-0e804d4a2d66', 'Batch 58', 'ee6ef004-541a-4a08-81e4-d9b9ddcca8a9', '2025-07-13 15:24:22.035306+00'),
	('7dfcc638-d895-46f4-990e-41ab37c41f9e', 'Batch 59', 'ee6ef004-541a-4a08-81e4-d9b9ddcca8a9', '2025-07-13 15:24:22.035306+00'),
	('7736801f-9946-4157-b784-674d7b2ad418', 'Batch 60', 'ee6ef004-541a-4a08-81e4-d9b9ddcca8a9', '2025-07-13 15:24:22.035306+00'),
	('dec63294-1b13-4f59-af91-3cdf604b00c7', 'Batch 61', 'ee6ef004-541a-4a08-81e4-d9b9ddcca8a9', '2025-07-13 15:24:22.035306+00'),
	('ef2f3f91-358f-4b39-a3c7-55681da6cc73', 'Batch 62', 'ee6ef004-541a-4a08-81e4-d9b9ddcca8a9', '2025-07-13 15:24:22.035306+00'),
	('e13d9839-227f-4c8e-b834-2b933689c592', 'Batch 63', 'ee6ef004-541a-4a08-81e4-d9b9ddcca8a9', '2025-07-13 15:24:22.035306+00'),
	('d752b6a2-5ce7-4021-937b-bab956ce5932', 'Batch 64', 'ee6ef004-541a-4a08-81e4-d9b9ddcca8a9', '2025-07-13 15:24:22.035306+00'),
	('c22e9ceb-4098-4227-8891-40392deed811', 'Batch 65', 'ee6ef004-541a-4a08-81e4-d9b9ddcca8a9', '2025-07-13 15:24:22.035306+00'),
	('d29473ff-9baf-40db-b9e4-639110f21bdd', 'Batch 66', 'ee6ef004-541a-4a08-81e4-d9b9ddcca8a9', '2025-07-13 15:24:22.035306+00'),
	('9c9aa0e7-1c67-4f84-aecb-868c15a260c9', 'Batch 67', 'ee6ef004-541a-4a08-81e4-d9b9ddcca8a9', '2025-07-13 15:24:22.035306+00'),
	('7d02e001-87b1-4198-95d7-d3d94b047d47', 'Batch 68', 'ee6ef004-541a-4a08-81e4-d9b9ddcca8a9', '2025-07-13 15:24:22.035306+00'),
	('f80a08b0-c60c-4504-a2e0-846ce78d5809', 'Batch 69', 'ee6ef004-541a-4a08-81e4-d9b9ddcca8a9', '2025-07-13 15:24:22.035306+00'),
	('6f4322b6-fbc2-4e82-9f04-08379d717746', 'Batch 70', 'ee6ef004-541a-4a08-81e4-d9b9ddcca8a9', '2025-07-13 15:24:22.035306+00'),
	('ae5da4bd-4a4f-4f13-97f4-1c3674ce6d56', 'Batch 50', '3f9ee149-961a-4683-bce9-df7d74ba2152', '2025-07-13 15:24:22.035306+00'),
	('6be9f112-71ee-4ee8-91fe-7a0502654387', 'Batch 51', '3f9ee149-961a-4683-bce9-df7d74ba2152', '2025-07-13 15:24:22.035306+00'),
	('f2597247-78d4-4abd-909a-a1796ac48ed5', 'Batch 52', '3f9ee149-961a-4683-bce9-df7d74ba2152', '2025-07-13 15:24:22.035306+00'),
	('08ef131b-1b25-4a75-a1bc-2cb4cb3776c0', 'Batch 53', '3f9ee149-961a-4683-bce9-df7d74ba2152', '2025-07-13 15:24:22.035306+00'),
	('92761290-a77f-4afb-851d-a894c72f7a6e', 'Batch 54', '3f9ee149-961a-4683-bce9-df7d74ba2152', '2025-07-13 15:24:22.035306+00'),
	('93e83783-9ac3-40bf-b3e3-24fd9b5688a5', 'Batch 55', '3f9ee149-961a-4683-bce9-df7d74ba2152', '2025-07-13 15:24:22.035306+00'),
	('3739b4b9-4bcd-41b1-b70f-c91253d0a8ed', 'Batch 56', '3f9ee149-961a-4683-bce9-df7d74ba2152', '2025-07-13 15:24:22.035306+00'),
	('7ac67fcf-0285-4978-999e-e65fd90092f3', 'Batch 57', '3f9ee149-961a-4683-bce9-df7d74ba2152', '2025-07-13 15:24:22.035306+00'),
	('8b2fbfaa-313e-439e-b634-d1addcf1a766', 'Batch 58', '3f9ee149-961a-4683-bce9-df7d74ba2152', '2025-07-13 15:24:22.035306+00'),
	('70253a4d-1eb0-46d5-9e6f-72be5002b177', 'Batch 59', '3f9ee149-961a-4683-bce9-df7d74ba2152', '2025-07-13 15:24:22.035306+00'),
	('9beb12a0-b59b-4175-8538-7976f0289de7', 'Batch 60', '3f9ee149-961a-4683-bce9-df7d74ba2152', '2025-07-13 15:24:22.035306+00'),
	('11abcc06-24e9-4fce-ba62-3c2470bcac9a', 'Batch 61', '3f9ee149-961a-4683-bce9-df7d74ba2152', '2025-07-13 15:24:22.035306+00'),
	('2f693074-467b-43c9-bd19-2d6f46377ccc', 'Batch 62', '3f9ee149-961a-4683-bce9-df7d74ba2152', '2025-07-13 15:24:22.035306+00'),
	('92f3efa8-d303-4a59-95e4-172fee7838e8', 'Batch 63', '3f9ee149-961a-4683-bce9-df7d74ba2152', '2025-07-13 15:24:22.035306+00'),
	('e6b4346a-e847-4384-9613-0c1fe15809b4', 'Batch 64', '3f9ee149-961a-4683-bce9-df7d74ba2152', '2025-07-13 15:24:22.035306+00'),
	('f21ec178-46cf-4791-8ed8-54bbf698dff6', 'Batch 65', '3f9ee149-961a-4683-bce9-df7d74ba2152', '2025-07-13 15:24:22.035306+00'),
	('0502feda-d104-45e5-91d9-9c1038799cca', 'Batch 66', '3f9ee149-961a-4683-bce9-df7d74ba2152', '2025-07-13 15:24:22.035306+00'),
	('a34ad5f5-9795-46ff-a05e-680d6339d7fd', 'Batch 67', '3f9ee149-961a-4683-bce9-df7d74ba2152', '2025-07-13 15:24:22.035306+00'),
	('4e9d51a5-22a5-4398-9db4-bbcf8296b656', 'Batch 68', '3f9ee149-961a-4683-bce9-df7d74ba2152', '2025-07-13 15:24:22.035306+00'),
	('2bea0813-41f8-4158-8e79-df8a098362db', 'Batch 69', '3f9ee149-961a-4683-bce9-df7d74ba2152', '2025-07-13 15:24:22.035306+00'),
	('0b9e0540-3bb8-4078-bb8b-76b9dc2edcaf', 'Batch 70', '3f9ee149-961a-4683-bce9-df7d74ba2152', '2025-07-13 15:24:22.035306+00'),
	('7d51e611-4d4a-496b-b895-fb6ece49ac66', 'Batch 50', 'b14b7250-7c8f-4a99-8bcb-388747486dfb', '2025-07-13 15:24:22.035306+00'),
	('b5fe63ff-4f47-4b08-818d-60b69d10e0a8', 'Batch 51', 'b14b7250-7c8f-4a99-8bcb-388747486dfb', '2025-07-13 15:24:22.035306+00'),
	('23d05281-ad6d-40de-9a59-c12fae303f4e', 'Batch 52', 'b14b7250-7c8f-4a99-8bcb-388747486dfb', '2025-07-13 15:24:22.035306+00'),
	('667cd96f-b917-4fc6-a941-07983050b995', 'Batch 53', 'b14b7250-7c8f-4a99-8bcb-388747486dfb', '2025-07-13 15:24:22.035306+00'),
	('26fb0c7b-a2c9-4d4a-a3e2-9425a46057cc', 'Batch 54', 'b14b7250-7c8f-4a99-8bcb-388747486dfb', '2025-07-13 15:24:22.035306+00'),
	('4893b77e-ebb2-438b-aede-38a928dff077', 'Batch 55', 'b14b7250-7c8f-4a99-8bcb-388747486dfb', '2025-07-13 15:24:22.035306+00'),
	('de7c83e5-6ab1-4f6c-8dbc-595c489d602e', 'Batch 56', 'b14b7250-7c8f-4a99-8bcb-388747486dfb', '2025-07-13 15:24:22.035306+00'),
	('cda8737f-56b5-4ba4-949e-30066cf7f6da', 'Batch 57', 'b14b7250-7c8f-4a99-8bcb-388747486dfb', '2025-07-13 15:24:22.035306+00'),
	('ba982a5c-25ad-474e-a1af-7799ce623747', 'Batch 58', 'b14b7250-7c8f-4a99-8bcb-388747486dfb', '2025-07-13 15:24:22.035306+00'),
	('2015f5e6-faaa-4e46-80e8-9f39f8c564f7', 'Batch 59', 'b14b7250-7c8f-4a99-8bcb-388747486dfb', '2025-07-13 15:24:22.035306+00'),
	('ed13a38c-33a5-4f8f-9f0f-5ff39bba5733', 'Batch 60', 'b14b7250-7c8f-4a99-8bcb-388747486dfb', '2025-07-13 15:24:22.035306+00'),
	('8dcc8d8c-7f7f-47f2-be96-f341e2d9fb92', 'Batch 61', 'b14b7250-7c8f-4a99-8bcb-388747486dfb', '2025-07-13 15:24:22.035306+00'),
	('ef1d3269-1511-4d70-a7f6-8559055c3022', 'Batch 62', 'b14b7250-7c8f-4a99-8bcb-388747486dfb', '2025-07-13 15:24:22.035306+00'),
	('90ed8594-23bd-4608-b811-eec02bcd72f3', 'Batch 63', 'b14b7250-7c8f-4a99-8bcb-388747486dfb', '2025-07-13 15:24:22.035306+00'),
	('a8149099-65b2-4d54-ad2a-5415757980d5', 'Batch 64', 'b14b7250-7c8f-4a99-8bcb-388747486dfb', '2025-07-13 15:24:22.035306+00'),
	('6732ee1b-12c5-49c3-b63f-243ab957ec55', 'Batch 65', 'b14b7250-7c8f-4a99-8bcb-388747486dfb', '2025-07-13 15:24:22.035306+00'),
	('3cb0cede-b749-4667-a836-7dfc90b495fd', 'Batch 66', 'b14b7250-7c8f-4a99-8bcb-388747486dfb', '2025-07-13 15:24:22.035306+00'),
	('e08eacd1-9660-4b69-8fd3-5bd6974a4cde', 'Batch 67', 'b14b7250-7c8f-4a99-8bcb-388747486dfb', '2025-07-13 15:24:22.035306+00'),
	('eb5a876e-f0d5-40b7-9f44-46541bf20a04', 'Batch 68', 'b14b7250-7c8f-4a99-8bcb-388747486dfb', '2025-07-13 15:24:22.035306+00'),
	('ad9fb56e-dfd1-4c52-a833-4d1b942f9ef4', 'Batch 69', 'b14b7250-7c8f-4a99-8bcb-388747486dfb', '2025-07-13 15:24:22.035306+00'),
	('aee8fde0-76ae-4a1e-affc-4c5ea44f5fce', 'Batch 70', 'b14b7250-7c8f-4a99-8bcb-388747486dfb', '2025-07-13 15:24:22.035306+00');


--
-- Data for Name: sections; Type: TABLE DATA; Schema: public; Owner: postgres
--

INSERT INTO "public"."sections" ("id", "name", "batch_id", "created_at") VALUES
	('1c8e95cb-9eb8-4944-adcd-49102b81690b', 'Section A', '30b7b6c6-0d2f-4499-a795-17984ca5ea9b', '2025-07-13 15:24:22.035306+00'),
	('fd1bbf9b-ded6-4324-8d40-01b916bb6004', 'Section B', '30b7b6c6-0d2f-4499-a795-17984ca5ea9b', '2025-07-13 15:24:22.035306+00'),
	('940022c5-68d8-4d29-9f58-c864164fa8f0', 'Section C', '30b7b6c6-0d2f-4499-a795-17984ca5ea9b', '2025-07-13 15:24:22.035306+00'),
	('7943ddce-87d7-47a8-a66f-6a2fdea5a67b', 'Section D', '30b7b6c6-0d2f-4499-a795-17984ca5ea9b', '2025-07-13 15:24:22.035306+00'),
	('b93448a3-89b8-4f2c-b548-1df9569e87c1', 'Section E', '30b7b6c6-0d2f-4499-a795-17984ca5ea9b', '2025-07-13 15:24:22.035306+00'),
	('0d46951d-9a27-4170-a379-e99cb1b356c3', 'Section F', '30b7b6c6-0d2f-4499-a795-17984ca5ea9b', '2025-07-13 15:24:22.035306+00'),
	('6b2e50da-bf28-4c0b-98b5-fc60a4909af2', 'Section G', '30b7b6c6-0d2f-4499-a795-17984ca5ea9b', '2025-07-13 15:24:22.035306+00'),
	('3e86e6c2-89c6-419f-a7ad-8e55195e8486', 'Section H', '30b7b6c6-0d2f-4499-a795-17984ca5ea9b', '2025-07-13 15:24:22.035306+00'),
	('145ba5fe-a86a-409f-a413-d3162f2c40c4', 'Section I', '30b7b6c6-0d2f-4499-a795-17984ca5ea9b', '2025-07-13 15:24:22.035306+00'),
	('06d9716a-05fe-43a8-b886-faf986a9f6a5', 'Section J', '30b7b6c6-0d2f-4499-a795-17984ca5ea9b', '2025-07-13 15:24:22.035306+00'),
	('1de65916-fa6b-4713-b696-cd63b816bbf2', 'Section K', '30b7b6c6-0d2f-4499-a795-17984ca5ea9b', '2025-07-13 15:24:22.035306+00'),
	('c8e0351b-a732-44f8-814c-c422b1732517', 'Section L', '30b7b6c6-0d2f-4499-a795-17984ca5ea9b', '2025-07-13 15:24:22.035306+00'),
	('dd6f31e7-db34-4999-b4ad-86d3b800481a', 'Section M', '30b7b6c6-0d2f-4499-a795-17984ca5ea9b', '2025-07-13 15:24:22.035306+00'),
	('7f10a0b4-77a4-4f1a-8ef0-3320714b7477', 'Section N', '30b7b6c6-0d2f-4499-a795-17984ca5ea9b', '2025-07-13 15:24:22.035306+00'),
	('a0319ed6-945e-44f1-9b6a-3b234c69d167', 'Section O', '30b7b6c6-0d2f-4499-a795-17984ca5ea9b', '2025-07-13 15:24:22.035306+00'),
	('7b0f0a2e-0ab8-406a-890d-e28f4acf5df1', 'Section P', '30b7b6c6-0d2f-4499-a795-17984ca5ea9b', '2025-07-13 15:24:22.035306+00'),
	('c82dee6d-e6ff-40ec-af51-0e4a9d5ad839', 'Section Q', '30b7b6c6-0d2f-4499-a795-17984ca5ea9b', '2025-07-13 15:24:22.035306+00'),
	('927f96f7-5c28-440e-b895-9ec88ad4f89a', 'Section R', '30b7b6c6-0d2f-4499-a795-17984ca5ea9b', '2025-07-13 15:24:22.035306+00'),
	('b160abdb-ba60-4b46-83f7-e70faa23ca7c', 'Section S', '30b7b6c6-0d2f-4499-a795-17984ca5ea9b', '2025-07-13 15:24:22.035306+00'),
	('f45bd7d1-28ab-4098-9cb6-ce5bb9661472', 'Section T', '30b7b6c6-0d2f-4499-a795-17984ca5ea9b', '2025-07-13 15:24:22.035306+00'),
	('b3bbfb43-8ed9-41f1-af57-006959e4bbd7', 'Section U', '30b7b6c6-0d2f-4499-a795-17984ca5ea9b', '2025-07-13 15:24:22.035306+00'),
	('9bcbcea7-b106-470e-a6aa-ddb74c839e16', 'Section V', '30b7b6c6-0d2f-4499-a795-17984ca5ea9b', '2025-07-13 15:24:22.035306+00'),
	('cc2c516a-c8d6-4622-8252-4ad853b709a2', 'Section W', '30b7b6c6-0d2f-4499-a795-17984ca5ea9b', '2025-07-13 15:24:22.035306+00'),
	('e467518a-75d4-4b4d-a0ec-9a25baede589', 'Section X', '30b7b6c6-0d2f-4499-a795-17984ca5ea9b', '2025-07-13 15:24:22.035306+00'),
	('86c6ba91-e8e9-44f0-b684-c0995474e2b1', 'Section Y', '30b7b6c6-0d2f-4499-a795-17984ca5ea9b', '2025-07-13 15:24:22.035306+00'),
	('b48f2e08-07c9-48ec-8302-4da1393d1f27', 'Section Z', '30b7b6c6-0d2f-4499-a795-17984ca5ea9b', '2025-07-13 15:24:22.035306+00'),
	('6b6092ad-1374-4e0e-b79a-e4289e38a37d', 'Section A', '837c8654-5e12-47e5-b74e-7e8476efb61a', '2025-07-13 15:24:22.035306+00'),
	('93693989-fda8-4bce-a5d1-b8654baef216', 'Section B', '837c8654-5e12-47e5-b74e-7e8476efb61a', '2025-07-13 15:24:22.035306+00'),
	('98ddc8cc-5d5b-467e-9ebe-a97e190952b8', 'Section C', '837c8654-5e12-47e5-b74e-7e8476efb61a', '2025-07-13 15:24:22.035306+00'),
	('507a54f5-5cfd-415c-8d4b-ccf81a329eb6', 'Section D', '837c8654-5e12-47e5-b74e-7e8476efb61a', '2025-07-13 15:24:22.035306+00'),
	('055e4daf-e5bb-418a-b357-4d5073fb45db', 'Section E', '837c8654-5e12-47e5-b74e-7e8476efb61a', '2025-07-13 15:24:22.035306+00'),
	('70731458-d895-4ca7-9557-ffa4fd2e7850', 'Section F', '837c8654-5e12-47e5-b74e-7e8476efb61a', '2025-07-13 15:24:22.035306+00'),
	('eb8ea8c6-49e5-4a59-97c4-3cf1c92a57c6', 'Section G', '837c8654-5e12-47e5-b74e-7e8476efb61a', '2025-07-13 15:24:22.035306+00'),
	('532e0347-ab1c-4fcd-8664-a9b761b588d4', 'Section H', '837c8654-5e12-47e5-b74e-7e8476efb61a', '2025-07-13 15:24:22.035306+00'),
	('a4676447-8bf7-4a7a-a67e-aff1d0ad0d06', 'Section I', '837c8654-5e12-47e5-b74e-7e8476efb61a', '2025-07-13 15:24:22.035306+00'),
	('c554050d-6479-44c1-be29-c8bfcb5e786a', 'Section J', '837c8654-5e12-47e5-b74e-7e8476efb61a', '2025-07-13 15:24:22.035306+00'),
	('343d3a18-9316-4b69-98c2-c5ce78fb66ae', 'Section K', '837c8654-5e12-47e5-b74e-7e8476efb61a', '2025-07-13 15:24:22.035306+00'),
	('4d625321-ad4f-4e26-b39d-788347cbe3f4', 'Section L', '837c8654-5e12-47e5-b74e-7e8476efb61a', '2025-07-13 15:24:22.035306+00'),
	('b6dc1331-a321-49b5-9161-7ab33fbac962', 'Section M', '837c8654-5e12-47e5-b74e-7e8476efb61a', '2025-07-13 15:24:22.035306+00'),
	('47fa62f1-d7c7-4a86-9d99-2053970e214a', 'Section N', '837c8654-5e12-47e5-b74e-7e8476efb61a', '2025-07-13 15:24:22.035306+00'),
	('4d99ba5b-6377-42c3-8fcf-c6a4e73410f7', 'Section O', '837c8654-5e12-47e5-b74e-7e8476efb61a', '2025-07-13 15:24:22.035306+00'),
	('15fcb000-41b6-4872-ac59-965eb64f57b1', 'Section P', '837c8654-5e12-47e5-b74e-7e8476efb61a', '2025-07-13 15:24:22.035306+00'),
	('72dcb252-11eb-4b83-83bc-7b45e7dc0892', 'Section Q', '837c8654-5e12-47e5-b74e-7e8476efb61a', '2025-07-13 15:24:22.035306+00'),
	('37ce98b5-82b7-4769-9d8d-258248cdce1d', 'Section R', '837c8654-5e12-47e5-b74e-7e8476efb61a', '2025-07-13 15:24:22.035306+00'),
	('11fc730b-5284-45c6-9b5e-f0cc2b2fcccf', 'Section S', '837c8654-5e12-47e5-b74e-7e8476efb61a', '2025-07-13 15:24:22.035306+00'),
	('76bedba6-d2a5-4b93-80ed-8a86c6f9479f', 'Section T', '837c8654-5e12-47e5-b74e-7e8476efb61a', '2025-07-13 15:24:22.035306+00'),
	('ea574283-f9df-4c18-bbc4-62dbebaee8f6', 'Section U', '837c8654-5e12-47e5-b74e-7e8476efb61a', '2025-07-13 15:24:22.035306+00'),
	('d2538c2e-295c-45eb-9668-0f028ae047be', 'Section V', '837c8654-5e12-47e5-b74e-7e8476efb61a', '2025-07-13 15:24:22.035306+00'),
	('fc7b5e42-82d7-484e-9a3f-3c814b4aa37f', 'Section W', '837c8654-5e12-47e5-b74e-7e8476efb61a', '2025-07-13 15:24:22.035306+00'),
	('a04a36b3-f727-4636-90d1-5fce83975f78', 'Section X', '837c8654-5e12-47e5-b74e-7e8476efb61a', '2025-07-13 15:24:22.035306+00'),
	('536a5294-011d-4731-bf9c-88f24e058382', 'Section Y', '837c8654-5e12-47e5-b74e-7e8476efb61a', '2025-07-13 15:24:22.035306+00'),
	('d568340c-92bc-445d-8500-079a0116b276', 'Section Z', '837c8654-5e12-47e5-b74e-7e8476efb61a', '2025-07-13 15:24:22.035306+00'),
	('1a9d5eb3-52b1-4bc7-bbcc-4d71d6af60f7', 'Section A', '7409d0ae-2535-416d-ab01-b52af518bef4', '2025-07-13 15:24:22.035306+00'),
	('3b4489b0-11cc-481f-9ffe-f854c6ea9c7a', 'Section B', '7409d0ae-2535-416d-ab01-b52af518bef4', '2025-07-13 15:24:22.035306+00'),
	('ec210760-d076-4363-ad20-2b0a949b19d0', 'Section C', '7409d0ae-2535-416d-ab01-b52af518bef4', '2025-07-13 15:24:22.035306+00'),
	('06cdff4d-3a2d-481e-a3b9-d373e582ba92', 'Section D', '7409d0ae-2535-416d-ab01-b52af518bef4', '2025-07-13 15:24:22.035306+00'),
	('8c895724-3959-47cf-b546-5c08e6c8214b', 'Section E', '7409d0ae-2535-416d-ab01-b52af518bef4', '2025-07-13 15:24:22.035306+00'),
	('3d71ab08-6a5a-4482-a895-ca13aeb6e614', 'Section F', '7409d0ae-2535-416d-ab01-b52af518bef4', '2025-07-13 15:24:22.035306+00'),
	('1bc91629-dbe8-4503-ac85-5ca555695ae2', 'Section G', '7409d0ae-2535-416d-ab01-b52af518bef4', '2025-07-13 15:24:22.035306+00'),
	('f17dedd9-67fa-412e-a555-3b7139a0873e', 'Section H', '7409d0ae-2535-416d-ab01-b52af518bef4', '2025-07-13 15:24:22.035306+00'),
	('9311d2a4-b066-4acd-abc9-f92160dbc3fd', 'Section I', '7409d0ae-2535-416d-ab01-b52af518bef4', '2025-07-13 15:24:22.035306+00'),
	('54ffb56f-50a9-4d6c-9af5-1a75e8afe354', 'Section J', '7409d0ae-2535-416d-ab01-b52af518bef4', '2025-07-13 15:24:22.035306+00'),
	('df4aa686-9ace-4bc5-9f4d-34cb012471d4', 'Section K', '7409d0ae-2535-416d-ab01-b52af518bef4', '2025-07-13 15:24:22.035306+00'),
	('041e780f-7f83-458f-8be8-ea33a4efb40c', 'Section L', '7409d0ae-2535-416d-ab01-b52af518bef4', '2025-07-13 15:24:22.035306+00'),
	('62c23b1c-289e-4f82-9c95-30881544ce20', 'Section M', '7409d0ae-2535-416d-ab01-b52af518bef4', '2025-07-13 15:24:22.035306+00'),
	('cb0aa4fb-819d-4543-847e-0be7b83ac28c', 'Section N', '7409d0ae-2535-416d-ab01-b52af518bef4', '2025-07-13 15:24:22.035306+00'),
	('5debb46e-865b-408d-9e62-e8da4069a0b6', 'Section O', '7409d0ae-2535-416d-ab01-b52af518bef4', '2025-07-13 15:24:22.035306+00'),
	('4c63320e-8d77-4064-9b60-f5c3ac3783e5', 'Section P', '7409d0ae-2535-416d-ab01-b52af518bef4', '2025-07-13 15:24:22.035306+00'),
	('a4e4e22a-0d4f-4053-a1d0-5edfce00cd40', 'Section Q', '7409d0ae-2535-416d-ab01-b52af518bef4', '2025-07-13 15:24:22.035306+00'),
	('dcaa1f88-7d30-44e6-872d-d11133696893', 'Section R', '7409d0ae-2535-416d-ab01-b52af518bef4', '2025-07-13 15:24:22.035306+00'),
	('1a2b0f96-201e-48b9-989e-af285d8a2eef', 'Section S', '7409d0ae-2535-416d-ab01-b52af518bef4', '2025-07-13 15:24:22.035306+00'),
	('3d5b9dca-4a51-4361-ad62-0f8bdc7f2c8f', 'Section T', '7409d0ae-2535-416d-ab01-b52af518bef4', '2025-07-13 15:24:22.035306+00'),
	('2a29d076-7042-4fb2-b882-4b3392c0e08c', 'Section U', '7409d0ae-2535-416d-ab01-b52af518bef4', '2025-07-13 15:24:22.035306+00'),
	('a288a8cc-8788-4fc4-8580-c3a50cdc6123', 'Section V', '7409d0ae-2535-416d-ab01-b52af518bef4', '2025-07-13 15:24:22.035306+00'),
	('e575508a-059d-414a-a8d8-ede4cf47a370', 'Section W', '7409d0ae-2535-416d-ab01-b52af518bef4', '2025-07-13 15:24:22.035306+00'),
	('46ee5803-004c-4fd1-995a-cf9a40dd415c', 'Section X', '7409d0ae-2535-416d-ab01-b52af518bef4', '2025-07-13 15:24:22.035306+00'),
	('dc6556fd-ae40-4c9a-8c6d-055c9e436de6', 'Section Y', '7409d0ae-2535-416d-ab01-b52af518bef4', '2025-07-13 15:24:22.035306+00'),
	('e23dac4d-7c12-4524-bc27-43ab8717a686', 'Section Z', '7409d0ae-2535-416d-ab01-b52af518bef4', '2025-07-13 15:24:22.035306+00'),
	('c0c95834-be85-461e-bcb4-a45feec23571', 'Section A', '31cf4e7c-6b85-4870-b293-4972216181a9', '2025-07-13 15:24:22.035306+00'),
	('6104e62f-9b3c-425e-a536-2a4f2ccc83ee', 'Section B', '31cf4e7c-6b85-4870-b293-4972216181a9', '2025-07-13 15:24:22.035306+00'),
	('9fdbb65e-67a6-4115-a15b-3438822c1754', 'Section C', '31cf4e7c-6b85-4870-b293-4972216181a9', '2025-07-13 15:24:22.035306+00'),
	('135cc872-164c-48dd-83d4-9d62188dc7b0', 'Section D', '31cf4e7c-6b85-4870-b293-4972216181a9', '2025-07-13 15:24:22.035306+00'),
	('d5c831a0-24ef-42cf-a1e8-9f04e479127b', 'Section E', '31cf4e7c-6b85-4870-b293-4972216181a9', '2025-07-13 15:24:22.035306+00'),
	('6e12c646-2b13-41b7-8cf2-d968aeebcb9b', 'Section F', '31cf4e7c-6b85-4870-b293-4972216181a9', '2025-07-13 15:24:22.035306+00'),
	('b0d2c8c5-6b7a-475e-a6d6-5f141ed60ba2', 'Section G', '31cf4e7c-6b85-4870-b293-4972216181a9', '2025-07-13 15:24:22.035306+00'),
	('be6f58ec-8ac9-4693-be26-760f278f7a1c', 'Section H', '31cf4e7c-6b85-4870-b293-4972216181a9', '2025-07-13 15:24:22.035306+00'),
	('57c07498-9a2a-41c1-9f05-7a64e58f39cf', 'Section I', '31cf4e7c-6b85-4870-b293-4972216181a9', '2025-07-13 15:24:22.035306+00'),
	('d87c9e36-3b33-478d-ab6c-d4b1e4133f6b', 'Section J', '31cf4e7c-6b85-4870-b293-4972216181a9', '2025-07-13 15:24:22.035306+00'),
	('87196424-55ec-4028-9adc-1f1d76ec5273', 'Section K', '31cf4e7c-6b85-4870-b293-4972216181a9', '2025-07-13 15:24:22.035306+00'),
	('c8860d6f-5501-4c58-ac86-00b12c72a08b', 'Section L', '31cf4e7c-6b85-4870-b293-4972216181a9', '2025-07-13 15:24:22.035306+00'),
	('dbb22dad-4ef3-47fa-be75-9b99dafac3e9', 'Section M', '31cf4e7c-6b85-4870-b293-4972216181a9', '2025-07-13 15:24:22.035306+00'),
	('ebb2d3be-5231-4c37-a203-6d461b321d05', 'Section N', '31cf4e7c-6b85-4870-b293-4972216181a9', '2025-07-13 15:24:22.035306+00'),
	('2326ff50-c9b6-4ec5-8282-0c9b661b0b03', 'Section O', '31cf4e7c-6b85-4870-b293-4972216181a9', '2025-07-13 15:24:22.035306+00'),
	('16375c6b-3023-4fa7-8cd5-39b5cc007324', 'Section P', '31cf4e7c-6b85-4870-b293-4972216181a9', '2025-07-13 15:24:22.035306+00'),
	('94733cfb-bad3-4c56-bab6-0cee0a357213', 'Section Q', '31cf4e7c-6b85-4870-b293-4972216181a9', '2025-07-13 15:24:22.035306+00'),
	('064087f7-bec1-4df3-b7d7-7725cbd03ab2', 'Section R', '31cf4e7c-6b85-4870-b293-4972216181a9', '2025-07-13 15:24:22.035306+00'),
	('ceb858f9-79ac-47c6-b556-38218262fa07', 'Section S', '31cf4e7c-6b85-4870-b293-4972216181a9', '2025-07-13 15:24:22.035306+00'),
	('340b971f-d51b-4acb-a1b5-e01751de0d6c', 'Section T', '31cf4e7c-6b85-4870-b293-4972216181a9', '2025-07-13 15:24:22.035306+00'),
	('bcc7f6e7-558a-4030-b6b7-ee9a243399b2', 'Section U', '31cf4e7c-6b85-4870-b293-4972216181a9', '2025-07-13 15:24:22.035306+00'),
	('7b50b81c-9aa9-4174-b97c-bbef44322d22', 'Section V', '31cf4e7c-6b85-4870-b293-4972216181a9', '2025-07-13 15:24:22.035306+00'),
	('0ac4a52f-44c3-4daf-b2b8-66f5907db653', 'Section W', '31cf4e7c-6b85-4870-b293-4972216181a9', '2025-07-13 15:24:22.035306+00'),
	('d4612544-fe0b-425b-869a-872155ebafd8', 'Section X', '31cf4e7c-6b85-4870-b293-4972216181a9', '2025-07-13 15:24:22.035306+00'),
	('0ac70fe1-d924-4ddb-8f22-c15377b55bd2', 'Section Y', '31cf4e7c-6b85-4870-b293-4972216181a9', '2025-07-13 15:24:22.035306+00'),
	('0fafc8e4-6264-4b9c-8a16-088ea757bde1', 'Section Z', '31cf4e7c-6b85-4870-b293-4972216181a9', '2025-07-13 15:24:22.035306+00'),
	('71308901-9b34-4803-b93b-110c873134c2', 'Section A', 'e5022363-d905-49dc-919f-95d586437297', '2025-07-13 15:24:22.035306+00'),
	('8174470f-e0c5-4152-aeb0-4347c595840c', 'Section B', 'e5022363-d905-49dc-919f-95d586437297', '2025-07-13 15:24:22.035306+00'),
	('28852b90-9cf0-461a-93fe-66748b92d569', 'Section C', 'e5022363-d905-49dc-919f-95d586437297', '2025-07-13 15:24:22.035306+00'),
	('578ab295-ee39-4289-bbfb-54c7618d0dc9', 'Section D', 'e5022363-d905-49dc-919f-95d586437297', '2025-07-13 15:24:22.035306+00'),
	('9ab65601-13d1-4077-9576-284100733b61', 'Section E', 'e5022363-d905-49dc-919f-95d586437297', '2025-07-13 15:24:22.035306+00'),
	('7122d548-48c8-419a-b928-489d7ce75c6a', 'Section F', 'e5022363-d905-49dc-919f-95d586437297', '2025-07-13 15:24:22.035306+00'),
	('ff27e5b9-c8b5-4ccf-b494-dd34cee73a52', 'Section G', 'e5022363-d905-49dc-919f-95d586437297', '2025-07-13 15:24:22.035306+00'),
	('750c304a-3012-4333-a665-6ce7fe7dc278', 'Section H', 'e5022363-d905-49dc-919f-95d586437297', '2025-07-13 15:24:22.035306+00'),
	('a29301c3-e8f6-488f-8268-557f6bcdc94d', 'Section I', 'e5022363-d905-49dc-919f-95d586437297', '2025-07-13 15:24:22.035306+00'),
	('82ffa130-a3d1-4c52-bb0b-0054b6fea4e4', 'Section J', 'e5022363-d905-49dc-919f-95d586437297', '2025-07-13 15:24:22.035306+00'),
	('4cb6e21b-8c2a-48e6-a43f-0fc795f1dafa', 'Section K', 'e5022363-d905-49dc-919f-95d586437297', '2025-07-13 15:24:22.035306+00'),
	('d17adfbd-ff23-4519-b19c-7dc1e4d6b1a6', 'Section L', 'e5022363-d905-49dc-919f-95d586437297', '2025-07-13 15:24:22.035306+00'),
	('4dea04c7-6536-40ac-bb0b-6f9260ba9877', 'Section M', 'e5022363-d905-49dc-919f-95d586437297', '2025-07-13 15:24:22.035306+00'),
	('f05fa562-1543-402c-a2fd-8510e145b18f', 'Section N', 'e5022363-d905-49dc-919f-95d586437297', '2025-07-13 15:24:22.035306+00'),
	('4c803675-994e-49db-b8f9-353f0be48524', 'Section O', 'e5022363-d905-49dc-919f-95d586437297', '2025-07-13 15:24:22.035306+00'),
	('5ef7180a-3aca-4dfa-8650-a2c786caf835', 'Section P', 'e5022363-d905-49dc-919f-95d586437297', '2025-07-13 15:24:22.035306+00'),
	('e265cdc1-5238-480a-bef3-69391ae20d63', 'Section Q', 'e5022363-d905-49dc-919f-95d586437297', '2025-07-13 15:24:22.035306+00'),
	('80361db7-b341-4425-94c1-46ff541f4c8e', 'Section R', 'e5022363-d905-49dc-919f-95d586437297', '2025-07-13 15:24:22.035306+00'),
	('55992c5d-6a39-457f-9468-ab6fa7850f6f', 'Section S', 'e5022363-d905-49dc-919f-95d586437297', '2025-07-13 15:24:22.035306+00'),
	('ef2f0950-98cd-4614-aa0f-0f96d1af0443', 'Section T', 'e5022363-d905-49dc-919f-95d586437297', '2025-07-13 15:24:22.035306+00'),
	('12acc7c2-6ed3-4572-b0f6-16fdc6b690e8', 'Section U', 'e5022363-d905-49dc-919f-95d586437297', '2025-07-13 15:24:22.035306+00'),
	('d076d584-64d6-4cc5-94ab-afcae933d44c', 'Section V', 'e5022363-d905-49dc-919f-95d586437297', '2025-07-13 15:24:22.035306+00'),
	('57b0fff5-008f-48d8-88a2-ba36ff5e1179', 'Section W', 'e5022363-d905-49dc-919f-95d586437297', '2025-07-13 15:24:22.035306+00'),
	('7174cd36-59a4-49f1-b0d8-c8e01f3c46fc', 'Section X', 'e5022363-d905-49dc-919f-95d586437297', '2025-07-13 15:24:22.035306+00'),
	('e992637a-5e93-48ed-a87b-c4e5b7ac3c41', 'Section Y', 'e5022363-d905-49dc-919f-95d586437297', '2025-07-13 15:24:22.035306+00'),
	('f9974c7b-74c7-41a7-be98-2590bdefecfd', 'Section Z', 'e5022363-d905-49dc-919f-95d586437297', '2025-07-13 15:24:22.035306+00'),
	('09b3d0e5-51d0-4b10-b538-3929029e1d35', 'Section A', '550935cf-2ece-41ea-bbfd-f6bbab3f9598', '2025-07-13 15:24:22.035306+00'),
	('135210f3-3a3c-4c30-9d2b-b99f7dbc4d93', 'Section B', '550935cf-2ece-41ea-bbfd-f6bbab3f9598', '2025-07-13 15:24:22.035306+00'),
	('3876dbde-fe33-46a3-90c8-bcf1c9a8c86c', 'Section C', '550935cf-2ece-41ea-bbfd-f6bbab3f9598', '2025-07-13 15:24:22.035306+00'),
	('f7ee1111-7ef2-4365-a082-a18bc68a9b42', 'Section D', '550935cf-2ece-41ea-bbfd-f6bbab3f9598', '2025-07-13 15:24:22.035306+00'),
	('b632ff83-991a-444e-a998-6394f1e6c71c', 'Section E', '550935cf-2ece-41ea-bbfd-f6bbab3f9598', '2025-07-13 15:24:22.035306+00'),
	('2c107ae6-5363-4b29-80fc-e051539fd3ef', 'Section F', '550935cf-2ece-41ea-bbfd-f6bbab3f9598', '2025-07-13 15:24:22.035306+00'),
	('efc141a0-f3f3-41fb-bcb8-27a274afaa12', 'Section G', '550935cf-2ece-41ea-bbfd-f6bbab3f9598', '2025-07-13 15:24:22.035306+00'),
	('70e227b1-7a04-4c59-accf-2e9dbf6a28ee', 'Section H', '550935cf-2ece-41ea-bbfd-f6bbab3f9598', '2025-07-13 15:24:22.035306+00'),
	('83a59b29-b3f7-46a5-91f2-86470d175554', 'Section I', '550935cf-2ece-41ea-bbfd-f6bbab3f9598', '2025-07-13 15:24:22.035306+00'),
	('3d4bbdf4-7610-49db-b4f9-e1aaa6ecd49f', 'Section J', '550935cf-2ece-41ea-bbfd-f6bbab3f9598', '2025-07-13 15:24:22.035306+00'),
	('af4dbcd3-b860-4242-9d53-fcfa889f5d1c', 'Section K', '550935cf-2ece-41ea-bbfd-f6bbab3f9598', '2025-07-13 15:24:22.035306+00'),
	('9d6b9eb8-0e5c-4622-8a17-288d8602c95f', 'Section L', '550935cf-2ece-41ea-bbfd-f6bbab3f9598', '2025-07-13 15:24:22.035306+00'),
	('3e2e3646-40bf-44bc-8bcc-5297f7dc94f2', 'Section M', '550935cf-2ece-41ea-bbfd-f6bbab3f9598', '2025-07-13 15:24:22.035306+00'),
	('a556bcdf-747d-4d00-af0c-bce886b497c1', 'Section N', '550935cf-2ece-41ea-bbfd-f6bbab3f9598', '2025-07-13 15:24:22.035306+00'),
	('fb6a6997-a12e-49e0-b939-10eeecc99011', 'Section O', '550935cf-2ece-41ea-bbfd-f6bbab3f9598', '2025-07-13 15:24:22.035306+00'),
	('238009ad-39ff-4be7-86cc-d59739d4be67', 'Section P', '550935cf-2ece-41ea-bbfd-f6bbab3f9598', '2025-07-13 15:24:22.035306+00'),
	('f839b696-a7a4-4f3b-81e2-38e143fe80cd', 'Section Q', '550935cf-2ece-41ea-bbfd-f6bbab3f9598', '2025-07-13 15:24:22.035306+00'),
	('a7c084be-bd76-425a-8b57-e1ae786a2359', 'Section R', '550935cf-2ece-41ea-bbfd-f6bbab3f9598', '2025-07-13 15:24:22.035306+00'),
	('923565fb-e41b-4f01-ab7d-1ff816b50d81', 'Section S', '550935cf-2ece-41ea-bbfd-f6bbab3f9598', '2025-07-13 15:24:22.035306+00'),
	('9394e5a0-4758-4592-a578-af0b4035dd94', 'Section T', '550935cf-2ece-41ea-bbfd-f6bbab3f9598', '2025-07-13 15:24:22.035306+00'),
	('ee58750d-052a-4830-9be1-525280e0495c', 'Section U', '550935cf-2ece-41ea-bbfd-f6bbab3f9598', '2025-07-13 15:24:22.035306+00'),
	('5034c5a1-993d-42b2-ab73-40539c5edcf1', 'Section V', '550935cf-2ece-41ea-bbfd-f6bbab3f9598', '2025-07-13 15:24:22.035306+00'),
	('6dfd742f-9508-4b05-b100-2c3f5e46fadc', 'Section W', '550935cf-2ece-41ea-bbfd-f6bbab3f9598', '2025-07-13 15:24:22.035306+00'),
	('39b1ccc2-eaf3-428b-b3f9-704e5d22e6f3', 'Section X', '550935cf-2ece-41ea-bbfd-f6bbab3f9598', '2025-07-13 15:24:22.035306+00'),
	('d1b98ad4-0172-48e2-a37d-533b287a00e7', 'Section Y', '550935cf-2ece-41ea-bbfd-f6bbab3f9598', '2025-07-13 15:24:22.035306+00'),
	('8dc5326b-246d-44ab-9048-72eaeb4a524a', 'Section Z', '550935cf-2ece-41ea-bbfd-f6bbab3f9598', '2025-07-13 15:24:22.035306+00'),
	('a0db14eb-9e1a-4a3a-943c-30d5f6e20d2d', 'Section A', '1d870267-131c-4b65-a34a-ae97d856f238', '2025-07-13 15:24:22.035306+00'),
	('9bda4cc5-c299-4a4f-9086-a25304a3b618', 'Section B', '1d870267-131c-4b65-a34a-ae97d856f238', '2025-07-13 15:24:22.035306+00'),
	('bd0d1469-fe82-4f75-8972-c836673c42dd', 'Section C', '1d870267-131c-4b65-a34a-ae97d856f238', '2025-07-13 15:24:22.035306+00'),
	('18f10af7-fc79-4189-8b8b-df74a84feb6f', 'Section D', '1d870267-131c-4b65-a34a-ae97d856f238', '2025-07-13 15:24:22.035306+00'),
	('344143f0-de0a-44c0-bc42-e6068b5d33a5', 'Section E', '1d870267-131c-4b65-a34a-ae97d856f238', '2025-07-13 15:24:22.035306+00'),
	('9c9d9823-a55b-4561-afaa-94c22526dca4', 'Section F', '1d870267-131c-4b65-a34a-ae97d856f238', '2025-07-13 15:24:22.035306+00'),
	('3394a219-4dc4-484e-8ef9-7e7a3039153b', 'Section G', '1d870267-131c-4b65-a34a-ae97d856f238', '2025-07-13 15:24:22.035306+00'),
	('f9d7c12d-b17a-453c-8ad9-6faeed6924d3', 'Section H', '1d870267-131c-4b65-a34a-ae97d856f238', '2025-07-13 15:24:22.035306+00'),
	('5fd032d8-d840-46ce-930c-978e5a076330', 'Section I', '1d870267-131c-4b65-a34a-ae97d856f238', '2025-07-13 15:24:22.035306+00'),
	('b18e6eb8-a718-4917-aff4-d4b715acf1e2', 'Section J', '1d870267-131c-4b65-a34a-ae97d856f238', '2025-07-13 15:24:22.035306+00'),
	('967896f8-4ae3-464e-a9b5-9dbb241a3557', 'Section K', '1d870267-131c-4b65-a34a-ae97d856f238', '2025-07-13 15:24:22.035306+00'),
	('51293dfe-081b-4392-a2f5-18932fff55b4', 'Section L', '1d870267-131c-4b65-a34a-ae97d856f238', '2025-07-13 15:24:22.035306+00'),
	('f7e775cb-6d23-4d96-b8f1-2f1436846987', 'Section M', '1d870267-131c-4b65-a34a-ae97d856f238', '2025-07-13 15:24:22.035306+00'),
	('1f17ed73-0ec0-468f-8e0c-c05e82ce444d', 'Section N', '1d870267-131c-4b65-a34a-ae97d856f238', '2025-07-13 15:24:22.035306+00'),
	('d779b946-51ce-405d-8a43-5539a46216b1', 'Section O', '1d870267-131c-4b65-a34a-ae97d856f238', '2025-07-13 15:24:22.035306+00'),
	('d9bd4447-e748-46e5-be5b-9aa93078cb4d', 'Section P', '1d870267-131c-4b65-a34a-ae97d856f238', '2025-07-13 15:24:22.035306+00'),
	('5505742c-aaa6-43d6-9e32-c2e7e1ab62ab', 'Section Q', '1d870267-131c-4b65-a34a-ae97d856f238', '2025-07-13 15:24:22.035306+00'),
	('440e1b03-df60-43d4-8dc0-16f6dd263627', 'Section R', '1d870267-131c-4b65-a34a-ae97d856f238', '2025-07-13 15:24:22.035306+00'),
	('b814c962-869f-4dbb-9be1-2bc3910e8850', 'Section S', '1d870267-131c-4b65-a34a-ae97d856f238', '2025-07-13 15:24:22.035306+00'),
	('caae0af0-cbff-4ce4-9345-5888a5c83f66', 'Section T', '1d870267-131c-4b65-a34a-ae97d856f238', '2025-07-13 15:24:22.035306+00'),
	('fb58faca-2db9-468b-9ebd-a236fd31a7ae', 'Section U', '1d870267-131c-4b65-a34a-ae97d856f238', '2025-07-13 15:24:22.035306+00'),
	('b5e228ff-f0b4-4a36-8592-20f250ac9c18', 'Section V', '1d870267-131c-4b65-a34a-ae97d856f238', '2025-07-13 15:24:22.035306+00'),
	('20849c3b-58fc-4090-8d6b-6c8863cfbcf4', 'Section W', '1d870267-131c-4b65-a34a-ae97d856f238', '2025-07-13 15:24:22.035306+00'),
	('c97716a5-3e4c-4544-948a-62985b6224f8', 'Section X', '1d870267-131c-4b65-a34a-ae97d856f238', '2025-07-13 15:24:22.035306+00'),
	('6f3c821a-0760-4f04-bd10-4e7f8b6b9c53', 'Section Y', '1d870267-131c-4b65-a34a-ae97d856f238', '2025-07-13 15:24:22.035306+00'),
	('264fbed2-ca28-41af-89a4-c347cfe5dd01', 'Section Z', '1d870267-131c-4b65-a34a-ae97d856f238', '2025-07-13 15:24:22.035306+00'),
	('9c76dbba-be56-45ed-bdd9-d16347653b2c', 'Section A', 'b5d42b94-bcc7-4dd5-b5e0-289ad670b582', '2025-07-13 15:24:22.035306+00'),
	('36453308-9426-42a3-8fcb-429a69304230', 'Section B', 'b5d42b94-bcc7-4dd5-b5e0-289ad670b582', '2025-07-13 15:24:22.035306+00'),
	('f0bb29a6-b022-4b4f-ac07-40102ad5d81e', 'Section C', 'b5d42b94-bcc7-4dd5-b5e0-289ad670b582', '2025-07-13 15:24:22.035306+00'),
	('45052eed-c3d1-43da-b4ec-9922c4b25d41', 'Section D', 'b5d42b94-bcc7-4dd5-b5e0-289ad670b582', '2025-07-13 15:24:22.035306+00'),
	('bc13abff-f115-4c7e-a300-1c9fca81825c', 'Section E', 'b5d42b94-bcc7-4dd5-b5e0-289ad670b582', '2025-07-13 15:24:22.035306+00'),
	('fc74e435-efe3-47da-a773-aa308a50cb01', 'Section F', 'b5d42b94-bcc7-4dd5-b5e0-289ad670b582', '2025-07-13 15:24:22.035306+00'),
	('b13825d9-7a72-4387-ad98-6060f1931334', 'Section G', 'b5d42b94-bcc7-4dd5-b5e0-289ad670b582', '2025-07-13 15:24:22.035306+00'),
	('0d5e8e68-bfd7-470b-9f91-780f0441212c', 'Section H', 'b5d42b94-bcc7-4dd5-b5e0-289ad670b582', '2025-07-13 15:24:22.035306+00'),
	('7adbd279-137b-4768-832b-61668b358e9a', 'Section I', 'b5d42b94-bcc7-4dd5-b5e0-289ad670b582', '2025-07-13 15:24:22.035306+00'),
	('c23e70ea-4517-4baf-bbc4-0fd6fd07daea', 'Section J', 'b5d42b94-bcc7-4dd5-b5e0-289ad670b582', '2025-07-13 15:24:22.035306+00'),
	('560d0a5a-62b9-4faf-a72e-84dc11f3be5e', 'Section K', 'b5d42b94-bcc7-4dd5-b5e0-289ad670b582', '2025-07-13 15:24:22.035306+00'),
	('af79204e-5da1-466b-a5d1-10b7fc41e67f', 'Section L', 'b5d42b94-bcc7-4dd5-b5e0-289ad670b582', '2025-07-13 15:24:22.035306+00'),
	('9b944b9c-707f-4281-8059-d5bf6b1ef542', 'Section M', 'b5d42b94-bcc7-4dd5-b5e0-289ad670b582', '2025-07-13 15:24:22.035306+00'),
	('cf08190d-962b-4399-8c66-cb89804e7f79', 'Section N', 'b5d42b94-bcc7-4dd5-b5e0-289ad670b582', '2025-07-13 15:24:22.035306+00'),
	('496c2212-42a0-4a12-95ae-ce683f2283a3', 'Section O', 'b5d42b94-bcc7-4dd5-b5e0-289ad670b582', '2025-07-13 15:24:22.035306+00'),
	('f27df7fa-db82-464d-8293-d9b86fd8ad28', 'Section P', 'b5d42b94-bcc7-4dd5-b5e0-289ad670b582', '2025-07-13 15:24:22.035306+00'),
	('824139d5-3929-42e7-8370-b8531fdd5583', 'Section Q', 'b5d42b94-bcc7-4dd5-b5e0-289ad670b582', '2025-07-13 15:24:22.035306+00'),
	('478217be-52cd-4522-a794-00a37e94c172', 'Section R', 'b5d42b94-bcc7-4dd5-b5e0-289ad670b582', '2025-07-13 15:24:22.035306+00'),
	('e51e10f1-bc75-48f6-9644-f9570760fb50', 'Section S', 'b5d42b94-bcc7-4dd5-b5e0-289ad670b582', '2025-07-13 15:24:22.035306+00'),
	('f0edc942-2d52-4a83-a3f6-8e18d687f8c8', 'Section T', 'b5d42b94-bcc7-4dd5-b5e0-289ad670b582', '2025-07-13 15:24:22.035306+00'),
	('709466d0-3a0e-4e50-ae9d-9736b57685c8', 'Section U', 'b5d42b94-bcc7-4dd5-b5e0-289ad670b582', '2025-07-13 15:24:22.035306+00'),
	('8b785e1c-c700-414b-bc8f-818ef1e7245b', 'Section V', 'b5d42b94-bcc7-4dd5-b5e0-289ad670b582', '2025-07-13 15:24:22.035306+00'),
	('c0a88d96-541c-4e34-ab1d-5f2edb0e704d', 'Section W', 'b5d42b94-bcc7-4dd5-b5e0-289ad670b582', '2025-07-13 15:24:22.035306+00'),
	('5dd972dc-d60f-446d-a805-a3fda9a54ca3', 'Section X', 'b5d42b94-bcc7-4dd5-b5e0-289ad670b582', '2025-07-13 15:24:22.035306+00'),
	('262e2fd9-1385-4432-acbf-4298e6955ea1', 'Section Y', 'b5d42b94-bcc7-4dd5-b5e0-289ad670b582', '2025-07-13 15:24:22.035306+00'),
	('af2ed6b7-6918-4d06-abf0-d96e70ccbda7', 'Section Z', 'b5d42b94-bcc7-4dd5-b5e0-289ad670b582', '2025-07-13 15:24:22.035306+00'),
	('7dc8990b-a2c9-4439-8557-a22fbad88c05', 'Section A', 'd929f382-d141-4e74-999d-10ac156ff04a', '2025-07-13 15:24:22.035306+00'),
	('16ff1c0b-e86e-42a6-8086-c6d83edc60ca', 'Section B', 'd929f382-d141-4e74-999d-10ac156ff04a', '2025-07-13 15:24:22.035306+00'),
	('dc17365e-6c63-4e4f-abd7-a09f44c772c3', 'Section C', 'd929f382-d141-4e74-999d-10ac156ff04a', '2025-07-13 15:24:22.035306+00'),
	('6ba487b1-eda2-423e-842c-855f2ad71dc4', 'Section D', 'd929f382-d141-4e74-999d-10ac156ff04a', '2025-07-13 15:24:22.035306+00'),
	('98147f22-3a74-47e0-b7e0-3ec2dd4e1cde', 'Section E', 'd929f382-d141-4e74-999d-10ac156ff04a', '2025-07-13 15:24:22.035306+00'),
	('859c1803-48c2-4252-8266-75aa14f96f9b', 'Section F', 'd929f382-d141-4e74-999d-10ac156ff04a', '2025-07-13 15:24:22.035306+00'),
	('da8648a9-8eb3-4b08-b515-2e96949f91d8', 'Section G', 'd929f382-d141-4e74-999d-10ac156ff04a', '2025-07-13 15:24:22.035306+00'),
	('0ba10777-c520-45b4-a78a-33edd946a2a4', 'Section H', 'd929f382-d141-4e74-999d-10ac156ff04a', '2025-07-13 15:24:22.035306+00'),
	('e54c0838-b52e-4a25-8192-28e54762f8ae', 'Section I', 'd929f382-d141-4e74-999d-10ac156ff04a', '2025-07-13 15:24:22.035306+00'),
	('d96cd442-3126-4557-bb1d-5db6dd11368c', 'Section J', 'd929f382-d141-4e74-999d-10ac156ff04a', '2025-07-13 15:24:22.035306+00'),
	('6aeddcf8-f98c-4269-9a97-53f2ebd75266', 'Section K', 'd929f382-d141-4e74-999d-10ac156ff04a', '2025-07-13 15:24:22.035306+00'),
	('2f0f8dba-54b7-4ac1-b828-6ac802ff4d36', 'Section L', 'd929f382-d141-4e74-999d-10ac156ff04a', '2025-07-13 15:24:22.035306+00'),
	('70e5be7d-33dc-4c41-9ea3-5b57fbf7d9cd', 'Section M', 'd929f382-d141-4e74-999d-10ac156ff04a', '2025-07-13 15:24:22.035306+00'),
	('20d8cde7-59f2-4b26-a98c-de26a89fab74', 'Section N', 'd929f382-d141-4e74-999d-10ac156ff04a', '2025-07-13 15:24:22.035306+00'),
	('60f93a71-9db5-4001-9f5b-4939ab5f2cb7', 'Section O', 'd929f382-d141-4e74-999d-10ac156ff04a', '2025-07-13 15:24:22.035306+00'),
	('1b03c5f9-f7f5-4dd7-900d-7181ace87be1', 'Section P', 'd929f382-d141-4e74-999d-10ac156ff04a', '2025-07-13 15:24:22.035306+00'),
	('1260d366-ffe8-40fd-8c62-5613f657b8cf', 'Section Q', 'd929f382-d141-4e74-999d-10ac156ff04a', '2025-07-13 15:24:22.035306+00'),
	('f47f1a98-0dde-4a28-b786-db8b8f08116e', 'Section R', 'd929f382-d141-4e74-999d-10ac156ff04a', '2025-07-13 15:24:22.035306+00'),
	('c753acf9-a6ec-4609-8ffe-6754a7b107ef', 'Section S', 'd929f382-d141-4e74-999d-10ac156ff04a', '2025-07-13 15:24:22.035306+00'),
	('08c39dbb-94e8-40b6-89db-49c5c1eb95af', 'Section T', 'd929f382-d141-4e74-999d-10ac156ff04a', '2025-07-13 15:24:22.035306+00'),
	('9322e8be-7cde-4a3e-8fbe-cc9799f7778d', 'Section U', 'd929f382-d141-4e74-999d-10ac156ff04a', '2025-07-13 15:24:22.035306+00'),
	('1164b477-f9c8-402e-b22b-19d90be7bd8f', 'Section V', 'd929f382-d141-4e74-999d-10ac156ff04a', '2025-07-13 15:24:22.035306+00'),
	('b20cec01-68f0-41a9-b540-adb0407a6d34', 'Section W', 'd929f382-d141-4e74-999d-10ac156ff04a', '2025-07-13 15:24:22.035306+00'),
	('b1d20d52-44f6-4853-97fd-b40cc8fa1cca', 'Section X', 'd929f382-d141-4e74-999d-10ac156ff04a', '2025-07-13 15:24:22.035306+00'),
	('d6d90b49-d089-4e0a-bc03-c84f880c0a6a', 'Section Y', 'd929f382-d141-4e74-999d-10ac156ff04a', '2025-07-13 15:24:22.035306+00'),
	('bb3696cd-2a84-42e0-8410-5760617539b7', 'Section Z', 'd929f382-d141-4e74-999d-10ac156ff04a', '2025-07-13 15:24:22.035306+00'),
	('21b9fa40-ba7d-4a1a-9817-a74912b23849', 'Section A', 'eaedefec-19e1-4c0f-aa3a-807ee8e3435d', '2025-07-13 15:24:22.035306+00'),
	('fceb95e4-b3fc-47c5-abf8-3c8747458d03', 'Section B', 'eaedefec-19e1-4c0f-aa3a-807ee8e3435d', '2025-07-13 15:24:22.035306+00'),
	('7400d9c5-724a-4e43-aad9-2a01864229b5', 'Section C', 'eaedefec-19e1-4c0f-aa3a-807ee8e3435d', '2025-07-13 15:24:22.035306+00'),
	('5156bde4-4d0e-4d36-9f77-47e6769d2982', 'Section D', 'eaedefec-19e1-4c0f-aa3a-807ee8e3435d', '2025-07-13 15:24:22.035306+00'),
	('455f208d-8512-4603-942c-b5d7680e507b', 'Section E', 'eaedefec-19e1-4c0f-aa3a-807ee8e3435d', '2025-07-13 15:24:22.035306+00'),
	('69847f12-25d9-4c94-ae7b-d9ac69188ef4', 'Section F', 'eaedefec-19e1-4c0f-aa3a-807ee8e3435d', '2025-07-13 15:24:22.035306+00'),
	('b01b321c-7e39-4c0c-904e-2fff052b0593', 'Section G', 'eaedefec-19e1-4c0f-aa3a-807ee8e3435d', '2025-07-13 15:24:22.035306+00'),
	('5203ac5f-48b5-4303-b70e-2c63f93b4b55', 'Section H', 'eaedefec-19e1-4c0f-aa3a-807ee8e3435d', '2025-07-13 15:24:22.035306+00'),
	('9cb9733a-64f5-4714-9b3e-fc760e8b3287', 'Section I', 'eaedefec-19e1-4c0f-aa3a-807ee8e3435d', '2025-07-13 15:24:22.035306+00'),
	('7c381e36-c712-4673-9dc5-fc065bf12181', 'Section J', 'eaedefec-19e1-4c0f-aa3a-807ee8e3435d', '2025-07-13 15:24:22.035306+00'),
	('7cb3234a-ce2a-4bd8-be58-d14fd9c15557', 'Section K', 'eaedefec-19e1-4c0f-aa3a-807ee8e3435d', '2025-07-13 15:24:22.035306+00'),
	('265c8d27-ad40-46c9-92a2-9de7b9a03edd', 'Section L', 'eaedefec-19e1-4c0f-aa3a-807ee8e3435d', '2025-07-13 15:24:22.035306+00'),
	('facba303-72c7-4d38-a5c6-38005b3bbe74', 'Section M', 'eaedefec-19e1-4c0f-aa3a-807ee8e3435d', '2025-07-13 15:24:22.035306+00'),
	('e3fc49de-8056-4335-8e02-952c2abaebdf', 'Section N', 'eaedefec-19e1-4c0f-aa3a-807ee8e3435d', '2025-07-13 15:24:22.035306+00'),
	('ffa9c2cd-5e02-48ad-af92-f3b9f29e31f9', 'Section O', 'eaedefec-19e1-4c0f-aa3a-807ee8e3435d', '2025-07-13 15:24:22.035306+00'),
	('fd8a372b-fc61-4ed4-ae33-490b246a67d6', 'Section P', 'eaedefec-19e1-4c0f-aa3a-807ee8e3435d', '2025-07-13 15:24:22.035306+00'),
	('d7037e14-932f-4367-bdd9-bf9ad5a87846', 'Section Q', 'eaedefec-19e1-4c0f-aa3a-807ee8e3435d', '2025-07-13 15:24:22.035306+00'),
	('6eb70719-3d09-47bb-a704-9ec5f055a5aa', 'Section R', 'eaedefec-19e1-4c0f-aa3a-807ee8e3435d', '2025-07-13 15:24:22.035306+00'),
	('4dc452d8-2d88-459b-8fde-75d93df5da57', 'Section S', 'eaedefec-19e1-4c0f-aa3a-807ee8e3435d', '2025-07-13 15:24:22.035306+00'),
	('3dc862ea-e237-4931-b545-878391aec088', 'Section T', 'eaedefec-19e1-4c0f-aa3a-807ee8e3435d', '2025-07-13 15:24:22.035306+00'),
	('293b2520-596a-4792-8671-b7bdb471ed73', 'Section U', 'eaedefec-19e1-4c0f-aa3a-807ee8e3435d', '2025-07-13 15:24:22.035306+00'),
	('841d33dc-5047-4e38-9cc2-788eeb2b1d86', 'Section V', 'eaedefec-19e1-4c0f-aa3a-807ee8e3435d', '2025-07-13 15:24:22.035306+00'),
	('974c0723-7cbc-43fb-b62c-b6f124a1de5b', 'Section W', 'eaedefec-19e1-4c0f-aa3a-807ee8e3435d', '2025-07-13 15:24:22.035306+00'),
	('9fcb724e-f514-496b-9f7e-ba345e0dc6b9', 'Section X', 'eaedefec-19e1-4c0f-aa3a-807ee8e3435d', '2025-07-13 15:24:22.035306+00'),
	('5521aaea-d411-4930-a82f-aa348bbef1bd', 'Section Y', 'eaedefec-19e1-4c0f-aa3a-807ee8e3435d', '2025-07-13 15:24:22.035306+00'),
	('7ea36d14-e19e-4c9e-9689-294175e93569', 'Section Z', 'eaedefec-19e1-4c0f-aa3a-807ee8e3435d', '2025-07-13 15:24:22.035306+00'),
	('ef078c17-110b-4aef-9e87-66e1b8687f31', 'Section A', '8bdb7060-24de-4c2c-9f7e-b13bc8f2ae27', '2025-07-13 15:24:22.035306+00'),
	('b28980f9-f077-4ad9-8ea3-4b7a183c61b3', 'Section B', '8bdb7060-24de-4c2c-9f7e-b13bc8f2ae27', '2025-07-13 15:24:22.035306+00'),
	('1669ad11-027e-49ad-b980-00b823119f92', 'Section C', '8bdb7060-24de-4c2c-9f7e-b13bc8f2ae27', '2025-07-13 15:24:22.035306+00'),
	('7be3b002-02a4-4640-a1f2-28a3436fc66e', 'Section D', '8bdb7060-24de-4c2c-9f7e-b13bc8f2ae27', '2025-07-13 15:24:22.035306+00'),
	('f762c4dc-b7d9-41c8-9c6f-ced07a1a67e2', 'Section E', '8bdb7060-24de-4c2c-9f7e-b13bc8f2ae27', '2025-07-13 15:24:22.035306+00'),
	('6244f942-12c4-448f-85b0-87ff8e19c102', 'Section F', '8bdb7060-24de-4c2c-9f7e-b13bc8f2ae27', '2025-07-13 15:24:22.035306+00'),
	('696842db-57a2-40e9-a37e-659d58e654b7', 'Section G', '8bdb7060-24de-4c2c-9f7e-b13bc8f2ae27', '2025-07-13 15:24:22.035306+00'),
	('fb6f5e76-80fc-4f38-ada8-800e979556ed', 'Section H', '8bdb7060-24de-4c2c-9f7e-b13bc8f2ae27', '2025-07-13 15:24:22.035306+00'),
	('ea5d553d-7d42-4132-9d56-4709685be9b2', 'Section I', '8bdb7060-24de-4c2c-9f7e-b13bc8f2ae27', '2025-07-13 15:24:22.035306+00'),
	('caa322cb-87a2-405c-8799-ed134281cb86', 'Section J', '8bdb7060-24de-4c2c-9f7e-b13bc8f2ae27', '2025-07-13 15:24:22.035306+00'),
	('9f68354d-1292-4383-81ac-d4e7a7dc40e5', 'Section K', '8bdb7060-24de-4c2c-9f7e-b13bc8f2ae27', '2025-07-13 15:24:22.035306+00'),
	('6eac1ec8-8c66-4e97-a558-955244a403a6', 'Section L', '8bdb7060-24de-4c2c-9f7e-b13bc8f2ae27', '2025-07-13 15:24:22.035306+00'),
	('50a35d43-0085-437a-afe3-60dfdcbcd41c', 'Section M', '8bdb7060-24de-4c2c-9f7e-b13bc8f2ae27', '2025-07-13 15:24:22.035306+00'),
	('74ba5afe-db7b-482f-9387-6fa2592ca6c1', 'Section N', '8bdb7060-24de-4c2c-9f7e-b13bc8f2ae27', '2025-07-13 15:24:22.035306+00'),
	('499208b2-9d27-4936-84de-5d87218bd055', 'Section O', '8bdb7060-24de-4c2c-9f7e-b13bc8f2ae27', '2025-07-13 15:24:22.035306+00'),
	('7eeed978-631a-4498-b7a8-da47920c09ad', 'Section P', '8bdb7060-24de-4c2c-9f7e-b13bc8f2ae27', '2025-07-13 15:24:22.035306+00'),
	('839e2ae8-30e3-4b7f-ab05-04cbaa93db63', 'Section Q', '8bdb7060-24de-4c2c-9f7e-b13bc8f2ae27', '2025-07-13 15:24:22.035306+00'),
	('6122a581-be47-4bea-9534-377a751bda7b', 'Section R', '8bdb7060-24de-4c2c-9f7e-b13bc8f2ae27', '2025-07-13 15:24:22.035306+00'),
	('50256313-94f3-478f-a5c4-4faf01c69363', 'Section S', '8bdb7060-24de-4c2c-9f7e-b13bc8f2ae27', '2025-07-13 15:24:22.035306+00'),
	('c83028a0-f00e-4139-a0f6-80bbab4acb99', 'Section T', '8bdb7060-24de-4c2c-9f7e-b13bc8f2ae27', '2025-07-13 15:24:22.035306+00'),
	('253833d4-1402-455b-b0c5-4890a95d6f68', 'Section U', '8bdb7060-24de-4c2c-9f7e-b13bc8f2ae27', '2025-07-13 15:24:22.035306+00'),
	('824fe89b-6fd7-4f93-8bdb-6314ddfc250f', 'Section V', '8bdb7060-24de-4c2c-9f7e-b13bc8f2ae27', '2025-07-13 15:24:22.035306+00'),
	('d4d231ba-09fa-447a-af0d-3623aa63fccb', 'Section W', '8bdb7060-24de-4c2c-9f7e-b13bc8f2ae27', '2025-07-13 15:24:22.035306+00'),
	('0b99fa3e-9bef-46be-b5ed-8c5bf47dfd20', 'Section X', '8bdb7060-24de-4c2c-9f7e-b13bc8f2ae27', '2025-07-13 15:24:22.035306+00'),
	('1ab04bab-4a7e-4741-a787-defe88d82db0', 'Section Y', '8bdb7060-24de-4c2c-9f7e-b13bc8f2ae27', '2025-07-13 15:24:22.035306+00'),
	('2a261201-afdd-41bd-b731-8f7c4043f5e2', 'Section Z', '8bdb7060-24de-4c2c-9f7e-b13bc8f2ae27', '2025-07-13 15:24:22.035306+00'),
	('3b466bee-9a03-4557-b60d-5ece479b60e2', 'Section A', '3af718fb-174d-4b3c-85fe-a30394dd5396', '2025-07-13 15:24:22.035306+00'),
	('1505a3dc-08a2-4f41-a570-3c6f6ae7028a', 'Section B', '3af718fb-174d-4b3c-85fe-a30394dd5396', '2025-07-13 15:24:22.035306+00'),
	('12fcad77-a7ca-485b-8fa6-1e76425022ff', 'Section C', '3af718fb-174d-4b3c-85fe-a30394dd5396', '2025-07-13 15:24:22.035306+00'),
	('6b89f8f4-78c6-4311-820d-acc84f352759', 'Section D', '3af718fb-174d-4b3c-85fe-a30394dd5396', '2025-07-13 15:24:22.035306+00'),
	('600b1402-7bf3-4180-ad2f-9fd829a9343a', 'Section E', '3af718fb-174d-4b3c-85fe-a30394dd5396', '2025-07-13 15:24:22.035306+00'),
	('f9ee10fb-5668-4f5f-a4fd-32f924703362', 'Section F', '3af718fb-174d-4b3c-85fe-a30394dd5396', '2025-07-13 15:24:22.035306+00'),
	('541f7119-1523-4bb3-83cf-7bb890c52772', 'Section G', '3af718fb-174d-4b3c-85fe-a30394dd5396', '2025-07-13 15:24:22.035306+00'),
	('8f5b30ac-561b-40dc-8f53-3397817fba5a', 'Section H', '3af718fb-174d-4b3c-85fe-a30394dd5396', '2025-07-13 15:24:22.035306+00'),
	('803e5e5e-ba06-454a-92cb-743934ca44e2', 'Section I', '3af718fb-174d-4b3c-85fe-a30394dd5396', '2025-07-13 15:24:22.035306+00'),
	('0dffb7d7-b3b2-4786-851b-8608e77289a8', 'Section J', '3af718fb-174d-4b3c-85fe-a30394dd5396', '2025-07-13 15:24:22.035306+00'),
	('65a2ac75-6c61-437a-b38c-0364e00efa93', 'Section K', '3af718fb-174d-4b3c-85fe-a30394dd5396', '2025-07-13 15:24:22.035306+00'),
	('ceadfa7e-b21f-4178-a47b-8db9794beb30', 'Section L', '3af718fb-174d-4b3c-85fe-a30394dd5396', '2025-07-13 15:24:22.035306+00'),
	('17e93960-0c82-49d3-a061-f96a4f3bcfe9', 'Section M', '3af718fb-174d-4b3c-85fe-a30394dd5396', '2025-07-13 15:24:22.035306+00'),
	('2cdce88f-3f5b-4799-b49e-5b5d26b300ec', 'Section N', '3af718fb-174d-4b3c-85fe-a30394dd5396', '2025-07-13 15:24:22.035306+00'),
	('1a0035bb-5e6d-40e0-a24c-ed1031b769de', 'Section O', '3af718fb-174d-4b3c-85fe-a30394dd5396', '2025-07-13 15:24:22.035306+00'),
	('15d297b5-f442-43ed-ab98-68c104ef6754', 'Section P', '3af718fb-174d-4b3c-85fe-a30394dd5396', '2025-07-13 15:24:22.035306+00'),
	('90d1e535-6baa-4906-915a-ad0a598835bf', 'Section Q', '3af718fb-174d-4b3c-85fe-a30394dd5396', '2025-07-13 15:24:22.035306+00'),
	('e23a8d6a-844f-4711-9670-0c374554966d', 'Section R', '3af718fb-174d-4b3c-85fe-a30394dd5396', '2025-07-13 15:24:22.035306+00'),
	('40158ccc-3b10-4888-b58a-170a1b925253', 'Section S', '3af718fb-174d-4b3c-85fe-a30394dd5396', '2025-07-13 15:24:22.035306+00'),
	('405d02a1-b1fc-4c6b-b036-40dc9b821611', 'Section T', '3af718fb-174d-4b3c-85fe-a30394dd5396', '2025-07-13 15:24:22.035306+00'),
	('73d5f3a6-d588-4de2-a8a7-82b01329c790', 'Section U', '3af718fb-174d-4b3c-85fe-a30394dd5396', '2025-07-13 15:24:22.035306+00'),
	('71ee7cf8-c988-4b9d-8d02-d97514b2c2e7', 'Section V', '3af718fb-174d-4b3c-85fe-a30394dd5396', '2025-07-13 15:24:22.035306+00'),
	('a26bfe8c-6dca-4329-9f41-f60416e466e1', 'Section W', '3af718fb-174d-4b3c-85fe-a30394dd5396', '2025-07-13 15:24:22.035306+00'),
	('55417c00-f260-4278-8d54-98c289f41e57', 'Section X', '3af718fb-174d-4b3c-85fe-a30394dd5396', '2025-07-13 15:24:22.035306+00'),
	('2c4f63e2-ec6b-4646-b151-33421673d0e4', 'Section Y', '3af718fb-174d-4b3c-85fe-a30394dd5396', '2025-07-13 15:24:22.035306+00'),
	('a61aa595-1452-4b14-9f44-2a8bd7995428', 'Section Z', '3af718fb-174d-4b3c-85fe-a30394dd5396', '2025-07-13 15:24:22.035306+00'),
	('49d408ae-219d-493b-9e67-00ebeed75d62', 'Section A', '5e423670-1704-465c-9803-54e64779ad9b', '2025-07-13 15:24:22.035306+00'),
	('4a03ef1a-cd0d-4a47-b2ea-5dd0db820b93', 'Section B', '5e423670-1704-465c-9803-54e64779ad9b', '2025-07-13 15:24:22.035306+00'),
	('21687e34-289a-4574-a463-178469203264', 'Section C', '5e423670-1704-465c-9803-54e64779ad9b', '2025-07-13 15:24:22.035306+00'),
	('fbb7b48a-bcc6-4ba5-8f3b-0a6db81d5828', 'Section D', '5e423670-1704-465c-9803-54e64779ad9b', '2025-07-13 15:24:22.035306+00'),
	('4a25e775-dc55-4e11-a742-9b70147d4fab', 'Section E', '5e423670-1704-465c-9803-54e64779ad9b', '2025-07-13 15:24:22.035306+00'),
	('47391e92-affd-44fe-b929-aafd4ef83992', 'Section F', '5e423670-1704-465c-9803-54e64779ad9b', '2025-07-13 15:24:22.035306+00'),
	('71f737fa-9339-49cc-8e04-5f42e8199f82', 'Section G', '5e423670-1704-465c-9803-54e64779ad9b', '2025-07-13 15:24:22.035306+00'),
	('1cfdca40-e15d-44db-9cbc-33565ebadab7', 'Section H', '5e423670-1704-465c-9803-54e64779ad9b', '2025-07-13 15:24:22.035306+00'),
	('fb2bcbc6-d042-408c-9858-1d574bf64fa0', 'Section I', '5e423670-1704-465c-9803-54e64779ad9b', '2025-07-13 15:24:22.035306+00'),
	('fa5459a2-9785-4172-96e1-bf1cf9a0a8ce', 'Section J', '5e423670-1704-465c-9803-54e64779ad9b', '2025-07-13 15:24:22.035306+00'),
	('1d60908e-a130-4fe8-8cdf-826772170b62', 'Section K', '5e423670-1704-465c-9803-54e64779ad9b', '2025-07-13 15:24:22.035306+00'),
	('2aee1e78-6da1-4afe-bd51-6928581aeaad', 'Section L', '5e423670-1704-465c-9803-54e64779ad9b', '2025-07-13 15:24:22.035306+00'),
	('ff08a4a7-56aa-416a-8145-b483f5937c4a', 'Section M', '5e423670-1704-465c-9803-54e64779ad9b', '2025-07-13 15:24:22.035306+00'),
	('84e7e061-34cf-4b00-a887-75aad7ef037b', 'Section N', '5e423670-1704-465c-9803-54e64779ad9b', '2025-07-13 15:24:22.035306+00'),
	('02de57bf-4b85-40bc-b07a-e63a3d76db88', 'Section O', '5e423670-1704-465c-9803-54e64779ad9b', '2025-07-13 15:24:22.035306+00'),
	('2d863caf-35f3-4200-b370-6267e8973e3a', 'Section P', '5e423670-1704-465c-9803-54e64779ad9b', '2025-07-13 15:24:22.035306+00'),
	('e60c29c0-c60e-45bc-b881-b03cd4de7a60', 'Section Q', '5e423670-1704-465c-9803-54e64779ad9b', '2025-07-13 15:24:22.035306+00'),
	('d9eb7983-5162-479d-8c67-28e025cd88fd', 'Section R', '5e423670-1704-465c-9803-54e64779ad9b', '2025-07-13 15:24:22.035306+00'),
	('fe7d70d2-60f3-4812-94fc-f3ad2906417d', 'Section S', '5e423670-1704-465c-9803-54e64779ad9b', '2025-07-13 15:24:22.035306+00'),
	('1d6c1215-9a5d-4a51-806b-f7c23c1a2b41', 'Section T', '5e423670-1704-465c-9803-54e64779ad9b', '2025-07-13 15:24:22.035306+00'),
	('89f4f994-bf42-4588-b6f8-43f73dee20ef', 'Section U', '5e423670-1704-465c-9803-54e64779ad9b', '2025-07-13 15:24:22.035306+00'),
	('82ff4100-8cc4-4785-99d4-3f294776e9a6', 'Section V', '5e423670-1704-465c-9803-54e64779ad9b', '2025-07-13 15:24:22.035306+00'),
	('86e08e17-b83d-4e4b-8e8c-36d07da54ff7', 'Section W', '5e423670-1704-465c-9803-54e64779ad9b', '2025-07-13 15:24:22.035306+00'),
	('8293619a-aa88-41f9-b806-c8a2b7bd1c53', 'Section X', '5e423670-1704-465c-9803-54e64779ad9b', '2025-07-13 15:24:22.035306+00'),
	('8b2167f9-0568-4bbb-9912-ac122c9140fa', 'Section Y', '5e423670-1704-465c-9803-54e64779ad9b', '2025-07-13 15:24:22.035306+00'),
	('99e5e3f3-bb80-4c22-9493-a133a989a4b7', 'Section Z', '5e423670-1704-465c-9803-54e64779ad9b', '2025-07-13 15:24:22.035306+00'),
	('44f40f12-ed2f-4fc8-a456-af826306eece', 'Section A', 'a11b2ad5-2137-471b-b859-6f6ba611e52d', '2025-07-13 15:24:22.035306+00'),
	('a5c80322-7758-45e3-913b-1760822e6858', 'Section B', 'a11b2ad5-2137-471b-b859-6f6ba611e52d', '2025-07-13 15:24:22.035306+00'),
	('7bb7c9aa-edd2-4350-849b-7970b80efb50', 'Section C', 'a11b2ad5-2137-471b-b859-6f6ba611e52d', '2025-07-13 15:24:22.035306+00'),
	('111bb834-bf16-45fb-9f09-1eb441728996', 'Section D', 'a11b2ad5-2137-471b-b859-6f6ba611e52d', '2025-07-13 15:24:22.035306+00'),
	('a66a5580-3707-4893-ac0c-707d348f3d6f', 'Section E', 'a11b2ad5-2137-471b-b859-6f6ba611e52d', '2025-07-13 15:24:22.035306+00'),
	('8c87cf29-d992-4e74-881c-5ba58041a698', 'Section F', 'a11b2ad5-2137-471b-b859-6f6ba611e52d', '2025-07-13 15:24:22.035306+00'),
	('86556e98-4f4d-4541-b0a9-77091114086b', 'Section G', 'a11b2ad5-2137-471b-b859-6f6ba611e52d', '2025-07-13 15:24:22.035306+00'),
	('f1e91f44-dff8-4a83-b302-dbbb103e0ae7', 'Section H', 'a11b2ad5-2137-471b-b859-6f6ba611e52d', '2025-07-13 15:24:22.035306+00'),
	('3b5111b7-09b0-4790-bd38-f4e59fcccb45', 'Section I', 'a11b2ad5-2137-471b-b859-6f6ba611e52d', '2025-07-13 15:24:22.035306+00'),
	('df1cc878-ebbb-4882-a08e-f41ae3747221', 'Section J', 'a11b2ad5-2137-471b-b859-6f6ba611e52d', '2025-07-13 15:24:22.035306+00'),
	('d3bda165-4ed9-4d9e-a9f5-7054b828f80e', 'Section K', 'a11b2ad5-2137-471b-b859-6f6ba611e52d', '2025-07-13 15:24:22.035306+00'),
	('7443cbde-599a-4b40-a39b-d93192dfe6ad', 'Section L', 'a11b2ad5-2137-471b-b859-6f6ba611e52d', '2025-07-13 15:24:22.035306+00'),
	('bfa994f0-737e-434c-a9f2-4892fc734d15', 'Section M', 'a11b2ad5-2137-471b-b859-6f6ba611e52d', '2025-07-13 15:24:22.035306+00'),
	('1f6d992e-c2e8-4b82-99f9-ac05426f8533', 'Section N', 'a11b2ad5-2137-471b-b859-6f6ba611e52d', '2025-07-13 15:24:22.035306+00'),
	('29d286ce-ec6c-42ad-acf4-54bacbec9ce2', 'Section O', 'a11b2ad5-2137-471b-b859-6f6ba611e52d', '2025-07-13 15:24:22.035306+00'),
	('94321f8c-96c9-4e37-87e0-d5e6edb814ca', 'Section P', 'a11b2ad5-2137-471b-b859-6f6ba611e52d', '2025-07-13 15:24:22.035306+00'),
	('5196b4e2-9d64-4ffc-bd09-ee693c436bf1', 'Section Q', 'a11b2ad5-2137-471b-b859-6f6ba611e52d', '2025-07-13 15:24:22.035306+00'),
	('418e16c9-2d51-412f-927d-7b377777dba9', 'Section R', 'a11b2ad5-2137-471b-b859-6f6ba611e52d', '2025-07-13 15:24:22.035306+00'),
	('f081efd8-5003-4816-a337-81d8fdfbef54', 'Section S', 'a11b2ad5-2137-471b-b859-6f6ba611e52d', '2025-07-13 15:24:22.035306+00'),
	('95c9ba8c-f0e7-402a-829e-46c890c615a5', 'Section T', 'a11b2ad5-2137-471b-b859-6f6ba611e52d', '2025-07-13 15:24:22.035306+00'),
	('88445848-d861-46f9-9d78-bc3696000301', 'Section U', 'a11b2ad5-2137-471b-b859-6f6ba611e52d', '2025-07-13 15:24:22.035306+00'),
	('a23b2bfd-faee-482a-b8b8-132f17b9966f', 'Section V', 'a11b2ad5-2137-471b-b859-6f6ba611e52d', '2025-07-13 15:24:22.035306+00'),
	('f1e1598d-05bc-415a-9cda-78783f39ac90', 'Section W', 'a11b2ad5-2137-471b-b859-6f6ba611e52d', '2025-07-13 15:24:22.035306+00'),
	('9f04dccd-0bb9-44b1-aebc-07cf1e312a35', 'Section X', 'a11b2ad5-2137-471b-b859-6f6ba611e52d', '2025-07-13 15:24:22.035306+00'),
	('1b4280cf-2862-4e83-8c92-a26924fdb7c1', 'Section Y', 'a11b2ad5-2137-471b-b859-6f6ba611e52d', '2025-07-13 15:24:22.035306+00'),
	('64ad184a-4165-4aac-bc32-483a666f4aae', 'Section Z', 'a11b2ad5-2137-471b-b859-6f6ba611e52d', '2025-07-13 15:24:22.035306+00'),
	('af4b8f1e-086c-4609-bac7-1754b443de72', 'Section A', '2dd89ae0-3745-4bba-a806-88f5bab20bb4', '2025-07-13 15:24:22.035306+00'),
	('746c42c5-c0b8-4226-88b0-8a5ea7be292d', 'Section B', '2dd89ae0-3745-4bba-a806-88f5bab20bb4', '2025-07-13 15:24:22.035306+00'),
	('395eaf4e-fce0-4058-9105-0d753932ac9c', 'Section C', '2dd89ae0-3745-4bba-a806-88f5bab20bb4', '2025-07-13 15:24:22.035306+00'),
	('5174b618-5831-4371-a969-079c5254e182', 'Section D', '2dd89ae0-3745-4bba-a806-88f5bab20bb4', '2025-07-13 15:24:22.035306+00'),
	('a96a0f8a-a6f4-4304-bf46-8ac7178a0309', 'Section E', '2dd89ae0-3745-4bba-a806-88f5bab20bb4', '2025-07-13 15:24:22.035306+00'),
	('d6fa394e-d7de-4d89-8528-1c404d2d0100', 'Section F', '2dd89ae0-3745-4bba-a806-88f5bab20bb4', '2025-07-13 15:24:22.035306+00'),
	('7abb546c-7d4c-4381-b607-25313bc0fc29', 'Section G', '2dd89ae0-3745-4bba-a806-88f5bab20bb4', '2025-07-13 15:24:22.035306+00'),
	('b4be9ef9-9cc4-4c00-9e46-d5b60dde7fbf', 'Section H', '2dd89ae0-3745-4bba-a806-88f5bab20bb4', '2025-07-13 15:24:22.035306+00'),
	('b54a920e-9302-493c-bda6-1ddc82e09234', 'Section I', '2dd89ae0-3745-4bba-a806-88f5bab20bb4', '2025-07-13 15:24:22.035306+00'),
	('0d618823-7681-4404-9730-7d3cd1bbb287', 'Section J', '2dd89ae0-3745-4bba-a806-88f5bab20bb4', '2025-07-13 15:24:22.035306+00'),
	('ee248a4c-149a-44e7-89c7-bd1a6629ce02', 'Section K', '2dd89ae0-3745-4bba-a806-88f5bab20bb4', '2025-07-13 15:24:22.035306+00'),
	('33aebc39-9d32-4744-88f3-a8ede9add9fb', 'Section L', '2dd89ae0-3745-4bba-a806-88f5bab20bb4', '2025-07-13 15:24:22.035306+00'),
	('e5ba5920-2584-4a21-9d5e-3846b700133f', 'Section M', '2dd89ae0-3745-4bba-a806-88f5bab20bb4', '2025-07-13 15:24:22.035306+00'),
	('a28f80bd-43d1-4ea9-bb34-7d2807fd77b3', 'Section N', '2dd89ae0-3745-4bba-a806-88f5bab20bb4', '2025-07-13 15:24:22.035306+00'),
	('4c6f19a1-15d3-4d33-b127-896880805719', 'Section O', '2dd89ae0-3745-4bba-a806-88f5bab20bb4', '2025-07-13 15:24:22.035306+00'),
	('f7bcfd40-4fbc-4278-a5be-2dae3e273b34', 'Section P', '2dd89ae0-3745-4bba-a806-88f5bab20bb4', '2025-07-13 15:24:22.035306+00'),
	('9ddeadc1-d2a1-4765-9a44-d95f9063cf2e', 'Section Q', '2dd89ae0-3745-4bba-a806-88f5bab20bb4', '2025-07-13 15:24:22.035306+00'),
	('b7fb9a33-45e0-4642-9de9-b423e68c1c63', 'Section R', '2dd89ae0-3745-4bba-a806-88f5bab20bb4', '2025-07-13 15:24:22.035306+00'),
	('5f70b09e-3258-4ef8-95b6-522eab7a7726', 'Section S', '2dd89ae0-3745-4bba-a806-88f5bab20bb4', '2025-07-13 15:24:22.035306+00'),
	('985633d9-a420-4583-97bd-ef95e15e8403', 'Section T', '2dd89ae0-3745-4bba-a806-88f5bab20bb4', '2025-07-13 15:24:22.035306+00'),
	('ff5de4b6-d1d5-4096-bda4-8cdd5dc7d68c', 'Section U', '2dd89ae0-3745-4bba-a806-88f5bab20bb4', '2025-07-13 15:24:22.035306+00'),
	('51d457c2-7a8b-4c96-9276-ac18217a2c91', 'Section V', '2dd89ae0-3745-4bba-a806-88f5bab20bb4', '2025-07-13 15:24:22.035306+00'),
	('c15e3599-fefb-40e8-b9d1-24ed7c6a1db9', 'Section W', '2dd89ae0-3745-4bba-a806-88f5bab20bb4', '2025-07-13 15:24:22.035306+00'),
	('fa2be729-c5a7-4263-a8bc-d986bd7527f7', 'Section X', '2dd89ae0-3745-4bba-a806-88f5bab20bb4', '2025-07-13 15:24:22.035306+00'),
	('ff05d81a-8007-49e6-a248-cadd532b5d86', 'Section Y', '2dd89ae0-3745-4bba-a806-88f5bab20bb4', '2025-07-13 15:24:22.035306+00'),
	('76144cc1-2181-4df7-bfc8-3051d0860899', 'Section Z', '2dd89ae0-3745-4bba-a806-88f5bab20bb4', '2025-07-13 15:24:22.035306+00'),
	('ba93b427-57f2-4e46-ae23-b90e0982fd03', 'Section A', '235be07e-9bad-44d5-8eea-87a18af51c0c', '2025-07-13 15:24:22.035306+00'),
	('7e037358-ed1f-41ab-b051-1d33d6c30b6d', 'Section B', '235be07e-9bad-44d5-8eea-87a18af51c0c', '2025-07-13 15:24:22.035306+00'),
	('a170e113-2b9d-43f2-a7fb-730110d9ec51', 'Section C', '235be07e-9bad-44d5-8eea-87a18af51c0c', '2025-07-13 15:24:22.035306+00'),
	('c8e9a8a3-3e12-4a11-a49f-9f9ce146833a', 'Section D', '235be07e-9bad-44d5-8eea-87a18af51c0c', '2025-07-13 15:24:22.035306+00'),
	('d5c83c42-e312-46bb-ac58-ac24582b3465', 'Section E', '235be07e-9bad-44d5-8eea-87a18af51c0c', '2025-07-13 15:24:22.035306+00'),
	('36d78df5-74d8-45a0-ba18-c387469e884d', 'Section F', '235be07e-9bad-44d5-8eea-87a18af51c0c', '2025-07-13 15:24:22.035306+00'),
	('9f9a9f69-8a56-495f-80ca-8481f090bd81', 'Section G', '235be07e-9bad-44d5-8eea-87a18af51c0c', '2025-07-13 15:24:22.035306+00'),
	('6ee423d0-36bd-4b09-833f-97aa1265baba', 'Section H', '235be07e-9bad-44d5-8eea-87a18af51c0c', '2025-07-13 15:24:22.035306+00'),
	('ce904602-71db-4474-b8d1-1298db0b49a5', 'Section I', '235be07e-9bad-44d5-8eea-87a18af51c0c', '2025-07-13 15:24:22.035306+00'),
	('bc23ba49-ca70-4029-8858-89db3c2c50e6', 'Section J', '235be07e-9bad-44d5-8eea-87a18af51c0c', '2025-07-13 15:24:22.035306+00'),
	('436f30b2-3ffe-4e18-ba61-1e6a56d65038', 'Section K', '235be07e-9bad-44d5-8eea-87a18af51c0c', '2025-07-13 15:24:22.035306+00'),
	('c3471f09-5554-4187-9b49-ab8eda9207a4', 'Section L', '235be07e-9bad-44d5-8eea-87a18af51c0c', '2025-07-13 15:24:22.035306+00'),
	('9d6ed8e4-982a-4bb5-8759-7591e45a82d0', 'Section M', '235be07e-9bad-44d5-8eea-87a18af51c0c', '2025-07-13 15:24:22.035306+00'),
	('53864195-62ef-4296-b226-5d183dd5f8f3', 'Section N', '235be07e-9bad-44d5-8eea-87a18af51c0c', '2025-07-13 15:24:22.035306+00'),
	('2819213e-a8df-4c1d-b9f7-964695ebc2d7', 'Section O', '235be07e-9bad-44d5-8eea-87a18af51c0c', '2025-07-13 15:24:22.035306+00'),
	('d22bb2be-7236-4d5f-8c59-f6a347c76189', 'Section P', '235be07e-9bad-44d5-8eea-87a18af51c0c', '2025-07-13 15:24:22.035306+00'),
	('bdca49fa-2b9a-4712-a315-4655fa249c40', 'Section Q', '235be07e-9bad-44d5-8eea-87a18af51c0c', '2025-07-13 15:24:22.035306+00'),
	('dde72949-2d11-4d52-b1fd-c51241746cec', 'Section R', '235be07e-9bad-44d5-8eea-87a18af51c0c', '2025-07-13 15:24:22.035306+00'),
	('d34e893b-3763-421f-83b9-eec2881dfbb2', 'Section S', '235be07e-9bad-44d5-8eea-87a18af51c0c', '2025-07-13 15:24:22.035306+00'),
	('13740303-01e8-4276-a83c-6cc78813cfef', 'Section T', '235be07e-9bad-44d5-8eea-87a18af51c0c', '2025-07-13 15:24:22.035306+00'),
	('d7615984-35a8-4d49-b06e-a05e1652c058', 'Section U', '235be07e-9bad-44d5-8eea-87a18af51c0c', '2025-07-13 15:24:22.035306+00'),
	('5955df6f-5e96-4238-bbd1-61a56c04c7cc', 'Section V', '235be07e-9bad-44d5-8eea-87a18af51c0c', '2025-07-13 15:24:22.035306+00'),
	('2d3d910a-db63-426e-828b-702c6331276c', 'Section W', '235be07e-9bad-44d5-8eea-87a18af51c0c', '2025-07-13 15:24:22.035306+00'),
	('2365182b-fb9f-44ca-969e-e635ec208f46', 'Section X', '235be07e-9bad-44d5-8eea-87a18af51c0c', '2025-07-13 15:24:22.035306+00'),
	('2a9b2726-bb7a-45dd-a232-8e741a7e7864', 'Section Y', '235be07e-9bad-44d5-8eea-87a18af51c0c', '2025-07-13 15:24:22.035306+00'),
	('04fdb64d-7363-4607-aee5-9ae6ace199d0', 'Section Z', '235be07e-9bad-44d5-8eea-87a18af51c0c', '2025-07-13 15:24:22.035306+00'),
	('13be7342-d705-4e9a-b2bb-c62ba8c7f27e', 'Section A', 'db182efa-60aa-4224-bbc9-dbe28383e87d', '2025-07-13 15:24:22.035306+00'),
	('99b1e36a-7274-44e5-aeb0-b3d1d5244a5e', 'Section B', 'db182efa-60aa-4224-bbc9-dbe28383e87d', '2025-07-13 15:24:22.035306+00'),
	('de51ee2b-d8c2-431c-bfb2-d115473e2282', 'Section C', 'db182efa-60aa-4224-bbc9-dbe28383e87d', '2025-07-13 15:24:22.035306+00'),
	('b0de5bf5-ec56-4396-a98f-c33cf5711eb3', 'Section D', 'db182efa-60aa-4224-bbc9-dbe28383e87d', '2025-07-13 15:24:22.035306+00'),
	('7948cc4e-486c-4896-a683-d819d21d3fc1', 'Section E', 'db182efa-60aa-4224-bbc9-dbe28383e87d', '2025-07-13 15:24:22.035306+00'),
	('9eae56e3-193f-4b66-ab4b-dcfd8d7c614b', 'Section F', 'db182efa-60aa-4224-bbc9-dbe28383e87d', '2025-07-13 15:24:22.035306+00'),
	('ea9740f3-737c-489c-9383-935ec99c5215', 'Section G', 'db182efa-60aa-4224-bbc9-dbe28383e87d', '2025-07-13 15:24:22.035306+00'),
	('63328eaa-ba3e-4de1-b195-4f0dd3813e5d', 'Section H', 'db182efa-60aa-4224-bbc9-dbe28383e87d', '2025-07-13 15:24:22.035306+00'),
	('66830fad-367c-450e-8d37-63d68e365f79', 'Section I', 'db182efa-60aa-4224-bbc9-dbe28383e87d', '2025-07-13 15:24:22.035306+00'),
	('b8c6ecd1-af5e-497c-8c40-8c0815aaa32c', 'Section J', 'db182efa-60aa-4224-bbc9-dbe28383e87d', '2025-07-13 15:24:22.035306+00'),
	('cf71ca4b-6b4a-46f3-bd97-f69060f2935c', 'Section K', 'db182efa-60aa-4224-bbc9-dbe28383e87d', '2025-07-13 15:24:22.035306+00'),
	('9243517b-bfdc-452e-828b-f03812c5f6aa', 'Section L', 'db182efa-60aa-4224-bbc9-dbe28383e87d', '2025-07-13 15:24:22.035306+00'),
	('cebeab9e-edca-45e7-99e4-756fbd119640', 'Section M', 'db182efa-60aa-4224-bbc9-dbe28383e87d', '2025-07-13 15:24:22.035306+00'),
	('6f48eed9-ab6f-4a06-8070-aac320dd4916', 'Section N', 'db182efa-60aa-4224-bbc9-dbe28383e87d', '2025-07-13 15:24:22.035306+00'),
	('fbcb9fca-03b3-4dc6-8eaa-3b9da0640e7f', 'Section O', 'db182efa-60aa-4224-bbc9-dbe28383e87d', '2025-07-13 15:24:22.035306+00'),
	('2c7eb48a-64ca-494c-b2ca-f59b6b4169e9', 'Section P', 'db182efa-60aa-4224-bbc9-dbe28383e87d', '2025-07-13 15:24:22.035306+00'),
	('2be7d67d-0e7c-4943-beb2-5aeeabaffa4d', 'Section Q', 'db182efa-60aa-4224-bbc9-dbe28383e87d', '2025-07-13 15:24:22.035306+00'),
	('4aba74d9-e8ea-4211-bd05-d21f152b2cc0', 'Section R', 'db182efa-60aa-4224-bbc9-dbe28383e87d', '2025-07-13 15:24:22.035306+00'),
	('d37895bd-147f-4e95-918b-adf2f126e500', 'Section S', 'db182efa-60aa-4224-bbc9-dbe28383e87d', '2025-07-13 15:24:22.035306+00'),
	('f726cb63-2a2a-41de-9e2c-096fb66c6717', 'Section T', 'db182efa-60aa-4224-bbc9-dbe28383e87d', '2025-07-13 15:24:22.035306+00'),
	('35199ea3-eca5-4220-9f8b-e19b809712b6', 'Section U', 'db182efa-60aa-4224-bbc9-dbe28383e87d', '2025-07-13 15:24:22.035306+00'),
	('152f2db3-0e26-4fc2-a3b3-fe06eb3f9ab0', 'Section V', 'db182efa-60aa-4224-bbc9-dbe28383e87d', '2025-07-13 15:24:22.035306+00'),
	('3f7e9f4f-1c6c-4084-89a4-d5ff2f19514b', 'Section W', 'db182efa-60aa-4224-bbc9-dbe28383e87d', '2025-07-13 15:24:22.035306+00'),
	('8f6ef823-21c0-4f5c-a512-05f2ac333d66', 'Section X', 'db182efa-60aa-4224-bbc9-dbe28383e87d', '2025-07-13 15:24:22.035306+00'),
	('40438c5f-0840-40b4-9d95-28eb8041e169', 'Section Y', 'db182efa-60aa-4224-bbc9-dbe28383e87d', '2025-07-13 15:24:22.035306+00'),
	('668eb0e9-4d41-4d38-8cf9-28ae4ca3be26', 'Section Z', 'db182efa-60aa-4224-bbc9-dbe28383e87d', '2025-07-13 15:24:22.035306+00'),
	('c5ffadae-2a0d-4233-8c9e-86f34d192259', 'Section A', '7dc1ca33-07c4-4e6d-b332-0edaa33350db', '2025-07-13 15:24:22.035306+00'),
	('a051aa7a-7d7e-46bd-b6d9-989c77c72fd1', 'Section B', '7dc1ca33-07c4-4e6d-b332-0edaa33350db', '2025-07-13 15:24:22.035306+00'),
	('03b0c0a3-d34d-4bcb-9ef0-476e00cc0c9c', 'Section C', '7dc1ca33-07c4-4e6d-b332-0edaa33350db', '2025-07-13 15:24:22.035306+00'),
	('d5ccb139-0a94-4a88-b717-2c68e251570e', 'Section D', '7dc1ca33-07c4-4e6d-b332-0edaa33350db', '2025-07-13 15:24:22.035306+00'),
	('8a5827d2-b937-4d6e-81e7-71f7c6287b1f', 'Section E', '7dc1ca33-07c4-4e6d-b332-0edaa33350db', '2025-07-13 15:24:22.035306+00'),
	('eddbac8e-e7f9-458c-b8c2-15ce436cdf19', 'Section F', '7dc1ca33-07c4-4e6d-b332-0edaa33350db', '2025-07-13 15:24:22.035306+00'),
	('441edeb4-99aa-4643-8595-948a2918607b', 'Section G', '7dc1ca33-07c4-4e6d-b332-0edaa33350db', '2025-07-13 15:24:22.035306+00'),
	('88ca93fa-4c71-47b1-bce3-553aca813613', 'Section H', '7dc1ca33-07c4-4e6d-b332-0edaa33350db', '2025-07-13 15:24:22.035306+00'),
	('0dd425ff-54a5-4bc7-8148-9febca619fd4', 'Section I', '7dc1ca33-07c4-4e6d-b332-0edaa33350db', '2025-07-13 15:24:22.035306+00'),
	('7f68a29a-3457-4825-bfef-b99414cb47ac', 'Section J', '7dc1ca33-07c4-4e6d-b332-0edaa33350db', '2025-07-13 15:24:22.035306+00'),
	('98c036cd-3fab-40d0-be78-270081a23584', 'Section K', '7dc1ca33-07c4-4e6d-b332-0edaa33350db', '2025-07-13 15:24:22.035306+00'),
	('d17a1acc-b374-48b2-95a8-9923535447b5', 'Section L', '7dc1ca33-07c4-4e6d-b332-0edaa33350db', '2025-07-13 15:24:22.035306+00'),
	('2283466e-c501-433b-9b2e-810e30921755', 'Section M', '7dc1ca33-07c4-4e6d-b332-0edaa33350db', '2025-07-13 15:24:22.035306+00'),
	('3dea21b4-4006-4bbb-bfe3-3f4512574d90', 'Section N', '7dc1ca33-07c4-4e6d-b332-0edaa33350db', '2025-07-13 15:24:22.035306+00'),
	('242b7113-b52b-458a-8ad1-1b691391cce8', 'Section O', '7dc1ca33-07c4-4e6d-b332-0edaa33350db', '2025-07-13 15:24:22.035306+00'),
	('49eeac5e-e4da-4895-a89a-1da51ee267b2', 'Section P', '7dc1ca33-07c4-4e6d-b332-0edaa33350db', '2025-07-13 15:24:22.035306+00'),
	('0fbca30f-4d07-4e23-b9d2-c6a0698b6032', 'Section Q', '7dc1ca33-07c4-4e6d-b332-0edaa33350db', '2025-07-13 15:24:22.035306+00'),
	('4ed6e499-3a9e-4bc0-ab09-52fb90493166', 'Section R', '7dc1ca33-07c4-4e6d-b332-0edaa33350db', '2025-07-13 15:24:22.035306+00'),
	('7e918735-f269-4449-8db9-4248d8c161de', 'Section S', '7dc1ca33-07c4-4e6d-b332-0edaa33350db', '2025-07-13 15:24:22.035306+00'),
	('394e769c-3bc4-467f-8db4-2e4d1dddb927', 'Section T', '7dc1ca33-07c4-4e6d-b332-0edaa33350db', '2025-07-13 15:24:22.035306+00'),
	('99f280d2-f638-41f7-ade3-548ff3654891', 'Section U', '7dc1ca33-07c4-4e6d-b332-0edaa33350db', '2025-07-13 15:24:22.035306+00'),
	('9f46244e-3a00-45b8-ba25-11db94dba5c7', 'Section V', '7dc1ca33-07c4-4e6d-b332-0edaa33350db', '2025-07-13 15:24:22.035306+00'),
	('40011cdd-66ed-4b63-8937-3aabbe1e236b', 'Section W', '7dc1ca33-07c4-4e6d-b332-0edaa33350db', '2025-07-13 15:24:22.035306+00'),
	('1fc7b901-88e8-4f7f-9481-d6271d39539a', 'Section X', '7dc1ca33-07c4-4e6d-b332-0edaa33350db', '2025-07-13 15:24:22.035306+00'),
	('8ac11835-fb77-41ec-807d-9772aacb1f66', 'Section Y', '7dc1ca33-07c4-4e6d-b332-0edaa33350db', '2025-07-13 15:24:22.035306+00'),
	('3093d351-d07d-4f34-ad8c-210a2b33b99e', 'Section Z', '7dc1ca33-07c4-4e6d-b332-0edaa33350db', '2025-07-13 15:24:22.035306+00'),
	('68f0b015-55ca-4181-bfd2-35821a0195f9', 'Section A', '2d51cd4a-172b-498e-b803-7b1379733e56', '2025-07-13 15:24:22.035306+00'),
	('f91c7405-9a51-4ed1-b4e3-42010c067766', 'Section B', '2d51cd4a-172b-498e-b803-7b1379733e56', '2025-07-13 15:24:22.035306+00'),
	('5c7e523d-662c-404a-a828-7675da60903a', 'Section C', '2d51cd4a-172b-498e-b803-7b1379733e56', '2025-07-13 15:24:22.035306+00'),
	('d343fd9e-2244-491b-a518-c708c3365541', 'Section D', '2d51cd4a-172b-498e-b803-7b1379733e56', '2025-07-13 15:24:22.035306+00'),
	('aca323f8-545a-44f0-86ef-0c7abb079efe', 'Section E', '2d51cd4a-172b-498e-b803-7b1379733e56', '2025-07-13 15:24:22.035306+00'),
	('b7d56ac4-4f8b-4f43-bf8f-b013fdf21deb', 'Section F', '2d51cd4a-172b-498e-b803-7b1379733e56', '2025-07-13 15:24:22.035306+00'),
	('5cb11c82-7f4f-45a7-aa28-77608fd08a0b', 'Section G', '2d51cd4a-172b-498e-b803-7b1379733e56', '2025-07-13 15:24:22.035306+00'),
	('b414dc26-f029-43a9-b569-6953c774b40c', 'Section H', '2d51cd4a-172b-498e-b803-7b1379733e56', '2025-07-13 15:24:22.035306+00'),
	('7a113836-bb7f-4d0f-b62e-f383c597792f', 'Section I', '2d51cd4a-172b-498e-b803-7b1379733e56', '2025-07-13 15:24:22.035306+00'),
	('fd7d1f25-e8d5-418e-aafb-4bd14b1d9997', 'Section J', '2d51cd4a-172b-498e-b803-7b1379733e56', '2025-07-13 15:24:22.035306+00'),
	('3693db83-1af1-4d5f-bafe-ab6145c96f8c', 'Section K', '2d51cd4a-172b-498e-b803-7b1379733e56', '2025-07-13 15:24:22.035306+00'),
	('41fb614f-14d3-4147-b0f1-b9c9a35296d4', 'Section L', '2d51cd4a-172b-498e-b803-7b1379733e56', '2025-07-13 15:24:22.035306+00'),
	('79520a14-0ff6-4ee7-94e3-61fb7f34719b', 'Section M', '2d51cd4a-172b-498e-b803-7b1379733e56', '2025-07-13 15:24:22.035306+00'),
	('748b6662-b2dc-4a89-970f-6927d542ea91', 'Section N', '2d51cd4a-172b-498e-b803-7b1379733e56', '2025-07-13 15:24:22.035306+00'),
	('e1e97bee-06c6-418f-90c5-00077aaf2485', 'Section O', '2d51cd4a-172b-498e-b803-7b1379733e56', '2025-07-13 15:24:22.035306+00'),
	('77dba124-47ad-4a21-a1dd-5b5a8cb61b3b', 'Section P', '2d51cd4a-172b-498e-b803-7b1379733e56', '2025-07-13 15:24:22.035306+00'),
	('fe0a71f7-d766-4ebe-ba01-ae6572ed33a6', 'Section Q', '2d51cd4a-172b-498e-b803-7b1379733e56', '2025-07-13 15:24:22.035306+00'),
	('1bca3a47-656f-4e61-89bf-6095f9c2f3bc', 'Section R', '2d51cd4a-172b-498e-b803-7b1379733e56', '2025-07-13 15:24:22.035306+00'),
	('99c29ee2-6efe-4102-bdc9-f356d047c5b0', 'Section S', '2d51cd4a-172b-498e-b803-7b1379733e56', '2025-07-13 15:24:22.035306+00'),
	('3ff486f6-94a2-4fea-9e32-85d872b94b80', 'Section T', '2d51cd4a-172b-498e-b803-7b1379733e56', '2025-07-13 15:24:22.035306+00'),
	('1e1d6de8-f2e1-4d82-8637-631e7742e29a', 'Section U', '2d51cd4a-172b-498e-b803-7b1379733e56', '2025-07-13 15:24:22.035306+00'),
	('b3d114e0-a66d-45d7-ba2f-0faa784b2a7d', 'Section V', '2d51cd4a-172b-498e-b803-7b1379733e56', '2025-07-13 15:24:22.035306+00'),
	('ca5913e8-e009-43cf-abfb-bc90bbb94ae9', 'Section W', '2d51cd4a-172b-498e-b803-7b1379733e56', '2025-07-13 15:24:22.035306+00'),
	('65f4a1df-6600-42db-af90-5de53b4974d0', 'Section X', '2d51cd4a-172b-498e-b803-7b1379733e56', '2025-07-13 15:24:22.035306+00'),
	('64cd6ab0-bdbd-44cd-99dc-8aa95c884363', 'Section Y', '2d51cd4a-172b-498e-b803-7b1379733e56', '2025-07-13 15:24:22.035306+00'),
	('79299449-2728-4841-a281-346debd8eaf0', 'Section Z', '2d51cd4a-172b-498e-b803-7b1379733e56', '2025-07-13 15:24:22.035306+00'),
	('89bc14e4-1d90-414c-904a-a381fb3f7c96', 'Section A', '804e50f9-e228-4944-acbd-bb247c3f8d36', '2025-07-13 15:24:22.035306+00'),
	('bfb5c273-37a5-4fc1-868c-aab6ff4606c3', 'Section B', '804e50f9-e228-4944-acbd-bb247c3f8d36', '2025-07-13 15:24:22.035306+00'),
	('c867c6cf-f590-4a2d-a5c1-4d03cde2f9a1', 'Section C', '804e50f9-e228-4944-acbd-bb247c3f8d36', '2025-07-13 15:24:22.035306+00'),
	('8eb28feb-cbd2-4557-8e7b-a01f2d3459ac', 'Section D', '804e50f9-e228-4944-acbd-bb247c3f8d36', '2025-07-13 15:24:22.035306+00'),
	('5ded803f-5269-4479-82d4-5c86d746e5ea', 'Section E', '804e50f9-e228-4944-acbd-bb247c3f8d36', '2025-07-13 15:24:22.035306+00'),
	('d922ae0c-1ed4-4489-8bf8-34c7c2c617c4', 'Section F', '804e50f9-e228-4944-acbd-bb247c3f8d36', '2025-07-13 15:24:22.035306+00'),
	('ead32331-8339-421b-849c-602faab3a367', 'Section G', '804e50f9-e228-4944-acbd-bb247c3f8d36', '2025-07-13 15:24:22.035306+00'),
	('b98108de-8bd3-4a5e-b744-19a332746fdc', 'Section H', '804e50f9-e228-4944-acbd-bb247c3f8d36', '2025-07-13 15:24:22.035306+00'),
	('55e5bce8-3036-4feb-80d3-dcfe34d585c1', 'Section I', '804e50f9-e228-4944-acbd-bb247c3f8d36', '2025-07-13 15:24:22.035306+00'),
	('513bdcfb-1f1f-4c0b-87ae-ff5b41f0cf95', 'Section J', '804e50f9-e228-4944-acbd-bb247c3f8d36', '2025-07-13 15:24:22.035306+00'),
	('7c940cf5-e9d0-4042-9c18-9d4f0d132f6f', 'Section K', '804e50f9-e228-4944-acbd-bb247c3f8d36', '2025-07-13 15:24:22.035306+00'),
	('77d34e62-3621-49a8-b54f-df907d87b24b', 'Section L', '804e50f9-e228-4944-acbd-bb247c3f8d36', '2025-07-13 15:24:22.035306+00'),
	('f182d3e0-664f-4ae7-b475-e8e2b944c033', 'Section M', '804e50f9-e228-4944-acbd-bb247c3f8d36', '2025-07-13 15:24:22.035306+00'),
	('fbdb23cb-5f73-4087-9758-213cb6b8e23e', 'Section N', '804e50f9-e228-4944-acbd-bb247c3f8d36', '2025-07-13 15:24:22.035306+00'),
	('9eeca27f-97c6-4d21-89a0-c1ef35e622ee', 'Section O', '804e50f9-e228-4944-acbd-bb247c3f8d36', '2025-07-13 15:24:22.035306+00'),
	('4ba928c9-5780-4a41-92f4-d8c110df0539', 'Section P', '804e50f9-e228-4944-acbd-bb247c3f8d36', '2025-07-13 15:24:22.035306+00'),
	('1b46f50f-3f51-4815-84ec-0cb34a47edea', 'Section Q', '804e50f9-e228-4944-acbd-bb247c3f8d36', '2025-07-13 15:24:22.035306+00'),
	('911c51eb-aa48-44b7-9d7c-407e72d3ae71', 'Section R', '804e50f9-e228-4944-acbd-bb247c3f8d36', '2025-07-13 15:24:22.035306+00'),
	('589f2c10-a835-4fd8-89d0-ce52fcee7bac', 'Section S', '804e50f9-e228-4944-acbd-bb247c3f8d36', '2025-07-13 15:24:22.035306+00'),
	('63e4af8e-4f65-4c25-b73f-87ccc4949503', 'Section T', '804e50f9-e228-4944-acbd-bb247c3f8d36', '2025-07-13 15:24:22.035306+00'),
	('1f0e09b7-1146-4b02-a10d-4c63c8bf19eb', 'Section U', '804e50f9-e228-4944-acbd-bb247c3f8d36', '2025-07-13 15:24:22.035306+00'),
	('821b0b75-7d5a-4196-9135-72ab4f274d8d', 'Section V', '804e50f9-e228-4944-acbd-bb247c3f8d36', '2025-07-13 15:24:22.035306+00'),
	('495b87a6-0d2f-4bbf-a44d-154e5648dab9', 'Section W', '804e50f9-e228-4944-acbd-bb247c3f8d36', '2025-07-13 15:24:22.035306+00'),
	('024440bb-ce1d-4345-8929-2744221fca53', 'Section X', '804e50f9-e228-4944-acbd-bb247c3f8d36', '2025-07-13 15:24:22.035306+00'),
	('962bc65f-fde0-4d67-8b1c-779bcfda7f09', 'Section Y', '804e50f9-e228-4944-acbd-bb247c3f8d36', '2025-07-13 15:24:22.035306+00'),
	('4f6eefd2-7ec0-4615-b2be-7f867bd3cf44', 'Section Z', '804e50f9-e228-4944-acbd-bb247c3f8d36', '2025-07-13 15:24:22.035306+00'),
	('f8934701-2522-496b-8179-e0a6b68e213b', 'Section A', '33124d52-05cc-47b4-8c71-1e645c0d3c8e', '2025-07-13 15:24:22.035306+00'),
	('f321f393-bda2-4fa6-bdf5-494682dd81d3', 'Section B', '33124d52-05cc-47b4-8c71-1e645c0d3c8e', '2025-07-13 15:24:22.035306+00'),
	('c3c2cb55-0407-401b-9622-91c6d0a27b20', 'Section C', '33124d52-05cc-47b4-8c71-1e645c0d3c8e', '2025-07-13 15:24:22.035306+00'),
	('c6996f0e-4277-4123-917e-c0f55b68d9c4', 'Section D', '33124d52-05cc-47b4-8c71-1e645c0d3c8e', '2025-07-13 15:24:22.035306+00'),
	('864de953-b2b0-4189-8cf3-642d1a2285b2', 'Section E', '33124d52-05cc-47b4-8c71-1e645c0d3c8e', '2025-07-13 15:24:22.035306+00'),
	('46937e68-ce24-40c5-9554-516b574b9ed5', 'Section F', '33124d52-05cc-47b4-8c71-1e645c0d3c8e', '2025-07-13 15:24:22.035306+00'),
	('2c2f8aaa-781b-45c4-90b6-64c0935cb9d6', 'Section G', '33124d52-05cc-47b4-8c71-1e645c0d3c8e', '2025-07-13 15:24:22.035306+00'),
	('71a67205-7dab-4c2b-851e-9a3fc76b1217', 'Section H', '33124d52-05cc-47b4-8c71-1e645c0d3c8e', '2025-07-13 15:24:22.035306+00'),
	('c5322ddf-f0af-4526-9486-239ca3c7c861', 'Section I', '33124d52-05cc-47b4-8c71-1e645c0d3c8e', '2025-07-13 15:24:22.035306+00'),
	('2072e03d-3fa3-4842-b990-ed00028d76c7', 'Section J', '33124d52-05cc-47b4-8c71-1e645c0d3c8e', '2025-07-13 15:24:22.035306+00'),
	('ecca3127-d347-4011-884b-b5d6e8564395', 'Section K', '33124d52-05cc-47b4-8c71-1e645c0d3c8e', '2025-07-13 15:24:22.035306+00'),
	('d69755ff-77b7-4dcd-b22a-c613da1f5098', 'Section L', '33124d52-05cc-47b4-8c71-1e645c0d3c8e', '2025-07-13 15:24:22.035306+00'),
	('fb617869-b3bc-4643-a920-22cd9f8237cf', 'Section M', '33124d52-05cc-47b4-8c71-1e645c0d3c8e', '2025-07-13 15:24:22.035306+00'),
	('1bc254ac-abab-45d2-9652-b3560c9d709d', 'Section N', '33124d52-05cc-47b4-8c71-1e645c0d3c8e', '2025-07-13 15:24:22.035306+00'),
	('e0216b31-a400-4c01-a1b0-3c1981ef8648', 'Section O', '33124d52-05cc-47b4-8c71-1e645c0d3c8e', '2025-07-13 15:24:22.035306+00'),
	('4edb8dac-ad98-43d7-9f82-64213e9c3ad7', 'Section P', '33124d52-05cc-47b4-8c71-1e645c0d3c8e', '2025-07-13 15:24:22.035306+00'),
	('3f294d87-5ab4-495d-bd64-9e1821c4f51b', 'Section Q', '33124d52-05cc-47b4-8c71-1e645c0d3c8e', '2025-07-13 15:24:22.035306+00'),
	('52924752-77d4-4c8a-bcda-64a5c8eae4cd', 'Section R', '33124d52-05cc-47b4-8c71-1e645c0d3c8e', '2025-07-13 15:24:22.035306+00'),
	('1fcf7516-ace1-476b-923f-90b0a133e4ec', 'Section S', '33124d52-05cc-47b4-8c71-1e645c0d3c8e', '2025-07-13 15:24:22.035306+00'),
	('8b30d911-b689-4c46-a75f-a8d2cb8b5f81', 'Section T', '33124d52-05cc-47b4-8c71-1e645c0d3c8e', '2025-07-13 15:24:22.035306+00'),
	('19b8cf3b-500a-408b-94d3-579c1467ebdf', 'Section U', '33124d52-05cc-47b4-8c71-1e645c0d3c8e', '2025-07-13 15:24:22.035306+00'),
	('6ca5de8e-9316-44e2-85ec-511b582796cb', 'Section V', '33124d52-05cc-47b4-8c71-1e645c0d3c8e', '2025-07-13 15:24:22.035306+00'),
	('baa68a26-62c4-4b90-beff-c37e49ed64cb', 'Section W', '33124d52-05cc-47b4-8c71-1e645c0d3c8e', '2025-07-13 15:24:22.035306+00'),
	('04a1b58b-f1a6-498e-8f61-84c3b4a33075', 'Section X', '33124d52-05cc-47b4-8c71-1e645c0d3c8e', '2025-07-13 15:24:22.035306+00'),
	('2951437a-32e7-466f-8979-2b576583b35d', 'Section Y', '33124d52-05cc-47b4-8c71-1e645c0d3c8e', '2025-07-13 15:24:22.035306+00'),
	('9fa96d57-79c2-429d-8614-442b1b09c553', 'Section Z', '33124d52-05cc-47b4-8c71-1e645c0d3c8e', '2025-07-13 15:24:22.035306+00'),
	('28dec1cc-5d0b-407b-b6be-84dfb80c811a', 'Section A', 'b2613dc4-e5db-497f-87af-15afedd1e697', '2025-07-13 15:24:22.035306+00'),
	('09d79df5-1551-4ecf-9f98-ecbcf943fb7f', 'Section B', 'b2613dc4-e5db-497f-87af-15afedd1e697', '2025-07-13 15:24:22.035306+00'),
	('d0fe73dc-5513-4c49-9e0a-518b60ad9ee0', 'Section C', 'b2613dc4-e5db-497f-87af-15afedd1e697', '2025-07-13 15:24:22.035306+00'),
	('63716a51-3745-4da4-bccf-0f29399b8496', 'Section D', 'b2613dc4-e5db-497f-87af-15afedd1e697', '2025-07-13 15:24:22.035306+00'),
	('c4ca6a90-e494-4fe8-bfdc-97fe18cbb53b', 'Section E', 'b2613dc4-e5db-497f-87af-15afedd1e697', '2025-07-13 15:24:22.035306+00'),
	('3a65eb49-b4d8-4c9c-ba0b-3f109fb56ce8', 'Section F', 'b2613dc4-e5db-497f-87af-15afedd1e697', '2025-07-13 15:24:22.035306+00'),
	('5bd40f52-bde0-43f7-a52f-0eef5d2909b0', 'Section G', 'b2613dc4-e5db-497f-87af-15afedd1e697', '2025-07-13 15:24:22.035306+00'),
	('08d9b0cb-4711-41b4-9932-77f40c57d39d', 'Section H', 'b2613dc4-e5db-497f-87af-15afedd1e697', '2025-07-13 15:24:22.035306+00'),
	('08634255-5944-494a-8df2-a9fafc003c3d', 'Section I', 'b2613dc4-e5db-497f-87af-15afedd1e697', '2025-07-13 15:24:22.035306+00'),
	('e6b60ad8-85f9-406d-bc79-eb8b685452e5', 'Section J', 'b2613dc4-e5db-497f-87af-15afedd1e697', '2025-07-13 15:24:22.035306+00'),
	('9600c04a-dced-4bc4-88b4-6349232d2f3a', 'Section K', 'b2613dc4-e5db-497f-87af-15afedd1e697', '2025-07-13 15:24:22.035306+00'),
	('a473184e-ab9a-4360-bdb8-a7f519b690be', 'Section L', 'b2613dc4-e5db-497f-87af-15afedd1e697', '2025-07-13 15:24:22.035306+00'),
	('fe5e85a0-fe30-43ee-bd99-55666c7dd6ba', 'Section M', 'b2613dc4-e5db-497f-87af-15afedd1e697', '2025-07-13 15:24:22.035306+00'),
	('4a5c7671-b777-4385-b965-963e2f4ffdce', 'Section N', 'b2613dc4-e5db-497f-87af-15afedd1e697', '2025-07-13 15:24:22.035306+00'),
	('88db2b03-9b49-4a77-b647-d8a31b65796b', 'Section O', 'b2613dc4-e5db-497f-87af-15afedd1e697', '2025-07-13 15:24:22.035306+00'),
	('a9800839-9418-45cb-93ac-ab170e18717a', 'Section P', 'b2613dc4-e5db-497f-87af-15afedd1e697', '2025-07-13 15:24:22.035306+00'),
	('eba7a057-da53-4dff-a34d-1eb37711d357', 'Section Q', 'b2613dc4-e5db-497f-87af-15afedd1e697', '2025-07-13 15:24:22.035306+00'),
	('28dc746a-1acc-417f-bf3e-22a549c36f78', 'Section R', 'b2613dc4-e5db-497f-87af-15afedd1e697', '2025-07-13 15:24:22.035306+00'),
	('91365b15-f9f0-40f7-8f23-b72877d42a49', 'Section S', 'b2613dc4-e5db-497f-87af-15afedd1e697', '2025-07-13 15:24:22.035306+00'),
	('209adbed-19fd-485c-b03e-bb020048bc3e', 'Section T', 'b2613dc4-e5db-497f-87af-15afedd1e697', '2025-07-13 15:24:22.035306+00'),
	('f9c942a3-1db8-4753-8f6c-6aa372d39226', 'Section U', 'b2613dc4-e5db-497f-87af-15afedd1e697', '2025-07-13 15:24:22.035306+00'),
	('0471d1e7-8192-4717-8a0c-e99d4f459ece', 'Section V', 'b2613dc4-e5db-497f-87af-15afedd1e697', '2025-07-13 15:24:22.035306+00'),
	('a8291bce-0d91-43dc-a83a-48d5678da595', 'Section W', 'b2613dc4-e5db-497f-87af-15afedd1e697', '2025-07-13 15:24:22.035306+00'),
	('3c88265a-79f0-4fe0-addf-08a99474f83d', 'Section X', 'b2613dc4-e5db-497f-87af-15afedd1e697', '2025-07-13 15:24:22.035306+00'),
	('caba3e8c-f6a2-4ec0-a435-7aa47fbccc66', 'Section Y', 'b2613dc4-e5db-497f-87af-15afedd1e697', '2025-07-13 15:24:22.035306+00'),
	('fef0bd6b-0714-49dc-996e-99cc04834298', 'Section Z', 'b2613dc4-e5db-497f-87af-15afedd1e697', '2025-07-13 15:24:22.035306+00'),
	('93298ad4-a2cc-4ebb-92ed-14e14478cad1', 'Section A', '3c88709a-780d-4465-bd8a-a03d80c5c0b9', '2025-07-13 15:24:22.035306+00'),
	('8a3ec539-bb2d-4512-ad31-edb553da2650', 'Section B', '3c88709a-780d-4465-bd8a-a03d80c5c0b9', '2025-07-13 15:24:22.035306+00'),
	('2a615071-10a0-421c-bdbb-44ebfd50e9dd', 'Section C', '3c88709a-780d-4465-bd8a-a03d80c5c0b9', '2025-07-13 15:24:22.035306+00'),
	('e8f32cd1-0a14-4f6f-8b97-4386676cca21', 'Section D', '3c88709a-780d-4465-bd8a-a03d80c5c0b9', '2025-07-13 15:24:22.035306+00'),
	('0f771267-de79-4aa2-a66c-63088fc04405', 'Section E', '3c88709a-780d-4465-bd8a-a03d80c5c0b9', '2025-07-13 15:24:22.035306+00'),
	('15ddef1c-8680-44f2-adef-a77037062958', 'Section F', '3c88709a-780d-4465-bd8a-a03d80c5c0b9', '2025-07-13 15:24:22.035306+00'),
	('7496fcbe-897e-4e82-9979-eac325bd9b0b', 'Section G', '3c88709a-780d-4465-bd8a-a03d80c5c0b9', '2025-07-13 15:24:22.035306+00'),
	('d875bd6f-68b9-45cf-9131-c17495027a8e', 'Section H', '3c88709a-780d-4465-bd8a-a03d80c5c0b9', '2025-07-13 15:24:22.035306+00'),
	('ab6b79a7-1cb2-44c4-9e4d-d6d397c689eb', 'Section I', '3c88709a-780d-4465-bd8a-a03d80c5c0b9', '2025-07-13 15:24:22.035306+00'),
	('6630163f-aeec-412f-a421-866eba07c80d', 'Section J', '3c88709a-780d-4465-bd8a-a03d80c5c0b9', '2025-07-13 15:24:22.035306+00'),
	('09bd976e-c9b4-4e8f-a9f4-2a4155e8a1c1', 'Section K', '3c88709a-780d-4465-bd8a-a03d80c5c0b9', '2025-07-13 15:24:22.035306+00'),
	('9cdedf26-f01d-43a5-8f64-0c7a37f7c732', 'Section L', '3c88709a-780d-4465-bd8a-a03d80c5c0b9', '2025-07-13 15:24:22.035306+00'),
	('4e154bac-a3b6-4687-965c-8ef6ad28a25f', 'Section M', '3c88709a-780d-4465-bd8a-a03d80c5c0b9', '2025-07-13 15:24:22.035306+00'),
	('c64404fb-9793-416e-96e8-c770f0e23a76', 'Section N', '3c88709a-780d-4465-bd8a-a03d80c5c0b9', '2025-07-13 15:24:22.035306+00'),
	('6808f4ed-ff62-4e8d-be63-5bdb4989c50f', 'Section O', '3c88709a-780d-4465-bd8a-a03d80c5c0b9', '2025-07-13 15:24:22.035306+00'),
	('2ebe72c9-1539-4111-8ce5-8eb73c8fa356', 'Section P', '3c88709a-780d-4465-bd8a-a03d80c5c0b9', '2025-07-13 15:24:22.035306+00'),
	('5c919ce8-e2ca-4936-afe2-de3ffa2e0932', 'Section Q', '3c88709a-780d-4465-bd8a-a03d80c5c0b9', '2025-07-13 15:24:22.035306+00'),
	('bc3f5d5c-6394-4465-ae5c-e02c2a4da8e1', 'Section R', '3c88709a-780d-4465-bd8a-a03d80c5c0b9', '2025-07-13 15:24:22.035306+00'),
	('86b7f88f-1834-4f57-8a7f-d68b2d7fc795', 'Section S', '3c88709a-780d-4465-bd8a-a03d80c5c0b9', '2025-07-13 15:24:22.035306+00'),
	('0c603d9d-a692-4548-9f4c-923d11225285', 'Section T', '3c88709a-780d-4465-bd8a-a03d80c5c0b9', '2025-07-13 15:24:22.035306+00'),
	('fe3dfcb0-d964-4eed-8fa6-9ab80513dc8e', 'Section U', '3c88709a-780d-4465-bd8a-a03d80c5c0b9', '2025-07-13 15:24:22.035306+00'),
	('f39c5f87-d2a2-4cdf-90b5-d43a258e6395', 'Section V', '3c88709a-780d-4465-bd8a-a03d80c5c0b9', '2025-07-13 15:24:22.035306+00'),
	('fec07769-21c1-4b81-bb96-b87a65d8324c', 'Section W', '3c88709a-780d-4465-bd8a-a03d80c5c0b9', '2025-07-13 15:24:22.035306+00'),
	('68c53116-f3cf-42ee-94fe-17d5ca7683bb', 'Section X', '3c88709a-780d-4465-bd8a-a03d80c5c0b9', '2025-07-13 15:24:22.035306+00'),
	('3db94b6e-a186-493b-ae6f-83d0c126dac2', 'Section Y', '3c88709a-780d-4465-bd8a-a03d80c5c0b9', '2025-07-13 15:24:22.035306+00'),
	('157f3421-c509-4b1f-a8f9-faeb261fc965', 'Section Z', '3c88709a-780d-4465-bd8a-a03d80c5c0b9', '2025-07-13 15:24:22.035306+00'),
	('3fa29573-66f1-4bfd-b8a5-ca6b14f35b9f', 'Section A', '7336c394-ad46-4c2c-aeff-ccbc90927fc6', '2025-07-13 15:24:22.035306+00'),
	('6967ab23-65c8-4e98-8f0f-e36b08cd0a88', 'Section B', '7336c394-ad46-4c2c-aeff-ccbc90927fc6', '2025-07-13 15:24:22.035306+00'),
	('eea375f4-806d-41a1-8828-bc8be5925e75', 'Section C', '7336c394-ad46-4c2c-aeff-ccbc90927fc6', '2025-07-13 15:24:22.035306+00'),
	('e096b960-fd91-4832-b598-cc50ef1b9e32', 'Section D', '7336c394-ad46-4c2c-aeff-ccbc90927fc6', '2025-07-13 15:24:22.035306+00'),
	('72d32b6e-5a4c-47d1-bb67-ceeca9181d27', 'Section E', '7336c394-ad46-4c2c-aeff-ccbc90927fc6', '2025-07-13 15:24:22.035306+00'),
	('70b9d73f-1f49-44ae-a077-deb0866a4934', 'Section F', '7336c394-ad46-4c2c-aeff-ccbc90927fc6', '2025-07-13 15:24:22.035306+00'),
	('e796cc2b-e534-4a06-97a6-a79d01ec802e', 'Section G', '7336c394-ad46-4c2c-aeff-ccbc90927fc6', '2025-07-13 15:24:22.035306+00'),
	('92cd1253-f3bb-40a9-bc35-9a80babfe59a', 'Section H', '7336c394-ad46-4c2c-aeff-ccbc90927fc6', '2025-07-13 15:24:22.035306+00'),
	('2d516a11-8c7e-474a-af5d-2e603e1944f8', 'Section I', '7336c394-ad46-4c2c-aeff-ccbc90927fc6', '2025-07-13 15:24:22.035306+00'),
	('5f2d8ce8-76c2-4f3f-9dc3-2c249fa97a0c', 'Section J', '7336c394-ad46-4c2c-aeff-ccbc90927fc6', '2025-07-13 15:24:22.035306+00'),
	('d544c3de-c295-4dee-81ec-4b05de371753', 'Section K', '7336c394-ad46-4c2c-aeff-ccbc90927fc6', '2025-07-13 15:24:22.035306+00'),
	('4a10e343-a8cd-4005-829f-81542e81acd3', 'Section L', '7336c394-ad46-4c2c-aeff-ccbc90927fc6', '2025-07-13 15:24:22.035306+00'),
	('4e9b340c-aeb5-4021-9e54-d9c4971ebee2', 'Section M', '7336c394-ad46-4c2c-aeff-ccbc90927fc6', '2025-07-13 15:24:22.035306+00'),
	('352eacc5-72aa-4441-a23c-8bde7b5cb970', 'Section N', '7336c394-ad46-4c2c-aeff-ccbc90927fc6', '2025-07-13 15:24:22.035306+00'),
	('f31bf458-9123-4639-a3f1-f0ece7968e77', 'Section O', '7336c394-ad46-4c2c-aeff-ccbc90927fc6', '2025-07-13 15:24:22.035306+00'),
	('6c35c612-34ac-4ea0-a60a-544b545a0da7', 'Section P', '7336c394-ad46-4c2c-aeff-ccbc90927fc6', '2025-07-13 15:24:22.035306+00'),
	('c29d6542-489a-487d-aa83-83452d8ff9db', 'Section Q', '7336c394-ad46-4c2c-aeff-ccbc90927fc6', '2025-07-13 15:24:22.035306+00'),
	('ddb83168-9043-4cd3-8db3-a3d040e6c1e4', 'Section R', '7336c394-ad46-4c2c-aeff-ccbc90927fc6', '2025-07-13 15:24:22.035306+00'),
	('43146ac0-c42a-4249-aeb1-c9089b061d9d', 'Section S', '7336c394-ad46-4c2c-aeff-ccbc90927fc6', '2025-07-13 15:24:22.035306+00'),
	('1978a205-ea15-4297-a65f-3ec3dfc7b1cb', 'Section T', '7336c394-ad46-4c2c-aeff-ccbc90927fc6', '2025-07-13 15:24:22.035306+00'),
	('289a9863-17f6-41dd-ad5a-58e5ca465000', 'Section U', '7336c394-ad46-4c2c-aeff-ccbc90927fc6', '2025-07-13 15:24:22.035306+00'),
	('98b64964-6abb-4147-85cd-4fae6489fe37', 'Section V', '7336c394-ad46-4c2c-aeff-ccbc90927fc6', '2025-07-13 15:24:22.035306+00'),
	('eb7880ad-04a1-491d-bb3b-a69fe062c82f', 'Section W', '7336c394-ad46-4c2c-aeff-ccbc90927fc6', '2025-07-13 15:24:22.035306+00'),
	('7669f5e2-e91d-4e95-9d36-0e55d4e6caeb', 'Section X', '7336c394-ad46-4c2c-aeff-ccbc90927fc6', '2025-07-13 15:24:22.035306+00'),
	('e30d0da3-cb6c-4d6d-a4fe-7fcfd0d701b7', 'Section Y', '7336c394-ad46-4c2c-aeff-ccbc90927fc6', '2025-07-13 15:24:22.035306+00'),
	('3af7947e-1a42-4637-b92c-fa0dff22e412', 'Section Z', '7336c394-ad46-4c2c-aeff-ccbc90927fc6', '2025-07-13 15:24:22.035306+00'),
	('3c9a9925-639b-4232-b781-c1c38785ba17', 'Section A', 'b99bf28a-12b4-40ac-bfc1-d304ff109b7d', '2025-07-13 15:24:22.035306+00'),
	('62b914c4-1b9b-4bf5-a480-f7729be632de', 'Section B', 'b99bf28a-12b4-40ac-bfc1-d304ff109b7d', '2025-07-13 15:24:22.035306+00'),
	('fee1e36b-0ce3-49bd-9ae4-992562847e85', 'Section C', 'b99bf28a-12b4-40ac-bfc1-d304ff109b7d', '2025-07-13 15:24:22.035306+00'),
	('c373cfa9-75e7-4eaf-b70a-48c0db2aca30', 'Section D', 'b99bf28a-12b4-40ac-bfc1-d304ff109b7d', '2025-07-13 15:24:22.035306+00'),
	('6f1632d1-e66e-416f-b1ac-df7af17a1618', 'Section E', 'b99bf28a-12b4-40ac-bfc1-d304ff109b7d', '2025-07-13 15:24:22.035306+00'),
	('f6318bc1-0e47-4136-83c2-88d86f146c3f', 'Section F', 'b99bf28a-12b4-40ac-bfc1-d304ff109b7d', '2025-07-13 15:24:22.035306+00'),
	('fc97e930-10b8-42d6-a47d-e3f7176b6c96', 'Section G', 'b99bf28a-12b4-40ac-bfc1-d304ff109b7d', '2025-07-13 15:24:22.035306+00'),
	('ce2285c6-47fa-4f55-b565-22aae19fe876', 'Section H', 'b99bf28a-12b4-40ac-bfc1-d304ff109b7d', '2025-07-13 15:24:22.035306+00'),
	('ca20aed7-dd6a-46d9-9fef-b534f6c84c93', 'Section I', 'b99bf28a-12b4-40ac-bfc1-d304ff109b7d', '2025-07-13 15:24:22.035306+00'),
	('8fee3aa1-59a2-4300-a944-3bde92c90894', 'Section J', 'b99bf28a-12b4-40ac-bfc1-d304ff109b7d', '2025-07-13 15:24:22.035306+00'),
	('cf36e079-7dbb-4e38-ae05-1dc2acf8b164', 'Section K', 'b99bf28a-12b4-40ac-bfc1-d304ff109b7d', '2025-07-13 15:24:22.035306+00'),
	('775dbe48-25a7-473f-bdb3-3f4df44a2ff1', 'Section L', 'b99bf28a-12b4-40ac-bfc1-d304ff109b7d', '2025-07-13 15:24:22.035306+00'),
	('158a39ab-5c54-41f5-a321-3f99f0fcfcdb', 'Section M', 'b99bf28a-12b4-40ac-bfc1-d304ff109b7d', '2025-07-13 15:24:22.035306+00'),
	('cca24306-a1e4-4ea5-8c65-dfb00e366fda', 'Section N', 'b99bf28a-12b4-40ac-bfc1-d304ff109b7d', '2025-07-13 15:24:22.035306+00'),
	('cd11fb83-65c5-47d6-a2d5-68475e3864f0', 'Section O', 'b99bf28a-12b4-40ac-bfc1-d304ff109b7d', '2025-07-13 15:24:22.035306+00'),
	('2a87f73c-fc9e-4414-999a-c44bdb1677d8', 'Section P', 'b99bf28a-12b4-40ac-bfc1-d304ff109b7d', '2025-07-13 15:24:22.035306+00'),
	('1d3fea5e-30a6-4d9c-bd77-4d1bee7f13bd', 'Section Q', 'b99bf28a-12b4-40ac-bfc1-d304ff109b7d', '2025-07-13 15:24:22.035306+00'),
	('d36f6d78-f984-42fd-bd01-cee722ccaa89', 'Section R', 'b99bf28a-12b4-40ac-bfc1-d304ff109b7d', '2025-07-13 15:24:22.035306+00'),
	('6c6f59ec-1dd3-4f26-b69a-5af0acb50896', 'Section S', 'b99bf28a-12b4-40ac-bfc1-d304ff109b7d', '2025-07-13 15:24:22.035306+00'),
	('2c25d2b5-a64b-4c1a-a7b2-bca7060ddf1a', 'Section T', 'b99bf28a-12b4-40ac-bfc1-d304ff109b7d', '2025-07-13 15:24:22.035306+00'),
	('1984a350-14e7-46c8-b40a-cd8588af5e27', 'Section U', 'b99bf28a-12b4-40ac-bfc1-d304ff109b7d', '2025-07-13 15:24:22.035306+00'),
	('6c46e674-9c34-449e-b805-dee939142741', 'Section V', 'b99bf28a-12b4-40ac-bfc1-d304ff109b7d', '2025-07-13 15:24:22.035306+00'),
	('bc0a0fd7-db43-449e-8cd9-c46642c56fae', 'Section W', 'b99bf28a-12b4-40ac-bfc1-d304ff109b7d', '2025-07-13 15:24:22.035306+00'),
	('5dec8cb5-5252-4cfa-9e34-38c561ccc149', 'Section X', 'b99bf28a-12b4-40ac-bfc1-d304ff109b7d', '2025-07-13 15:24:22.035306+00'),
	('24b4a180-e35f-483e-a4d8-d75cbf4ac88f', 'Section Y', 'b99bf28a-12b4-40ac-bfc1-d304ff109b7d', '2025-07-13 15:24:22.035306+00'),
	('37d1c94a-9415-4d83-a833-a26042c0251a', 'Section Z', 'b99bf28a-12b4-40ac-bfc1-d304ff109b7d', '2025-07-13 15:24:22.035306+00'),
	('6990014c-44bd-47cb-ac88-8e0067bdf53b', 'Section A', 'ff8ba8af-ff29-4bcd-a1e7-9508cf8f79f9', '2025-07-13 15:24:22.035306+00'),
	('439dc617-4ff9-4bb9-9d19-a480511250e4', 'Section B', 'ff8ba8af-ff29-4bcd-a1e7-9508cf8f79f9', '2025-07-13 15:24:22.035306+00'),
	('3557ad99-652c-447b-8356-b90ec2644364', 'Section C', 'ff8ba8af-ff29-4bcd-a1e7-9508cf8f79f9', '2025-07-13 15:24:22.035306+00'),
	('81d71085-b5dd-4a83-a9f0-fd2773f7e82c', 'Section D', 'ff8ba8af-ff29-4bcd-a1e7-9508cf8f79f9', '2025-07-13 15:24:22.035306+00'),
	('937888be-a5b3-45b5-a178-47cf85cfea33', 'Section E', 'ff8ba8af-ff29-4bcd-a1e7-9508cf8f79f9', '2025-07-13 15:24:22.035306+00'),
	('b13d46c6-4f34-445f-acba-986e9c4369e2', 'Section F', 'ff8ba8af-ff29-4bcd-a1e7-9508cf8f79f9', '2025-07-13 15:24:22.035306+00'),
	('23b661e3-9c7f-4403-a19d-7cecd69a2aeb', 'Section G', 'ff8ba8af-ff29-4bcd-a1e7-9508cf8f79f9', '2025-07-13 15:24:22.035306+00'),
	('88ac2e0a-a63e-47fd-addb-ac25f5545ba6', 'Section H', 'ff8ba8af-ff29-4bcd-a1e7-9508cf8f79f9', '2025-07-13 15:24:22.035306+00'),
	('87898edd-ef46-4b00-8768-682556ecbffc', 'Section I', 'ff8ba8af-ff29-4bcd-a1e7-9508cf8f79f9', '2025-07-13 15:24:22.035306+00'),
	('8412ec6c-7746-443e-b206-2799ff9d36e0', 'Section J', 'ff8ba8af-ff29-4bcd-a1e7-9508cf8f79f9', '2025-07-13 15:24:22.035306+00'),
	('2d9bfd30-1553-4477-9a24-8817be23d41d', 'Section K', 'ff8ba8af-ff29-4bcd-a1e7-9508cf8f79f9', '2025-07-13 15:24:22.035306+00'),
	('072f8d02-ad02-4924-87b0-31787b9df3ae', 'Section L', 'ff8ba8af-ff29-4bcd-a1e7-9508cf8f79f9', '2025-07-13 15:24:22.035306+00'),
	('9f44e416-3f1e-45cb-8e70-cf1b5e915c9d', 'Section M', 'ff8ba8af-ff29-4bcd-a1e7-9508cf8f79f9', '2025-07-13 15:24:22.035306+00'),
	('889af703-7378-4b1f-9b07-96bb4b6cddcb', 'Section N', 'ff8ba8af-ff29-4bcd-a1e7-9508cf8f79f9', '2025-07-13 15:24:22.035306+00'),
	('3eec55e6-4270-4163-a147-31e23ad65a47', 'Section O', 'ff8ba8af-ff29-4bcd-a1e7-9508cf8f79f9', '2025-07-13 15:24:22.035306+00'),
	('85af81ca-44b6-4dcb-8cea-cbc94d3609df', 'Section P', 'ff8ba8af-ff29-4bcd-a1e7-9508cf8f79f9', '2025-07-13 15:24:22.035306+00'),
	('7fea1e0c-375e-4151-9a76-a500373197b2', 'Section Q', 'ff8ba8af-ff29-4bcd-a1e7-9508cf8f79f9', '2025-07-13 15:24:22.035306+00'),
	('95fca5c3-9a79-4f97-b050-76dca16bde23', 'Section R', 'ff8ba8af-ff29-4bcd-a1e7-9508cf8f79f9', '2025-07-13 15:24:22.035306+00'),
	('0e455cc2-bf20-4d62-aa8c-adef521c8fc5', 'Section S', 'ff8ba8af-ff29-4bcd-a1e7-9508cf8f79f9', '2025-07-13 15:24:22.035306+00'),
	('aae0d92e-f203-4d96-9efb-57a595aff523', 'Section T', 'ff8ba8af-ff29-4bcd-a1e7-9508cf8f79f9', '2025-07-13 15:24:22.035306+00'),
	('f9731f8f-dbda-4c7d-856d-b8d20dbb779d', 'Section U', 'ff8ba8af-ff29-4bcd-a1e7-9508cf8f79f9', '2025-07-13 15:24:22.035306+00'),
	('97aaab9a-98ce-4e8d-9399-5006231badae', 'Section V', 'ff8ba8af-ff29-4bcd-a1e7-9508cf8f79f9', '2025-07-13 15:24:22.035306+00'),
	('83019cc9-dbe3-454c-97e6-d36760229110', 'Section W', 'ff8ba8af-ff29-4bcd-a1e7-9508cf8f79f9', '2025-07-13 15:24:22.035306+00'),
	('3fe3661f-48f8-4848-988a-dff8ee4767bb', 'Section X', 'ff8ba8af-ff29-4bcd-a1e7-9508cf8f79f9', '2025-07-13 15:24:22.035306+00'),
	('ef5d0eb3-1859-4b67-8f66-110faf866d6f', 'Section Y', 'ff8ba8af-ff29-4bcd-a1e7-9508cf8f79f9', '2025-07-13 15:24:22.035306+00'),
	('7dbbde5f-e325-42ab-9656-833e796760b4', 'Section Z', 'ff8ba8af-ff29-4bcd-a1e7-9508cf8f79f9', '2025-07-13 15:24:22.035306+00'),
	('c9e72923-b7c6-4b2a-b93a-9e782fc52e2e', 'Section A', 'cec4cd68-9703-417b-852f-a805335df025', '2025-07-13 15:24:22.035306+00'),
	('8c17c49b-ee41-4ba4-aae1-f8062598dc35', 'Section B', 'cec4cd68-9703-417b-852f-a805335df025', '2025-07-13 15:24:22.035306+00'),
	('abbb2a16-1a76-4929-82c1-f1e5855ab724', 'Section C', 'cec4cd68-9703-417b-852f-a805335df025', '2025-07-13 15:24:22.035306+00'),
	('adc9a972-d82c-4149-9e5b-be511de259a7', 'Section D', 'cec4cd68-9703-417b-852f-a805335df025', '2025-07-13 15:24:22.035306+00'),
	('b34e6baa-fd23-4b93-aead-074a9443da54', 'Section E', 'cec4cd68-9703-417b-852f-a805335df025', '2025-07-13 15:24:22.035306+00'),
	('9d588d2c-7f05-41ed-84e1-7af3a054bcbc', 'Section F', 'cec4cd68-9703-417b-852f-a805335df025', '2025-07-13 15:24:22.035306+00'),
	('9337e0a8-d0c1-4304-9412-525c7322be5f', 'Section G', 'cec4cd68-9703-417b-852f-a805335df025', '2025-07-13 15:24:22.035306+00'),
	('9b44f1b4-3cc9-4ade-ac7a-5dda22bd1daf', 'Section H', 'cec4cd68-9703-417b-852f-a805335df025', '2025-07-13 15:24:22.035306+00'),
	('1f0ac455-b4bf-455a-9d79-1e59261e95d2', 'Section I', 'cec4cd68-9703-417b-852f-a805335df025', '2025-07-13 15:24:22.035306+00'),
	('ae3577eb-5f8e-46e7-992a-3e3e9557098b', 'Section J', 'cec4cd68-9703-417b-852f-a805335df025', '2025-07-13 15:24:22.035306+00'),
	('7354804c-959c-4480-9ab6-da315615d1d7', 'Section K', 'cec4cd68-9703-417b-852f-a805335df025', '2025-07-13 15:24:22.035306+00'),
	('01bf2a66-093e-47a5-b293-7887934a7853', 'Section L', 'cec4cd68-9703-417b-852f-a805335df025', '2025-07-13 15:24:22.035306+00'),
	('c33b5dce-6edb-43b9-ab7e-a8e89ba5ab1f', 'Section M', 'cec4cd68-9703-417b-852f-a805335df025', '2025-07-13 15:24:22.035306+00'),
	('6c893e15-baf7-44a2-971b-296a805aa438', 'Section N', 'cec4cd68-9703-417b-852f-a805335df025', '2025-07-13 15:24:22.035306+00'),
	('33fc57c2-9ecb-4d04-9d82-8af4df3a8f2f', 'Section O', 'cec4cd68-9703-417b-852f-a805335df025', '2025-07-13 15:24:22.035306+00'),
	('b0093667-6980-4574-82e8-4d50b71c32f2', 'Section P', 'cec4cd68-9703-417b-852f-a805335df025', '2025-07-13 15:24:22.035306+00'),
	('2cb7902d-b4ab-46e3-a520-c42ee55b2998', 'Section Q', 'cec4cd68-9703-417b-852f-a805335df025', '2025-07-13 15:24:22.035306+00'),
	('40c5d999-631b-41f2-a6e8-f17dcffcd64a', 'Section R', 'cec4cd68-9703-417b-852f-a805335df025', '2025-07-13 15:24:22.035306+00'),
	('03634fe4-1baf-4d32-b3a8-7169a336e76b', 'Section S', 'cec4cd68-9703-417b-852f-a805335df025', '2025-07-13 15:24:22.035306+00'),
	('6105c50f-d565-4bcb-9431-8e10859fa360', 'Section T', 'cec4cd68-9703-417b-852f-a805335df025', '2025-07-13 15:24:22.035306+00'),
	('50d3fa6a-4495-40d5-97e7-6e593b722fdf', 'Section U', 'cec4cd68-9703-417b-852f-a805335df025', '2025-07-13 15:24:22.035306+00'),
	('b47bad91-ff13-43a1-ab8e-8ddb60dcb228', 'Section V', 'cec4cd68-9703-417b-852f-a805335df025', '2025-07-13 15:24:22.035306+00'),
	('b9ae24f5-3bcc-4331-841c-10652cf50611', 'Section W', 'cec4cd68-9703-417b-852f-a805335df025', '2025-07-13 15:24:22.035306+00'),
	('8b5fd6bc-0122-4ef4-b0f3-043d6903954d', 'Section X', 'cec4cd68-9703-417b-852f-a805335df025', '2025-07-13 15:24:22.035306+00'),
	('21fa5d92-9926-44a6-8844-3197c382959d', 'Section Y', 'cec4cd68-9703-417b-852f-a805335df025', '2025-07-13 15:24:22.035306+00'),
	('5dffeb64-d02c-4056-a592-bd9194937a98', 'Section Z', 'cec4cd68-9703-417b-852f-a805335df025', '2025-07-13 15:24:22.035306+00'),
	('ca8ae1fd-44cb-4b1f-9f97-32c523024363', 'Section A', 'b57a63c1-0326-4572-a1d9-38d37eb97a28', '2025-07-13 15:24:22.035306+00'),
	('f7d410cd-0f90-482c-8758-4800feaac2b8', 'Section B', 'b57a63c1-0326-4572-a1d9-38d37eb97a28', '2025-07-13 15:24:22.035306+00'),
	('5c7ec02e-a187-4980-97d0-6f25c3286b99', 'Section C', 'b57a63c1-0326-4572-a1d9-38d37eb97a28', '2025-07-13 15:24:22.035306+00'),
	('0fddb876-bb51-4449-adbf-770eb35be960', 'Section D', 'b57a63c1-0326-4572-a1d9-38d37eb97a28', '2025-07-13 15:24:22.035306+00'),
	('d98c55f9-3053-4882-b0c0-35686f76d195', 'Section E', 'b57a63c1-0326-4572-a1d9-38d37eb97a28', '2025-07-13 15:24:22.035306+00'),
	('3d83bfe2-ef5f-45b4-950e-b04c411d9fba', 'Section F', 'b57a63c1-0326-4572-a1d9-38d37eb97a28', '2025-07-13 15:24:22.035306+00'),
	('9f7aafd8-bc34-4792-afa5-6f1b01987bf2', 'Section G', 'b57a63c1-0326-4572-a1d9-38d37eb97a28', '2025-07-13 15:24:22.035306+00'),
	('b23e5cb2-a82d-4e55-989d-f1e1e1068804', 'Section H', 'b57a63c1-0326-4572-a1d9-38d37eb97a28', '2025-07-13 15:24:22.035306+00'),
	('1b902cd4-9afc-42b6-a14d-3800440e7c90', 'Section I', 'b57a63c1-0326-4572-a1d9-38d37eb97a28', '2025-07-13 15:24:22.035306+00'),
	('62e07e6d-b404-434f-b8cb-1a7ea2a1a18f', 'Section J', 'b57a63c1-0326-4572-a1d9-38d37eb97a28', '2025-07-13 15:24:22.035306+00'),
	('9745ad98-3e2b-4b59-b757-8a001f3bc7a7', 'Section K', 'b57a63c1-0326-4572-a1d9-38d37eb97a28', '2025-07-13 15:24:22.035306+00'),
	('dc276f6d-20ae-416a-8154-a615f888545f', 'Section L', 'b57a63c1-0326-4572-a1d9-38d37eb97a28', '2025-07-13 15:24:22.035306+00'),
	('4523e80d-a930-4a31-92fd-ff5dfe6cf139', 'Section M', 'b57a63c1-0326-4572-a1d9-38d37eb97a28', '2025-07-13 15:24:22.035306+00'),
	('96beb806-d419-4ee5-b3d5-239e4bae2491', 'Section N', 'b57a63c1-0326-4572-a1d9-38d37eb97a28', '2025-07-13 15:24:22.035306+00'),
	('77dc7b79-c6e4-4128-9eeb-ef23fcdd0191', 'Section O', 'b57a63c1-0326-4572-a1d9-38d37eb97a28', '2025-07-13 15:24:22.035306+00'),
	('de85b0fe-209b-4d1b-acb1-bae0252fb4a2', 'Section P', 'b57a63c1-0326-4572-a1d9-38d37eb97a28', '2025-07-13 15:24:22.035306+00'),
	('49dc658a-40be-493c-815f-0d21a2b906c8', 'Section Q', 'b57a63c1-0326-4572-a1d9-38d37eb97a28', '2025-07-13 15:24:22.035306+00'),
	('6ac19f62-ac10-4732-8a03-f2abb3ab77ab', 'Section R', 'b57a63c1-0326-4572-a1d9-38d37eb97a28', '2025-07-13 15:24:22.035306+00'),
	('7163cc49-0e15-4d30-a451-28740866b1a6', 'Section S', 'b57a63c1-0326-4572-a1d9-38d37eb97a28', '2025-07-13 15:24:22.035306+00'),
	('35a68f6e-540d-4086-acfb-2ead30e18acd', 'Section T', 'b57a63c1-0326-4572-a1d9-38d37eb97a28', '2025-07-13 15:24:22.035306+00'),
	('5c9edaf6-317d-427c-b167-a75c5f33b555', 'Section U', 'b57a63c1-0326-4572-a1d9-38d37eb97a28', '2025-07-13 15:24:22.035306+00'),
	('3d111b82-5d4b-4ed6-8947-3c91a416d683', 'Section V', 'b57a63c1-0326-4572-a1d9-38d37eb97a28', '2025-07-13 15:24:22.035306+00'),
	('8b7bfdd7-d106-4ce7-93af-e19eb232d128', 'Section W', 'b57a63c1-0326-4572-a1d9-38d37eb97a28', '2025-07-13 15:24:22.035306+00'),
	('2b4a6265-9e82-49c6-b2ac-c2efd804426c', 'Section X', 'b57a63c1-0326-4572-a1d9-38d37eb97a28', '2025-07-13 15:24:22.035306+00'),
	('02d5e101-def5-4a56-a3f0-4bb588d53f84', 'Section Y', 'b57a63c1-0326-4572-a1d9-38d37eb97a28', '2025-07-13 15:24:22.035306+00'),
	('1dbe9045-3532-470a-8111-de5b53a8bc8c', 'Section Z', 'b57a63c1-0326-4572-a1d9-38d37eb97a28', '2025-07-13 15:24:22.035306+00'),
	('33bb1460-88ca-4d91-8a8c-2272ff704435', 'Section A', '9d3434ea-0db0-4c8f-af05-515d3c385754', '2025-07-13 15:24:22.035306+00'),
	('010eff2e-9139-47fd-9d34-f1f17288dae3', 'Section B', '9d3434ea-0db0-4c8f-af05-515d3c385754', '2025-07-13 15:24:22.035306+00'),
	('0dbf7e6e-31c5-4783-81f1-4b8e788de2d1', 'Section C', '9d3434ea-0db0-4c8f-af05-515d3c385754', '2025-07-13 15:24:22.035306+00'),
	('194e8685-c294-41b9-aa15-6819ba5f319f', 'Section D', '9d3434ea-0db0-4c8f-af05-515d3c385754', '2025-07-13 15:24:22.035306+00'),
	('45a9afe4-684e-4c7f-b11f-a1395646e65b', 'Section E', '9d3434ea-0db0-4c8f-af05-515d3c385754', '2025-07-13 15:24:22.035306+00'),
	('d173b76a-a680-436c-8419-15a1e8f95f23', 'Section F', '9d3434ea-0db0-4c8f-af05-515d3c385754', '2025-07-13 15:24:22.035306+00'),
	('3b9d9b99-c653-43a9-b4be-1c44449bc48c', 'Section G', '9d3434ea-0db0-4c8f-af05-515d3c385754', '2025-07-13 15:24:22.035306+00'),
	('cc5c627e-ab76-4106-9de5-10ee84e6c252', 'Section H', '9d3434ea-0db0-4c8f-af05-515d3c385754', '2025-07-13 15:24:22.035306+00'),
	('a410ecd0-478b-4694-b223-4ab3f752155b', 'Section I', '9d3434ea-0db0-4c8f-af05-515d3c385754', '2025-07-13 15:24:22.035306+00'),
	('d93011cc-6537-49c7-b87a-ba59648cc3a8', 'Section J', '9d3434ea-0db0-4c8f-af05-515d3c385754', '2025-07-13 15:24:22.035306+00'),
	('7eb36ce4-ed1d-48c2-b622-0587a1d8dcdc', 'Section K', '9d3434ea-0db0-4c8f-af05-515d3c385754', '2025-07-13 15:24:22.035306+00'),
	('13747ef6-4f6b-4ead-93f2-c6f5722c3bda', 'Section L', '9d3434ea-0db0-4c8f-af05-515d3c385754', '2025-07-13 15:24:22.035306+00'),
	('c76f78e6-ca2d-48ba-9b44-868042e3c008', 'Section M', '9d3434ea-0db0-4c8f-af05-515d3c385754', '2025-07-13 15:24:22.035306+00'),
	('d44da711-84dc-46cd-bb22-ba0f8544f4cc', 'Section N', '9d3434ea-0db0-4c8f-af05-515d3c385754', '2025-07-13 15:24:22.035306+00'),
	('0063f932-4358-4be7-9e58-8f76495eaaa2', 'Section O', '9d3434ea-0db0-4c8f-af05-515d3c385754', '2025-07-13 15:24:22.035306+00'),
	('678ea2e0-87c0-41bb-8109-5abb9548423e', 'Section P', '9d3434ea-0db0-4c8f-af05-515d3c385754', '2025-07-13 15:24:22.035306+00'),
	('873987eb-3762-4bd1-969e-dcd00202db69', 'Section Q', '9d3434ea-0db0-4c8f-af05-515d3c385754', '2025-07-13 15:24:22.035306+00'),
	('fb0317e4-788a-445c-a90b-394b64745d79', 'Section R', '9d3434ea-0db0-4c8f-af05-515d3c385754', '2025-07-13 15:24:22.035306+00'),
	('2bbcb4c1-8cdf-4590-a7c4-5eccaaa61f61', 'Section S', '9d3434ea-0db0-4c8f-af05-515d3c385754', '2025-07-13 15:24:22.035306+00'),
	('a6f80c87-f32c-4efd-80ce-8b818fd3e53c', 'Section T', '9d3434ea-0db0-4c8f-af05-515d3c385754', '2025-07-13 15:24:22.035306+00'),
	('bbc43fb4-3d45-4b2e-b22c-5dc167c034da', 'Section U', '9d3434ea-0db0-4c8f-af05-515d3c385754', '2025-07-13 15:24:22.035306+00'),
	('41898747-03a5-4601-82bc-297dc88fe471', 'Section V', '9d3434ea-0db0-4c8f-af05-515d3c385754', '2025-07-13 15:24:22.035306+00'),
	('e01244aa-1cfa-4e38-bddd-3e408e3bab63', 'Section W', '9d3434ea-0db0-4c8f-af05-515d3c385754', '2025-07-13 15:24:22.035306+00'),
	('7f4cf8f8-ccd0-45a7-8a01-d1a49bed8ba8', 'Section X', '9d3434ea-0db0-4c8f-af05-515d3c385754', '2025-07-13 15:24:22.035306+00'),
	('224ba813-499d-4706-9b3e-6e4d2468b160', 'Section Y', '9d3434ea-0db0-4c8f-af05-515d3c385754', '2025-07-13 15:24:22.035306+00'),
	('f9888e53-2929-4c65-aeb1-21d09a6a8728', 'Section Z', '9d3434ea-0db0-4c8f-af05-515d3c385754', '2025-07-13 15:24:22.035306+00'),
	('8df8e8e1-6681-4015-ab1f-c92f50a87f11', 'Section A', 'd7a1ea2e-11f2-43a7-a4ed-c498841b4f20', '2025-07-13 15:24:22.035306+00'),
	('59ce0590-22fb-47da-bcbc-43fd9bbd03c1', 'Section B', 'd7a1ea2e-11f2-43a7-a4ed-c498841b4f20', '2025-07-13 15:24:22.035306+00'),
	('e7080dae-af11-4575-8ee0-0cf23afb9e57', 'Section C', 'd7a1ea2e-11f2-43a7-a4ed-c498841b4f20', '2025-07-13 15:24:22.035306+00'),
	('2c6a0a83-089e-4097-9f11-d25f70bf3132', 'Section D', 'd7a1ea2e-11f2-43a7-a4ed-c498841b4f20', '2025-07-13 15:24:22.035306+00'),
	('eb5031ab-9b44-472b-8ead-dde85cfb803b', 'Section E', 'd7a1ea2e-11f2-43a7-a4ed-c498841b4f20', '2025-07-13 15:24:22.035306+00'),
	('e449a4f5-2c32-489e-ab7d-6c6266eed0fd', 'Section F', 'd7a1ea2e-11f2-43a7-a4ed-c498841b4f20', '2025-07-13 15:24:22.035306+00'),
	('6a493f55-7ce6-4584-9911-88131fbd1d9a', 'Section G', 'd7a1ea2e-11f2-43a7-a4ed-c498841b4f20', '2025-07-13 15:24:22.035306+00'),
	('3bee0820-16e4-41ae-91c1-a36ab7c01c3a', 'Section H', 'd7a1ea2e-11f2-43a7-a4ed-c498841b4f20', '2025-07-13 15:24:22.035306+00'),
	('15bf976b-e192-4a2f-83ae-0edfdeb7e5be', 'Section I', 'd7a1ea2e-11f2-43a7-a4ed-c498841b4f20', '2025-07-13 15:24:22.035306+00'),
	('8fb8c268-feaf-432c-a493-976a5f382cf5', 'Section J', 'd7a1ea2e-11f2-43a7-a4ed-c498841b4f20', '2025-07-13 15:24:22.035306+00'),
	('34a5c1e8-18ab-490b-8810-c241cc450e59', 'Section K', 'd7a1ea2e-11f2-43a7-a4ed-c498841b4f20', '2025-07-13 15:24:22.035306+00'),
	('ff81f409-dca0-48a2-a210-be9c6ae718fe', 'Section L', 'd7a1ea2e-11f2-43a7-a4ed-c498841b4f20', '2025-07-13 15:24:22.035306+00'),
	('149d549a-7d87-4b34-af33-4c9ce484318a', 'Section M', 'd7a1ea2e-11f2-43a7-a4ed-c498841b4f20', '2025-07-13 15:24:22.035306+00'),
	('0db309e6-558b-405b-8f8f-f7d2acde1495', 'Section N', 'd7a1ea2e-11f2-43a7-a4ed-c498841b4f20', '2025-07-13 15:24:22.035306+00'),
	('a7d48b97-47ba-4ad6-85c1-73cb3d9a9e5d', 'Section O', 'd7a1ea2e-11f2-43a7-a4ed-c498841b4f20', '2025-07-13 15:24:22.035306+00'),
	('c1d7fa96-a70e-4ef5-b451-67413cd11d46', 'Section P', 'd7a1ea2e-11f2-43a7-a4ed-c498841b4f20', '2025-07-13 15:24:22.035306+00'),
	('c2c4df75-ccee-4fd9-b91a-890223b7f531', 'Section Q', 'd7a1ea2e-11f2-43a7-a4ed-c498841b4f20', '2025-07-13 15:24:22.035306+00'),
	('689cb2be-a140-470b-a8e0-2f13cf1befe8', 'Section R', 'd7a1ea2e-11f2-43a7-a4ed-c498841b4f20', '2025-07-13 15:24:22.035306+00'),
	('47d8a756-c3e2-40ff-9ef3-57847c298a64', 'Section S', 'd7a1ea2e-11f2-43a7-a4ed-c498841b4f20', '2025-07-13 15:24:22.035306+00'),
	('85ab7323-2adf-4026-8e41-4ff8e68438e9', 'Section T', 'd7a1ea2e-11f2-43a7-a4ed-c498841b4f20', '2025-07-13 15:24:22.035306+00'),
	('b6dcd6d8-4835-4bae-97c5-b3d94ed6fdae', 'Section U', 'd7a1ea2e-11f2-43a7-a4ed-c498841b4f20', '2025-07-13 15:24:22.035306+00'),
	('182d04e1-85d1-49cb-83c4-d555658c5e0d', 'Section V', 'd7a1ea2e-11f2-43a7-a4ed-c498841b4f20', '2025-07-13 15:24:22.035306+00'),
	('fc63d343-2e64-48fa-96fb-113c0f1f2e3b', 'Section W', 'd7a1ea2e-11f2-43a7-a4ed-c498841b4f20', '2025-07-13 15:24:22.035306+00'),
	('9b331c92-f762-48ba-a464-34a8eeb3b673', 'Section X', 'd7a1ea2e-11f2-43a7-a4ed-c498841b4f20', '2025-07-13 15:24:22.035306+00'),
	('d85595f4-55ec-4355-9267-d75c7137b889', 'Section Y', 'd7a1ea2e-11f2-43a7-a4ed-c498841b4f20', '2025-07-13 15:24:22.035306+00'),
	('f09c401f-d9d6-40d7-a2a2-6d154fde99da', 'Section Z', 'd7a1ea2e-11f2-43a7-a4ed-c498841b4f20', '2025-07-13 15:24:22.035306+00'),
	('dea3fc12-7580-42bb-b001-fc68294a0343', 'Section A', '75eecf90-1932-4142-904b-0340fa037e0d', '2025-07-13 15:24:22.035306+00'),
	('42d81969-4c40-4de2-99a7-83f8711d62b3', 'Section B', '75eecf90-1932-4142-904b-0340fa037e0d', '2025-07-13 15:24:22.035306+00'),
	('dc775540-f861-473d-8623-a2eba10353ad', 'Section C', '75eecf90-1932-4142-904b-0340fa037e0d', '2025-07-13 15:24:22.035306+00'),
	('7eed6d83-2442-4c7c-ae5d-c2b7ef3309f7', 'Section D', '75eecf90-1932-4142-904b-0340fa037e0d', '2025-07-13 15:24:22.035306+00'),
	('89c8ac3f-309d-40ef-86a9-1aff83e8026e', 'Section E', '75eecf90-1932-4142-904b-0340fa037e0d', '2025-07-13 15:24:22.035306+00'),
	('64b1a77b-3f9e-4d2c-addc-cbc577625593', 'Section F', '75eecf90-1932-4142-904b-0340fa037e0d', '2025-07-13 15:24:22.035306+00'),
	('8c9f75a9-58e6-4565-aaa6-4468fad5881a', 'Section G', '75eecf90-1932-4142-904b-0340fa037e0d', '2025-07-13 15:24:22.035306+00'),
	('5a5e898b-2b05-4151-b606-ce61c4076a10', 'Section H', '75eecf90-1932-4142-904b-0340fa037e0d', '2025-07-13 15:24:22.035306+00'),
	('8baa6e3a-d1af-4df9-97b8-49d36a2a3512', 'Section I', '75eecf90-1932-4142-904b-0340fa037e0d', '2025-07-13 15:24:22.035306+00'),
	('0f10406d-d334-4e05-9b67-848a13d5d272', 'Section J', '75eecf90-1932-4142-904b-0340fa037e0d', '2025-07-13 15:24:22.035306+00'),
	('1a22b9cb-158c-4da4-b7c4-1d188741cef0', 'Section K', '75eecf90-1932-4142-904b-0340fa037e0d', '2025-07-13 15:24:22.035306+00'),
	('7925cf67-7356-4635-b193-e0ff80ada064', 'Section L', '75eecf90-1932-4142-904b-0340fa037e0d', '2025-07-13 15:24:22.035306+00'),
	('c743a31b-2aec-4ad9-ae52-35ccb3adf810', 'Section M', '75eecf90-1932-4142-904b-0340fa037e0d', '2025-07-13 15:24:22.035306+00'),
	('f3975c31-093d-41f6-b7af-0417c9ec4e42', 'Section N', '75eecf90-1932-4142-904b-0340fa037e0d', '2025-07-13 15:24:22.035306+00'),
	('6f6cd19e-cb35-439b-b7c1-c16dc476580f', 'Section O', '75eecf90-1932-4142-904b-0340fa037e0d', '2025-07-13 15:24:22.035306+00'),
	('5385c076-d5e6-4bd7-b34a-beff3722e85c', 'Section P', '75eecf90-1932-4142-904b-0340fa037e0d', '2025-07-13 15:24:22.035306+00'),
	('3efa6058-bea0-4501-af03-503601670934', 'Section Q', '75eecf90-1932-4142-904b-0340fa037e0d', '2025-07-13 15:24:22.035306+00'),
	('4ec0bee6-f8ea-4812-a848-055f57b666d9', 'Section R', '75eecf90-1932-4142-904b-0340fa037e0d', '2025-07-13 15:24:22.035306+00'),
	('a61e0903-e8f4-4308-9d73-9f66a137d89f', 'Section S', '75eecf90-1932-4142-904b-0340fa037e0d', '2025-07-13 15:24:22.035306+00'),
	('77ba3226-c557-4e8d-ba90-3f112d28c848', 'Section T', '75eecf90-1932-4142-904b-0340fa037e0d', '2025-07-13 15:24:22.035306+00'),
	('b14c7b5a-19b9-44af-b8e0-0b797a43c7b4', 'Section U', '75eecf90-1932-4142-904b-0340fa037e0d', '2025-07-13 15:24:22.035306+00'),
	('f2f1d5ba-8392-45a1-b93c-3c3b0208d7c2', 'Section V', '75eecf90-1932-4142-904b-0340fa037e0d', '2025-07-13 15:24:22.035306+00'),
	('b0f11501-ed0f-41ee-af39-b192017a02e0', 'Section W', '75eecf90-1932-4142-904b-0340fa037e0d', '2025-07-13 15:24:22.035306+00'),
	('ec24d68e-5482-4879-85db-446cb3eea1d3', 'Section X', '75eecf90-1932-4142-904b-0340fa037e0d', '2025-07-13 15:24:22.035306+00'),
	('d9e8b97d-b7b8-45d2-8535-07b2d0951823', 'Section Y', '75eecf90-1932-4142-904b-0340fa037e0d', '2025-07-13 15:24:22.035306+00'),
	('69c1a86c-c42b-4ea2-ad74-65ccd00e4371', 'Section Z', '75eecf90-1932-4142-904b-0340fa037e0d', '2025-07-13 15:24:22.035306+00'),
	('46dff538-92ca-4b34-99ae-08b10c50dd63', 'Section A', 'be33e969-d5f1-4d16-a43a-a276866817d6', '2025-07-13 15:24:22.035306+00'),
	('d1d84249-999b-484d-996b-5bbbb202ee1e', 'Section B', 'be33e969-d5f1-4d16-a43a-a276866817d6', '2025-07-13 15:24:22.035306+00'),
	('27b45c2c-5920-4140-adec-7b6c70ceefdb', 'Section C', 'be33e969-d5f1-4d16-a43a-a276866817d6', '2025-07-13 15:24:22.035306+00'),
	('edd8443d-3479-4b25-a234-112ba1d34bb6', 'Section D', 'be33e969-d5f1-4d16-a43a-a276866817d6', '2025-07-13 15:24:22.035306+00'),
	('2a5f9ab6-f1a8-428b-aae3-8b23a68b3daf', 'Section E', 'be33e969-d5f1-4d16-a43a-a276866817d6', '2025-07-13 15:24:22.035306+00'),
	('d71198e3-d8f1-48de-8bef-ec3f951d9bca', 'Section F', 'be33e969-d5f1-4d16-a43a-a276866817d6', '2025-07-13 15:24:22.035306+00'),
	('433d37de-4e59-4eee-b7dc-73a9c192ec80', 'Section G', 'be33e969-d5f1-4d16-a43a-a276866817d6', '2025-07-13 15:24:22.035306+00'),
	('ba2abecb-eb2f-43d7-9949-07886d924c78', 'Section H', 'be33e969-d5f1-4d16-a43a-a276866817d6', '2025-07-13 15:24:22.035306+00'),
	('217da1a4-5197-49ba-949d-699b40207c98', 'Section I', 'be33e969-d5f1-4d16-a43a-a276866817d6', '2025-07-13 15:24:22.035306+00'),
	('2d091a0c-431b-4e82-a4e7-6b1ca04edd3e', 'Section J', 'be33e969-d5f1-4d16-a43a-a276866817d6', '2025-07-13 15:24:22.035306+00'),
	('5cb9f3e7-272b-4c26-aa5e-e98a471b4c65', 'Section K', 'be33e969-d5f1-4d16-a43a-a276866817d6', '2025-07-13 15:24:22.035306+00'),
	('f3485420-fc5d-405f-a3ae-e310cc58defa', 'Section L', 'be33e969-d5f1-4d16-a43a-a276866817d6', '2025-07-13 15:24:22.035306+00'),
	('27c93d3e-1ab6-4b87-8347-6840e271fbb2', 'Section M', 'be33e969-d5f1-4d16-a43a-a276866817d6', '2025-07-13 15:24:22.035306+00'),
	('890dcda9-a136-4fa4-ba9e-4da5330b5a85', 'Section N', 'be33e969-d5f1-4d16-a43a-a276866817d6', '2025-07-13 15:24:22.035306+00'),
	('f07a159e-5a91-44e6-bb6b-2a98d29a555c', 'Section O', 'be33e969-d5f1-4d16-a43a-a276866817d6', '2025-07-13 15:24:22.035306+00'),
	('eeb685a8-a617-460a-8416-ffba7778a575', 'Section P', 'be33e969-d5f1-4d16-a43a-a276866817d6', '2025-07-13 15:24:22.035306+00'),
	('cb617000-0ee3-4c20-b304-9022635997bf', 'Section Q', 'be33e969-d5f1-4d16-a43a-a276866817d6', '2025-07-13 15:24:22.035306+00'),
	('46da2689-9048-4d9e-91a6-73bb4254e5e2', 'Section R', 'be33e969-d5f1-4d16-a43a-a276866817d6', '2025-07-13 15:24:22.035306+00'),
	('397b28ab-1839-46c6-8597-ba404853a059', 'Section S', 'be33e969-d5f1-4d16-a43a-a276866817d6', '2025-07-13 15:24:22.035306+00'),
	('dd513afb-026e-47e2-ae2a-f46c5f41af86', 'Section T', 'be33e969-d5f1-4d16-a43a-a276866817d6', '2025-07-13 15:24:22.035306+00'),
	('83046809-ddbb-49f2-a21c-b9a85192c6bc', 'Section U', 'be33e969-d5f1-4d16-a43a-a276866817d6', '2025-07-13 15:24:22.035306+00'),
	('385b0bc9-099f-42d2-8dfa-cc3391f9c1e8', 'Section V', 'be33e969-d5f1-4d16-a43a-a276866817d6', '2025-07-13 15:24:22.035306+00'),
	('918be57c-5d70-47fc-a1a3-1731cd758d89', 'Section W', 'be33e969-d5f1-4d16-a43a-a276866817d6', '2025-07-13 15:24:22.035306+00'),
	('1c815b04-d116-4487-ae58-4f494aec7f5b', 'Section X', 'be33e969-d5f1-4d16-a43a-a276866817d6', '2025-07-13 15:24:22.035306+00'),
	('ca1fc230-4e49-4120-a636-71f8e71b1a4b', 'Section Y', 'be33e969-d5f1-4d16-a43a-a276866817d6', '2025-07-13 15:24:22.035306+00'),
	('58040b80-9cb2-486e-a867-7fe517914077', 'Section Z', 'be33e969-d5f1-4d16-a43a-a276866817d6', '2025-07-13 15:24:22.035306+00'),
	('2b74c365-a3c9-4687-aef3-54ebe0c27ec0', 'Section A', 'ec88c1fe-fcf1-4a08-869a-903c64c0725f', '2025-07-13 15:24:22.035306+00'),
	('220a253f-a139-463e-816d-60874218c933', 'Section B', 'ec88c1fe-fcf1-4a08-869a-903c64c0725f', '2025-07-13 15:24:22.035306+00'),
	('7ddf8458-26a2-4942-9339-4ac8b21b6a32', 'Section C', 'ec88c1fe-fcf1-4a08-869a-903c64c0725f', '2025-07-13 15:24:22.035306+00'),
	('75f21d21-0d1a-4175-bc26-8e6eb55b31ff', 'Section D', 'ec88c1fe-fcf1-4a08-869a-903c64c0725f', '2025-07-13 15:24:22.035306+00'),
	('c236e935-176e-4c6f-a9e9-bf3c4e0d59bd', 'Section E', 'ec88c1fe-fcf1-4a08-869a-903c64c0725f', '2025-07-13 15:24:22.035306+00'),
	('d6877234-1b4d-4e87-9a76-32b454518e82', 'Section F', 'ec88c1fe-fcf1-4a08-869a-903c64c0725f', '2025-07-13 15:24:22.035306+00'),
	('f5e0f27d-aead-4660-9bd1-1dc5309f37df', 'Section G', 'ec88c1fe-fcf1-4a08-869a-903c64c0725f', '2025-07-13 15:24:22.035306+00'),
	('2ed693af-e914-448a-9a4f-8ed227f57ba4', 'Section H', 'ec88c1fe-fcf1-4a08-869a-903c64c0725f', '2025-07-13 15:24:22.035306+00'),
	('dc61c16a-8fee-4072-87d9-8d26ef8e8490', 'Section I', 'ec88c1fe-fcf1-4a08-869a-903c64c0725f', '2025-07-13 15:24:22.035306+00'),
	('ba7c0a05-f652-410e-a5ec-9dc167a265b7', 'Section J', 'ec88c1fe-fcf1-4a08-869a-903c64c0725f', '2025-07-13 15:24:22.035306+00'),
	('03acfaec-1f18-495a-b05e-e63b5c41c0e6', 'Section K', 'ec88c1fe-fcf1-4a08-869a-903c64c0725f', '2025-07-13 15:24:22.035306+00'),
	('0f0b0858-149e-485f-a3e7-03ee6c040846', 'Section L', 'ec88c1fe-fcf1-4a08-869a-903c64c0725f', '2025-07-13 15:24:22.035306+00'),
	('6ed9ad39-c8e6-4e03-90aa-b6c3dc3b6b6f', 'Section M', 'ec88c1fe-fcf1-4a08-869a-903c64c0725f', '2025-07-13 15:24:22.035306+00'),
	('664510b3-61f9-487f-80a0-cd01eee456a1', 'Section N', 'ec88c1fe-fcf1-4a08-869a-903c64c0725f', '2025-07-13 15:24:22.035306+00'),
	('c9d1b54e-40f4-4649-9b2a-29c92535bf48', 'Section O', 'ec88c1fe-fcf1-4a08-869a-903c64c0725f', '2025-07-13 15:24:22.035306+00'),
	('71b9684f-4fa3-4c50-8f4f-e380a8f51ded', 'Section P', 'ec88c1fe-fcf1-4a08-869a-903c64c0725f', '2025-07-13 15:24:22.035306+00'),
	('1976e5ee-a229-4b73-b182-fb93d8cd50a8', 'Section Q', 'ec88c1fe-fcf1-4a08-869a-903c64c0725f', '2025-07-13 15:24:22.035306+00'),
	('dbc7cc59-52f1-4947-aaee-7e591c5f1575', 'Section R', 'ec88c1fe-fcf1-4a08-869a-903c64c0725f', '2025-07-13 15:24:22.035306+00'),
	('4eb9f57f-5747-4e20-a397-9b8187eba04f', 'Section S', 'ec88c1fe-fcf1-4a08-869a-903c64c0725f', '2025-07-13 15:24:22.035306+00'),
	('c15a5888-40db-4db9-814f-e7db12134456', 'Section T', 'ec88c1fe-fcf1-4a08-869a-903c64c0725f', '2025-07-13 15:24:22.035306+00'),
	('7848f05c-db91-46ec-991e-6a561d120f74', 'Section U', 'ec88c1fe-fcf1-4a08-869a-903c64c0725f', '2025-07-13 15:24:22.035306+00'),
	('b08a75ee-ffcd-4ee5-909e-85689653a16f', 'Section V', 'ec88c1fe-fcf1-4a08-869a-903c64c0725f', '2025-07-13 15:24:22.035306+00'),
	('074808e9-5ddb-4ae4-89eb-b1d3cce8e306', 'Section W', 'ec88c1fe-fcf1-4a08-869a-903c64c0725f', '2025-07-13 15:24:22.035306+00'),
	('719e9350-faa3-4ac5-879f-e407d6b60273', 'Section X', 'ec88c1fe-fcf1-4a08-869a-903c64c0725f', '2025-07-13 15:24:22.035306+00'),
	('5f4816b8-0a4e-4802-add8-9ee5b74bd204', 'Section Y', 'ec88c1fe-fcf1-4a08-869a-903c64c0725f', '2025-07-13 15:24:22.035306+00'),
	('c88f0b5a-efec-46dd-b963-b6efeafe5ab2', 'Section Z', 'ec88c1fe-fcf1-4a08-869a-903c64c0725f', '2025-07-13 15:24:22.035306+00'),
	('aa7d0730-148d-4122-b708-03a23f4597f6', 'Section A', '2b5e3b2b-4a58-4646-a173-a1037924bb78', '2025-07-13 15:24:22.035306+00'),
	('fb813dcd-a989-4ca9-90f8-8a976b060d13', 'Section B', '2b5e3b2b-4a58-4646-a173-a1037924bb78', '2025-07-13 15:24:22.035306+00'),
	('82d1057c-aa77-4f10-aa92-bced6b2f41ff', 'Section C', '2b5e3b2b-4a58-4646-a173-a1037924bb78', '2025-07-13 15:24:22.035306+00'),
	('cd5af5ee-b2cb-4773-a521-d3b4bf8dd281', 'Section D', '2b5e3b2b-4a58-4646-a173-a1037924bb78', '2025-07-13 15:24:22.035306+00'),
	('0ceca02c-e45c-4fda-8205-38d3e1bde56e', 'Section E', '2b5e3b2b-4a58-4646-a173-a1037924bb78', '2025-07-13 15:24:22.035306+00'),
	('17cefed6-1fcc-4a82-b8a9-b1c74f9e07a2', 'Section F', '2b5e3b2b-4a58-4646-a173-a1037924bb78', '2025-07-13 15:24:22.035306+00'),
	('48b24418-7658-428a-9401-322bc7b8e73f', 'Section G', '2b5e3b2b-4a58-4646-a173-a1037924bb78', '2025-07-13 15:24:22.035306+00'),
	('2e1e728d-5371-4ab4-aa86-26550ad73634', 'Section H', '2b5e3b2b-4a58-4646-a173-a1037924bb78', '2025-07-13 15:24:22.035306+00'),
	('956eaf5e-863b-401e-a03b-756ce01f6940', 'Section I', '2b5e3b2b-4a58-4646-a173-a1037924bb78', '2025-07-13 15:24:22.035306+00'),
	('70c66c88-3fff-42c2-a8de-b0325b92591d', 'Section J', '2b5e3b2b-4a58-4646-a173-a1037924bb78', '2025-07-13 15:24:22.035306+00'),
	('d53cf742-2500-4488-b155-83838409b82e', 'Section K', '2b5e3b2b-4a58-4646-a173-a1037924bb78', '2025-07-13 15:24:22.035306+00'),
	('cbd65ff9-e395-483e-9a8b-5bbc0ebd9ee4', 'Section L', '2b5e3b2b-4a58-4646-a173-a1037924bb78', '2025-07-13 15:24:22.035306+00'),
	('12fe0a09-a5b6-4b6b-a929-d97eb299700f', 'Section M', '2b5e3b2b-4a58-4646-a173-a1037924bb78', '2025-07-13 15:24:22.035306+00'),
	('ac422eb7-eb08-4cbd-87cb-50d95fd049ea', 'Section N', '2b5e3b2b-4a58-4646-a173-a1037924bb78', '2025-07-13 15:24:22.035306+00'),
	('eaeb902a-a2e4-48d2-ba70-799d9a7d4b74', 'Section O', '2b5e3b2b-4a58-4646-a173-a1037924bb78', '2025-07-13 15:24:22.035306+00'),
	('4032a037-d434-4a14-ba44-1451fc0a8b86', 'Section P', '2b5e3b2b-4a58-4646-a173-a1037924bb78', '2025-07-13 15:24:22.035306+00'),
	('e73634f1-4980-4b8b-9a17-10a251d08c00', 'Section Q', '2b5e3b2b-4a58-4646-a173-a1037924bb78', '2025-07-13 15:24:22.035306+00'),
	('8c9775ef-17aa-4b6a-9761-37dc35da2fb1', 'Section R', '2b5e3b2b-4a58-4646-a173-a1037924bb78', '2025-07-13 15:24:22.035306+00'),
	('3ad63f07-a41e-4550-b569-adbb53b39efb', 'Section S', '2b5e3b2b-4a58-4646-a173-a1037924bb78', '2025-07-13 15:24:22.035306+00'),
	('9a10f4d4-d7c8-48ca-b17d-7e7b28130c15', 'Section T', '2b5e3b2b-4a58-4646-a173-a1037924bb78', '2025-07-13 15:24:22.035306+00'),
	('b5920332-0c94-4424-8dbe-1b1b8cf67cf3', 'Section U', '2b5e3b2b-4a58-4646-a173-a1037924bb78', '2025-07-13 15:24:22.035306+00'),
	('5f63a19f-86d2-4833-954c-9ea566c9639a', 'Section V', '2b5e3b2b-4a58-4646-a173-a1037924bb78', '2025-07-13 15:24:22.035306+00'),
	('da259dd2-32cc-4c7d-b63d-943bb9963759', 'Section W', '2b5e3b2b-4a58-4646-a173-a1037924bb78', '2025-07-13 15:24:22.035306+00'),
	('45d2d495-fc78-4197-a9ba-4173665fba3a', 'Section X', '2b5e3b2b-4a58-4646-a173-a1037924bb78', '2025-07-13 15:24:22.035306+00'),
	('8e0cd9ac-ee4a-46ae-b9ad-4919e4dd6276', 'Section Y', '2b5e3b2b-4a58-4646-a173-a1037924bb78', '2025-07-13 15:24:22.035306+00'),
	('0be08e9e-ebb1-4bf3-9f24-031001f1f4ff', 'Section Z', '2b5e3b2b-4a58-4646-a173-a1037924bb78', '2025-07-13 15:24:22.035306+00'),
	('dffb11d1-b314-446e-be2b-f6f7cc45d497', 'Section A', 'bbfbe469-a73a-4bc5-9831-a1d599ec9248', '2025-07-13 15:24:22.035306+00'),
	('beb6e170-ed7b-440c-9d30-e450741f24b8', 'Section B', 'bbfbe469-a73a-4bc5-9831-a1d599ec9248', '2025-07-13 15:24:22.035306+00'),
	('2d54697f-45a2-4c75-8ce7-3e2e0c6b7c2c', 'Section C', 'bbfbe469-a73a-4bc5-9831-a1d599ec9248', '2025-07-13 15:24:22.035306+00'),
	('612a23ca-0dc7-48f6-b552-8dbd1139823c', 'Section D', 'bbfbe469-a73a-4bc5-9831-a1d599ec9248', '2025-07-13 15:24:22.035306+00'),
	('711f3bfc-68aa-47d0-a8a9-5feab3574fd0', 'Section E', 'bbfbe469-a73a-4bc5-9831-a1d599ec9248', '2025-07-13 15:24:22.035306+00'),
	('a397728f-84ec-46a7-b1be-30088666ff25', 'Section F', 'bbfbe469-a73a-4bc5-9831-a1d599ec9248', '2025-07-13 15:24:22.035306+00'),
	('ab371d29-e22a-4b77-8a04-d3bf5f881c7c', 'Section G', 'bbfbe469-a73a-4bc5-9831-a1d599ec9248', '2025-07-13 15:24:22.035306+00'),
	('d31e595c-e1a4-4272-9f71-b4630566a6ec', 'Section H', 'bbfbe469-a73a-4bc5-9831-a1d599ec9248', '2025-07-13 15:24:22.035306+00'),
	('c9423766-bcae-4f9d-8f21-e0e76d8b639a', 'Section I', 'bbfbe469-a73a-4bc5-9831-a1d599ec9248', '2025-07-13 15:24:22.035306+00'),
	('a30bb2fd-30bf-44af-8f6e-62a0750defb5', 'Section J', 'bbfbe469-a73a-4bc5-9831-a1d599ec9248', '2025-07-13 15:24:22.035306+00'),
	('7021af7d-dfcf-4ae0-a3b9-feb74597c626', 'Section K', 'bbfbe469-a73a-4bc5-9831-a1d599ec9248', '2025-07-13 15:24:22.035306+00'),
	('ecaa407d-1a4c-466f-b251-54b83b38854e', 'Section L', 'bbfbe469-a73a-4bc5-9831-a1d599ec9248', '2025-07-13 15:24:22.035306+00'),
	('21433215-a15e-46a9-8855-3449cf31adeb', 'Section M', 'bbfbe469-a73a-4bc5-9831-a1d599ec9248', '2025-07-13 15:24:22.035306+00'),
	('ee2425c2-000e-4845-a9e3-cfc6b7d2a141', 'Section N', 'bbfbe469-a73a-4bc5-9831-a1d599ec9248', '2025-07-13 15:24:22.035306+00'),
	('84601b32-6908-419b-b605-03bb89340c96', 'Section O', 'bbfbe469-a73a-4bc5-9831-a1d599ec9248', '2025-07-13 15:24:22.035306+00'),
	('a17d3a25-dc3a-4bf5-8bd4-956f3985ced2', 'Section P', 'bbfbe469-a73a-4bc5-9831-a1d599ec9248', '2025-07-13 15:24:22.035306+00'),
	('ca0166e0-0529-4407-a460-7e0177940745', 'Section Q', 'bbfbe469-a73a-4bc5-9831-a1d599ec9248', '2025-07-13 15:24:22.035306+00'),
	('ad23efc8-8637-4b72-ab64-78f38f4695e9', 'Section R', 'bbfbe469-a73a-4bc5-9831-a1d599ec9248', '2025-07-13 15:24:22.035306+00'),
	('91a8cde4-eebe-47d0-ab95-10b12a5606f9', 'Section S', 'bbfbe469-a73a-4bc5-9831-a1d599ec9248', '2025-07-13 15:24:22.035306+00'),
	('5bbb4a2a-b671-4d4a-9840-e5feb0715bef', 'Section T', 'bbfbe469-a73a-4bc5-9831-a1d599ec9248', '2025-07-13 15:24:22.035306+00'),
	('11945d4c-3260-4c5d-878f-b360967a0cf5', 'Section U', 'bbfbe469-a73a-4bc5-9831-a1d599ec9248', '2025-07-13 15:24:22.035306+00'),
	('75326d56-2c68-48d1-a0ad-ef0e6dbf12dd', 'Section V', 'bbfbe469-a73a-4bc5-9831-a1d599ec9248', '2025-07-13 15:24:22.035306+00'),
	('93e43505-51b5-4798-a794-ce0b97887d34', 'Section W', 'bbfbe469-a73a-4bc5-9831-a1d599ec9248', '2025-07-13 15:24:22.035306+00'),
	('627874ab-bfaf-47bc-8ae3-d3653ac50d17', 'Section X', 'bbfbe469-a73a-4bc5-9831-a1d599ec9248', '2025-07-13 15:24:22.035306+00'),
	('591332d0-7bdc-4d68-a435-6a5884653ee6', 'Section Y', 'bbfbe469-a73a-4bc5-9831-a1d599ec9248', '2025-07-13 15:24:22.035306+00'),
	('ec1ff2df-f687-4118-9bc2-3ffb18af03e3', 'Section Z', 'bbfbe469-a73a-4bc5-9831-a1d599ec9248', '2025-07-13 15:24:22.035306+00'),
	('ececf090-c72f-4062-a0e0-4befaaa57f4e', 'Section A', '5135c5d8-1817-4908-b15b-6a52122d8a91', '2025-07-13 15:24:22.035306+00'),
	('0e6d86a0-e90f-4778-a07f-3dfb40a0c4ab', 'Section B', '5135c5d8-1817-4908-b15b-6a52122d8a91', '2025-07-13 15:24:22.035306+00'),
	('370265e9-4808-47b7-8dbb-f200295f608f', 'Section C', '5135c5d8-1817-4908-b15b-6a52122d8a91', '2025-07-13 15:24:22.035306+00'),
	('4e06d014-62da-467e-82c3-f99c143f01c9', 'Section D', '5135c5d8-1817-4908-b15b-6a52122d8a91', '2025-07-13 15:24:22.035306+00'),
	('f1b95569-7810-40b2-87a1-5b842dc5c43f', 'Section E', '5135c5d8-1817-4908-b15b-6a52122d8a91', '2025-07-13 15:24:22.035306+00'),
	('c69e23a9-4643-4a29-84b9-96ef6a6ba7a8', 'Section F', '5135c5d8-1817-4908-b15b-6a52122d8a91', '2025-07-13 15:24:22.035306+00'),
	('313f04f4-a9a5-43b5-bab3-711ecf6c5f49', 'Section G', '5135c5d8-1817-4908-b15b-6a52122d8a91', '2025-07-13 15:24:22.035306+00'),
	('edaf8d35-0429-4ed2-b0e6-56ef929e2efb', 'Section H', '5135c5d8-1817-4908-b15b-6a52122d8a91', '2025-07-13 15:24:22.035306+00'),
	('3f1a2d2c-2aa2-40a5-b458-af57999ad721', 'Section I', '5135c5d8-1817-4908-b15b-6a52122d8a91', '2025-07-13 15:24:22.035306+00'),
	('bea5e33f-fde4-4be9-ac23-13f312e8e026', 'Section J', '5135c5d8-1817-4908-b15b-6a52122d8a91', '2025-07-13 15:24:22.035306+00'),
	('4f3e6c01-c456-4486-923e-8b4e453d1db5', 'Section K', '5135c5d8-1817-4908-b15b-6a52122d8a91', '2025-07-13 15:24:22.035306+00'),
	('7f3a406c-31d4-499a-9614-f8b269b74079', 'Section L', '5135c5d8-1817-4908-b15b-6a52122d8a91', '2025-07-13 15:24:22.035306+00'),
	('4149cd09-7933-4dc3-b88c-8dbc9982277e', 'Section M', '5135c5d8-1817-4908-b15b-6a52122d8a91', '2025-07-13 15:24:22.035306+00'),
	('d2f39d66-95b3-4364-abfa-1ed33ee235f6', 'Section N', '5135c5d8-1817-4908-b15b-6a52122d8a91', '2025-07-13 15:24:22.035306+00'),
	('fbb8e4cf-4ea2-4c19-a330-c2f80cf0da36', 'Section O', '5135c5d8-1817-4908-b15b-6a52122d8a91', '2025-07-13 15:24:22.035306+00'),
	('805e3370-007e-425a-9fb9-64b887d8ab91', 'Section P', '5135c5d8-1817-4908-b15b-6a52122d8a91', '2025-07-13 15:24:22.035306+00'),
	('a8b60cb7-4f01-4431-b682-9def8f595372', 'Section Q', '5135c5d8-1817-4908-b15b-6a52122d8a91', '2025-07-13 15:24:22.035306+00'),
	('1dfdea3c-c18e-4e9f-b369-f486d2f17482', 'Section R', '5135c5d8-1817-4908-b15b-6a52122d8a91', '2025-07-13 15:24:22.035306+00'),
	('8e59ae69-ed88-4b17-891f-459f6123cb22', 'Section S', '5135c5d8-1817-4908-b15b-6a52122d8a91', '2025-07-13 15:24:22.035306+00'),
	('e964774f-20b5-48f1-87a9-418b57d22451', 'Section T', '5135c5d8-1817-4908-b15b-6a52122d8a91', '2025-07-13 15:24:22.035306+00'),
	('2c81c232-1a89-42e1-824f-6ac28615f6a5', 'Section U', '5135c5d8-1817-4908-b15b-6a52122d8a91', '2025-07-13 15:24:22.035306+00'),
	('8477a1ed-ab2e-4ab6-9915-82870c0616f8', 'Section V', '5135c5d8-1817-4908-b15b-6a52122d8a91', '2025-07-13 15:24:22.035306+00'),
	('86afa1b8-5fcc-47f8-a4e8-f6149782ea2c', 'Section W', '5135c5d8-1817-4908-b15b-6a52122d8a91', '2025-07-13 15:24:22.035306+00'),
	('d5a8af80-412f-4b07-9001-02e36e6c4dd6', 'Section X', '5135c5d8-1817-4908-b15b-6a52122d8a91', '2025-07-13 15:24:22.035306+00'),
	('bb9c4ac2-5506-4584-b900-6092940c31b6', 'Section Y', '5135c5d8-1817-4908-b15b-6a52122d8a91', '2025-07-13 15:24:22.035306+00'),
	('5fc0c6de-8f40-462e-8925-a9723eee527b', 'Section Z', '5135c5d8-1817-4908-b15b-6a52122d8a91', '2025-07-13 15:24:22.035306+00'),
	('f847a8ce-e6f8-41e6-89dd-855eff6ddb60', 'Section A', '23347acd-a096-4f4e-9ebc-346de1cef3f4', '2025-07-13 15:24:22.035306+00'),
	('84a49422-b9f2-4a36-b60d-7d5012eeb70a', 'Section B', '23347acd-a096-4f4e-9ebc-346de1cef3f4', '2025-07-13 15:24:22.035306+00'),
	('b5cb6406-7ed2-4b7b-b6b0-ee2333b72a8b', 'Section C', '23347acd-a096-4f4e-9ebc-346de1cef3f4', '2025-07-13 15:24:22.035306+00'),
	('a4338593-1e48-4e15-bd21-ae32bdddf871', 'Section D', '23347acd-a096-4f4e-9ebc-346de1cef3f4', '2025-07-13 15:24:22.035306+00'),
	('fef383ff-55f9-4af8-8da2-672bdde59204', 'Section E', '23347acd-a096-4f4e-9ebc-346de1cef3f4', '2025-07-13 15:24:22.035306+00'),
	('bddc7451-c775-4bd4-b40c-1947538d3425', 'Section F', '23347acd-a096-4f4e-9ebc-346de1cef3f4', '2025-07-13 15:24:22.035306+00'),
	('f6347c77-d119-477d-bdb7-a8634dd4ad0d', 'Section G', '23347acd-a096-4f4e-9ebc-346de1cef3f4', '2025-07-13 15:24:22.035306+00'),
	('aa111a05-8968-4c68-b127-359a90ce53c8', 'Section H', '23347acd-a096-4f4e-9ebc-346de1cef3f4', '2025-07-13 15:24:22.035306+00'),
	('b3f10e41-c475-4dc6-b891-c76aeb46af8d', 'Section I', '23347acd-a096-4f4e-9ebc-346de1cef3f4', '2025-07-13 15:24:22.035306+00'),
	('5c02fdfc-ccad-47d7-9150-fda8de02dbff', 'Section J', '23347acd-a096-4f4e-9ebc-346de1cef3f4', '2025-07-13 15:24:22.035306+00'),
	('3855273e-03e1-478a-acee-ed54a3062df5', 'Section K', '23347acd-a096-4f4e-9ebc-346de1cef3f4', '2025-07-13 15:24:22.035306+00'),
	('6f7d3dc1-9bb8-4aac-b4b4-65c842e082a5', 'Section L', '23347acd-a096-4f4e-9ebc-346de1cef3f4', '2025-07-13 15:24:22.035306+00'),
	('e6f8ae44-4853-4ac5-b44b-8395694e3979', 'Section M', '23347acd-a096-4f4e-9ebc-346de1cef3f4', '2025-07-13 15:24:22.035306+00'),
	('898f7fa6-e1ef-41ee-96c2-b4f58d044d02', 'Section N', '23347acd-a096-4f4e-9ebc-346de1cef3f4', '2025-07-13 15:24:22.035306+00'),
	('e0ac1caa-87ee-4a2d-a365-8f541ffefe72', 'Section O', '23347acd-a096-4f4e-9ebc-346de1cef3f4', '2025-07-13 15:24:22.035306+00'),
	('8af6e62e-855f-46f6-a326-f6c1629627c9', 'Section P', '23347acd-a096-4f4e-9ebc-346de1cef3f4', '2025-07-13 15:24:22.035306+00'),
	('907cb272-3233-4efc-b552-d5cfaa3c9b2a', 'Section Q', '23347acd-a096-4f4e-9ebc-346de1cef3f4', '2025-07-13 15:24:22.035306+00'),
	('2ef1ef20-1045-4571-9026-72b2c19da74d', 'Section R', '23347acd-a096-4f4e-9ebc-346de1cef3f4', '2025-07-13 15:24:22.035306+00'),
	('c49a5b32-c66c-455b-9f04-d4efdeba815b', 'Section S', '23347acd-a096-4f4e-9ebc-346de1cef3f4', '2025-07-13 15:24:22.035306+00'),
	('013ec9ff-aed7-40fe-bf07-fda9f97750f0', 'Section T', '23347acd-a096-4f4e-9ebc-346de1cef3f4', '2025-07-13 15:24:22.035306+00'),
	('abce32dd-e725-4bc1-aa8c-07c75de121ea', 'Section U', '23347acd-a096-4f4e-9ebc-346de1cef3f4', '2025-07-13 15:24:22.035306+00'),
	('4174c911-518c-48be-af57-7f2ef49a2ab3', 'Section V', '23347acd-a096-4f4e-9ebc-346de1cef3f4', '2025-07-13 15:24:22.035306+00'),
	('5148c772-1263-47e6-8c91-a42459981270', 'Section W', '23347acd-a096-4f4e-9ebc-346de1cef3f4', '2025-07-13 15:24:22.035306+00'),
	('d3f7b569-248c-46d1-8ab9-689f41cc926d', 'Section X', '23347acd-a096-4f4e-9ebc-346de1cef3f4', '2025-07-13 15:24:22.035306+00'),
	('71db3a61-4338-4a73-9f67-bf6de5617d84', 'Section Y', '23347acd-a096-4f4e-9ebc-346de1cef3f4', '2025-07-13 15:24:22.035306+00'),
	('b83ed678-a3c4-424c-b091-c86c0f444662', 'Section Z', '23347acd-a096-4f4e-9ebc-346de1cef3f4', '2025-07-13 15:24:22.035306+00'),
	('49a22bc5-e6db-4222-a274-46b5cfc6a420', 'Section A', 'ae7d940d-f95e-4324-8d0e-5884f103b042', '2025-07-13 15:24:22.035306+00'),
	('cb453296-a464-4a27-bb3c-5abe53e291ee', 'Section B', 'ae7d940d-f95e-4324-8d0e-5884f103b042', '2025-07-13 15:24:22.035306+00'),
	('c14e146e-bf4b-46fe-88b5-067f5a03622d', 'Section C', 'ae7d940d-f95e-4324-8d0e-5884f103b042', '2025-07-13 15:24:22.035306+00'),
	('8ea7b137-81b7-493b-b7a2-9a5c67b25be9', 'Section D', 'ae7d940d-f95e-4324-8d0e-5884f103b042', '2025-07-13 15:24:22.035306+00'),
	('7aed4d75-de7f-423e-a462-b67e65f3c47d', 'Section E', 'ae7d940d-f95e-4324-8d0e-5884f103b042', '2025-07-13 15:24:22.035306+00'),
	('098bd4e8-8ace-4571-bf8a-27305876d15e', 'Section F', 'ae7d940d-f95e-4324-8d0e-5884f103b042', '2025-07-13 15:24:22.035306+00'),
	('00ad2a75-7427-4e8d-ae05-26248c475c63', 'Section G', 'ae7d940d-f95e-4324-8d0e-5884f103b042', '2025-07-13 15:24:22.035306+00'),
	('da8b8ded-dec4-492f-bbb7-8a365360d3a5', 'Section H', 'ae7d940d-f95e-4324-8d0e-5884f103b042', '2025-07-13 15:24:22.035306+00'),
	('ff5743c5-81c3-4417-8494-adae45574bd9', 'Section I', 'ae7d940d-f95e-4324-8d0e-5884f103b042', '2025-07-13 15:24:22.035306+00'),
	('a0bed359-ca9c-4095-b7fd-7985358e8498', 'Section J', 'ae7d940d-f95e-4324-8d0e-5884f103b042', '2025-07-13 15:24:22.035306+00'),
	('10b82139-f698-4918-bde4-14c576e8cdc2', 'Section K', 'ae7d940d-f95e-4324-8d0e-5884f103b042', '2025-07-13 15:24:22.035306+00'),
	('1078e27b-6530-4d78-b9dd-a22fe294d00a', 'Section L', 'ae7d940d-f95e-4324-8d0e-5884f103b042', '2025-07-13 15:24:22.035306+00'),
	('c5eec638-d29c-4b33-9448-48bef9666064', 'Section M', 'ae7d940d-f95e-4324-8d0e-5884f103b042', '2025-07-13 15:24:22.035306+00'),
	('52dfaa1b-2fea-43e5-9212-4870548bd0c2', 'Section N', 'ae7d940d-f95e-4324-8d0e-5884f103b042', '2025-07-13 15:24:22.035306+00'),
	('3c1be8da-aa03-467a-addb-b408af43e275', 'Section O', 'ae7d940d-f95e-4324-8d0e-5884f103b042', '2025-07-13 15:24:22.035306+00'),
	('47b6b95e-81a7-4d12-9398-6b6f3e284732', 'Section P', 'ae7d940d-f95e-4324-8d0e-5884f103b042', '2025-07-13 15:24:22.035306+00'),
	('7dcac3c8-9fbc-4090-8d4b-f6f81e08a705', 'Section Q', 'ae7d940d-f95e-4324-8d0e-5884f103b042', '2025-07-13 15:24:22.035306+00'),
	('04b3e3ad-57ab-48a5-a9df-e96ef283530b', 'Section R', 'ae7d940d-f95e-4324-8d0e-5884f103b042', '2025-07-13 15:24:22.035306+00'),
	('eb19328b-9cbd-4da3-9536-f80b0d039d74', 'Section S', 'ae7d940d-f95e-4324-8d0e-5884f103b042', '2025-07-13 15:24:22.035306+00'),
	('b4a3df94-09ec-42a0-938e-c722dfabb118', 'Section T', 'ae7d940d-f95e-4324-8d0e-5884f103b042', '2025-07-13 15:24:22.035306+00'),
	('05c720cb-9f16-4a54-92ee-5f8c2d9a30be', 'Section U', 'ae7d940d-f95e-4324-8d0e-5884f103b042', '2025-07-13 15:24:22.035306+00'),
	('9e852af4-9bff-432e-b7df-9ee56cde3529', 'Section V', 'ae7d940d-f95e-4324-8d0e-5884f103b042', '2025-07-13 15:24:22.035306+00'),
	('bcbbf821-fe2e-403d-abe4-7d2353c415bc', 'Section W', 'ae7d940d-f95e-4324-8d0e-5884f103b042', '2025-07-13 15:24:22.035306+00'),
	('e5348b22-527a-4d05-be54-35cb5ead8fc1', 'Section X', 'ae7d940d-f95e-4324-8d0e-5884f103b042', '2025-07-13 15:24:22.035306+00'),
	('0848bfa3-1d4b-4611-a9e9-c3109a0f3953', 'Section Y', 'ae7d940d-f95e-4324-8d0e-5884f103b042', '2025-07-13 15:24:22.035306+00'),
	('bcf6a8dd-3014-40fb-8b4e-364f68f42ae8', 'Section Z', 'ae7d940d-f95e-4324-8d0e-5884f103b042', '2025-07-13 15:24:22.035306+00'),
	('b1426af4-8e46-461f-918c-e5e3af216015', 'Section A', '1b93da72-535e-4d67-9cc8-c145cf0c7256', '2025-07-13 15:24:22.035306+00'),
	('f536b197-3f49-4ca5-a5e8-8d1fb82915fe', 'Section B', '1b93da72-535e-4d67-9cc8-c145cf0c7256', '2025-07-13 15:24:22.035306+00'),
	('8a4dbf51-e0fd-4521-b0b0-1dc03243cd2c', 'Section C', '1b93da72-535e-4d67-9cc8-c145cf0c7256', '2025-07-13 15:24:22.035306+00'),
	('5e6ab102-3c3a-40d4-bc24-dc3c26b0f793', 'Section D', '1b93da72-535e-4d67-9cc8-c145cf0c7256', '2025-07-13 15:24:22.035306+00'),
	('84b2537e-d60d-4f17-8223-d30e19dac5dd', 'Section E', '1b93da72-535e-4d67-9cc8-c145cf0c7256', '2025-07-13 15:24:22.035306+00'),
	('d8524864-d00e-4003-8fe9-589a91acfdf9', 'Section F', '1b93da72-535e-4d67-9cc8-c145cf0c7256', '2025-07-13 15:24:22.035306+00'),
	('6e28e9f1-7f9c-42d1-805a-da412e03c54c', 'Section G', '1b93da72-535e-4d67-9cc8-c145cf0c7256', '2025-07-13 15:24:22.035306+00'),
	('e3cdc5af-7c2e-4b4b-8fe2-8010ab2273ee', 'Section H', '1b93da72-535e-4d67-9cc8-c145cf0c7256', '2025-07-13 15:24:22.035306+00'),
	('5d5dfa77-8693-4297-ac98-dc5d326e7a28', 'Section I', '1b93da72-535e-4d67-9cc8-c145cf0c7256', '2025-07-13 15:24:22.035306+00'),
	('7903e255-367d-4445-930e-7371b8a5949a', 'Section J', '1b93da72-535e-4d67-9cc8-c145cf0c7256', '2025-07-13 15:24:22.035306+00'),
	('6d0bd152-c4c9-4da5-b2fe-e412a2452c44', 'Section K', '1b93da72-535e-4d67-9cc8-c145cf0c7256', '2025-07-13 15:24:22.035306+00'),
	('874c78f2-38e0-4818-b917-4e07254f43e4', 'Section L', '1b93da72-535e-4d67-9cc8-c145cf0c7256', '2025-07-13 15:24:22.035306+00'),
	('8f7a956d-e668-4247-be6c-ecca5a38ac59', 'Section M', '1b93da72-535e-4d67-9cc8-c145cf0c7256', '2025-07-13 15:24:22.035306+00'),
	('953c5c7e-3260-46f1-b7ac-a173e1310081', 'Section N', '1b93da72-535e-4d67-9cc8-c145cf0c7256', '2025-07-13 15:24:22.035306+00'),
	('1549ea5a-5721-4973-bd06-45a640fa2f25', 'Section O', '1b93da72-535e-4d67-9cc8-c145cf0c7256', '2025-07-13 15:24:22.035306+00'),
	('a78feda4-e6b1-4608-bf21-7ddc419a7ddf', 'Section P', '1b93da72-535e-4d67-9cc8-c145cf0c7256', '2025-07-13 15:24:22.035306+00'),
	('dc76bd9d-08d2-482e-b140-807f6889d970', 'Section Q', '1b93da72-535e-4d67-9cc8-c145cf0c7256', '2025-07-13 15:24:22.035306+00'),
	('2c52ab56-2420-4168-87bc-5de4e65c12d1', 'Section R', '1b93da72-535e-4d67-9cc8-c145cf0c7256', '2025-07-13 15:24:22.035306+00'),
	('cfe7e229-cdc9-4264-93e6-3a558ec9c0c3', 'Section S', '1b93da72-535e-4d67-9cc8-c145cf0c7256', '2025-07-13 15:24:22.035306+00'),
	('a0f1fc91-8fa1-44e5-a6d4-bb087c6639fc', 'Section T', '1b93da72-535e-4d67-9cc8-c145cf0c7256', '2025-07-13 15:24:22.035306+00'),
	('78c5128e-6bec-4985-abfa-ed31db85fc37', 'Section U', '1b93da72-535e-4d67-9cc8-c145cf0c7256', '2025-07-13 15:24:22.035306+00'),
	('3bf34773-2d55-42a0-aaf0-3ac7d920483e', 'Section V', '1b93da72-535e-4d67-9cc8-c145cf0c7256', '2025-07-13 15:24:22.035306+00'),
	('4701e289-5bee-4899-a55c-2889ba2895c1', 'Section W', '1b93da72-535e-4d67-9cc8-c145cf0c7256', '2025-07-13 15:24:22.035306+00'),
	('4a13578d-2511-4b0e-9df8-07f10f6c1828', 'Section X', '1b93da72-535e-4d67-9cc8-c145cf0c7256', '2025-07-13 15:24:22.035306+00'),
	('d69a939a-28a9-42d2-bfb5-f83cb021906e', 'Section Y', '1b93da72-535e-4d67-9cc8-c145cf0c7256', '2025-07-13 15:24:22.035306+00'),
	('3c31892e-bb64-4557-bb67-558a281bce07', 'Section Z', '1b93da72-535e-4d67-9cc8-c145cf0c7256', '2025-07-13 15:24:22.035306+00'),
	('3038664d-c95b-4d69-8c1d-e7f37da18c0d', 'Section A', '325af766-3902-4906-915e-f3da99d444f3', '2025-07-13 15:24:22.035306+00'),
	('b6d4e0a1-c4eb-47a7-8866-64a22765ff90', 'Section B', '325af766-3902-4906-915e-f3da99d444f3', '2025-07-13 15:24:22.035306+00'),
	('7565413a-19be-4ee7-b97c-a58664f631ee', 'Section C', '325af766-3902-4906-915e-f3da99d444f3', '2025-07-13 15:24:22.035306+00'),
	('14adcb69-a833-4335-bf45-d8890dadafb8', 'Section D', '325af766-3902-4906-915e-f3da99d444f3', '2025-07-13 15:24:22.035306+00'),
	('ea2e18d9-0fb7-4d2f-ab6a-35f7460faccf', 'Section E', '325af766-3902-4906-915e-f3da99d444f3', '2025-07-13 15:24:22.035306+00'),
	('f28cde41-6106-4de8-ab26-78672ba6269b', 'Section F', '325af766-3902-4906-915e-f3da99d444f3', '2025-07-13 15:24:22.035306+00'),
	('b4e791ab-cc2f-4e51-999c-fcfd6bdc0c7a', 'Section G', '325af766-3902-4906-915e-f3da99d444f3', '2025-07-13 15:24:22.035306+00'),
	('f12ef9ce-6984-452a-812f-4a0b1b584108', 'Section H', '325af766-3902-4906-915e-f3da99d444f3', '2025-07-13 15:24:22.035306+00'),
	('9e5baca1-0fcb-4911-84cc-ae4e234b3453', 'Section I', '325af766-3902-4906-915e-f3da99d444f3', '2025-07-13 15:24:22.035306+00'),
	('b082afd7-d6b4-41eb-823a-8e693d3fac97', 'Section J', '325af766-3902-4906-915e-f3da99d444f3', '2025-07-13 15:24:22.035306+00'),
	('62adfe74-99cf-464f-af57-80bfd9b4c8fd', 'Section K', '325af766-3902-4906-915e-f3da99d444f3', '2025-07-13 15:24:22.035306+00'),
	('49645b14-1a7c-4b6c-8086-5737602ed703', 'Section L', '325af766-3902-4906-915e-f3da99d444f3', '2025-07-13 15:24:22.035306+00'),
	('03bd06cb-1177-4586-92cf-0c233c41023d', 'Section M', '325af766-3902-4906-915e-f3da99d444f3', '2025-07-13 15:24:22.035306+00'),
	('8914cf65-2b56-4af8-92c1-2b40e98e3a1b', 'Section N', '325af766-3902-4906-915e-f3da99d444f3', '2025-07-13 15:24:22.035306+00'),
	('132eac4e-ca04-432c-925f-a110c888d4df', 'Section O', '325af766-3902-4906-915e-f3da99d444f3', '2025-07-13 15:24:22.035306+00'),
	('c0fdc980-9644-402a-9479-2b5a5136b123', 'Section P', '325af766-3902-4906-915e-f3da99d444f3', '2025-07-13 15:24:22.035306+00'),
	('0be42d03-1ead-41e9-9e7c-2533b1736026', 'Section Q', '325af766-3902-4906-915e-f3da99d444f3', '2025-07-13 15:24:22.035306+00'),
	('9ca083c4-a48e-4895-b830-e7c27e147730', 'Section R', '325af766-3902-4906-915e-f3da99d444f3', '2025-07-13 15:24:22.035306+00'),
	('c8d469dd-2546-4ad6-9a25-3698b01da492', 'Section S', '325af766-3902-4906-915e-f3da99d444f3', '2025-07-13 15:24:22.035306+00'),
	('079a7b45-5a76-46d3-baff-db8c01367c43', 'Section T', '325af766-3902-4906-915e-f3da99d444f3', '2025-07-13 15:24:22.035306+00'),
	('5d78cc34-0aad-4f2c-bffb-b1cf40bd53e5', 'Section U', '325af766-3902-4906-915e-f3da99d444f3', '2025-07-13 15:24:22.035306+00'),
	('8fd9a5d2-838f-4577-a4d3-1cbeba6390f3', 'Section V', '325af766-3902-4906-915e-f3da99d444f3', '2025-07-13 15:24:22.035306+00'),
	('92148360-a724-43a8-a20c-b34af2c50c48', 'Section W', '325af766-3902-4906-915e-f3da99d444f3', '2025-07-13 15:24:22.035306+00'),
	('635e9c79-cae4-4327-bed0-ef87a2074961', 'Section X', '325af766-3902-4906-915e-f3da99d444f3', '2025-07-13 15:24:22.035306+00'),
	('54c2a9ca-8aef-44a0-b61b-934fa5948777', 'Section Y', '325af766-3902-4906-915e-f3da99d444f3', '2025-07-13 15:24:22.035306+00'),
	('2cf7ae20-2169-4bfb-b66e-6784472f0bdf', 'Section Z', '325af766-3902-4906-915e-f3da99d444f3', '2025-07-13 15:24:22.035306+00'),
	('8d2f1be9-7ca1-486c-a35f-e0dcfd15fb84', 'Section A', '94f152d9-cacd-44d8-b983-284c06dd0d40', '2025-07-13 15:24:22.035306+00'),
	('1724243d-110a-44f9-b940-40670d52e657', 'Section B', '94f152d9-cacd-44d8-b983-284c06dd0d40', '2025-07-13 15:24:22.035306+00'),
	('382e7d26-7858-4302-b60d-19fa5f465d93', 'Section C', '94f152d9-cacd-44d8-b983-284c06dd0d40', '2025-07-13 15:24:22.035306+00'),
	('5db3fb8a-efc1-4d22-adc9-a75e13679e05', 'Section D', '94f152d9-cacd-44d8-b983-284c06dd0d40', '2025-07-13 15:24:22.035306+00'),
	('18a85dc0-e24b-4130-8d4a-67d85a4bc2d4', 'Section E', '94f152d9-cacd-44d8-b983-284c06dd0d40', '2025-07-13 15:24:22.035306+00'),
	('6c5f1c6b-3849-482b-a658-bd6e9ea943ed', 'Section F', '94f152d9-cacd-44d8-b983-284c06dd0d40', '2025-07-13 15:24:22.035306+00'),
	('7cbdd61f-56d2-44c6-a9a9-0b99c836252f', 'Section G', '94f152d9-cacd-44d8-b983-284c06dd0d40', '2025-07-13 15:24:22.035306+00'),
	('d6ef5726-e9e1-4ee0-aac4-285dac5a5290', 'Section H', '94f152d9-cacd-44d8-b983-284c06dd0d40', '2025-07-13 15:24:22.035306+00'),
	('7a85e0fc-f8a1-4af0-a622-773be72c57a0', 'Section I', '94f152d9-cacd-44d8-b983-284c06dd0d40', '2025-07-13 15:24:22.035306+00'),
	('46d27654-2a95-40ef-83bd-e50d6a55f104', 'Section J', '94f152d9-cacd-44d8-b983-284c06dd0d40', '2025-07-13 15:24:22.035306+00'),
	('cf439d29-f9fe-4ea5-b0ab-1fa0443c7dc6', 'Section K', '94f152d9-cacd-44d8-b983-284c06dd0d40', '2025-07-13 15:24:22.035306+00'),
	('61e4f785-cd5f-4567-bdba-3d59ddfd5af8', 'Section L', '94f152d9-cacd-44d8-b983-284c06dd0d40', '2025-07-13 15:24:22.035306+00'),
	('9dff7ab2-ba25-489d-b083-9bb86d90b8ed', 'Section M', '94f152d9-cacd-44d8-b983-284c06dd0d40', '2025-07-13 15:24:22.035306+00'),
	('183ddc8b-0d27-462a-a68a-7a09e13d3f9e', 'Section N', '94f152d9-cacd-44d8-b983-284c06dd0d40', '2025-07-13 15:24:22.035306+00'),
	('c355d74d-de4e-41ba-86cd-6a5cbac18155', 'Section O', '94f152d9-cacd-44d8-b983-284c06dd0d40', '2025-07-13 15:24:22.035306+00'),
	('743f390d-bbd1-4092-af1f-7946936a35e1', 'Section P', '94f152d9-cacd-44d8-b983-284c06dd0d40', '2025-07-13 15:24:22.035306+00'),
	('87612f5d-f7f3-4236-b6d5-a3795074d2a5', 'Section Q', '94f152d9-cacd-44d8-b983-284c06dd0d40', '2025-07-13 15:24:22.035306+00'),
	('23328368-ad48-4ee7-b1bc-6368aad4bef2', 'Section R', '94f152d9-cacd-44d8-b983-284c06dd0d40', '2025-07-13 15:24:22.035306+00'),
	('dbba32b6-a4d9-48b8-8fa9-87bdfcd94092', 'Section S', '94f152d9-cacd-44d8-b983-284c06dd0d40', '2025-07-13 15:24:22.035306+00'),
	('df4daa5a-2d13-44b6-a7b0-8cc6e6850d6d', 'Section T', '94f152d9-cacd-44d8-b983-284c06dd0d40', '2025-07-13 15:24:22.035306+00'),
	('ae2b9c4f-4ac4-4870-a942-3a1526186b43', 'Section U', '94f152d9-cacd-44d8-b983-284c06dd0d40', '2025-07-13 15:24:22.035306+00'),
	('e123bc1d-5f43-4e82-a69e-058890346ff2', 'Section V', '94f152d9-cacd-44d8-b983-284c06dd0d40', '2025-07-13 15:24:22.035306+00'),
	('9e644cfa-7e81-4796-adf5-c78f5e51d6ba', 'Section W', '94f152d9-cacd-44d8-b983-284c06dd0d40', '2025-07-13 15:24:22.035306+00'),
	('218ebef5-e039-4996-adcb-edd33d14263d', 'Section X', '94f152d9-cacd-44d8-b983-284c06dd0d40', '2025-07-13 15:24:22.035306+00'),
	('260b1d21-ca62-47e2-8a52-d5cdfe3d821a', 'Section Y', '94f152d9-cacd-44d8-b983-284c06dd0d40', '2025-07-13 15:24:22.035306+00'),
	('7e7c8dae-d1c8-4345-bfb5-55628dd7beb2', 'Section Z', '94f152d9-cacd-44d8-b983-284c06dd0d40', '2025-07-13 15:24:22.035306+00'),
	('f1de979c-4e24-4952-a49d-f3ef7b72071f', 'Section A', 'aaabc4ee-0e2f-4e51-8dbb-75cd780a4e67', '2025-07-13 15:24:22.035306+00'),
	('c8c95446-55a5-4675-97d1-373ce0051f72', 'Section B', 'aaabc4ee-0e2f-4e51-8dbb-75cd780a4e67', '2025-07-13 15:24:22.035306+00'),
	('7c20f4a3-046e-4b74-90a0-a833dd35c946', 'Section C', 'aaabc4ee-0e2f-4e51-8dbb-75cd780a4e67', '2025-07-13 15:24:22.035306+00'),
	('4613b1c8-de64-4392-9035-f29c7ea2804d', 'Section D', 'aaabc4ee-0e2f-4e51-8dbb-75cd780a4e67', '2025-07-13 15:24:22.035306+00'),
	('ddb53f8d-1d12-4b4a-947a-aec29d3d24ef', 'Section E', 'aaabc4ee-0e2f-4e51-8dbb-75cd780a4e67', '2025-07-13 15:24:22.035306+00'),
	('0ef5614e-2082-421f-a4be-4a0a325f8ce3', 'Section F', 'aaabc4ee-0e2f-4e51-8dbb-75cd780a4e67', '2025-07-13 15:24:22.035306+00'),
	('ea0f1686-b8ad-44df-a9ae-d4f962633ab7', 'Section G', 'aaabc4ee-0e2f-4e51-8dbb-75cd780a4e67', '2025-07-13 15:24:22.035306+00'),
	('97072b0c-5e14-43a3-9a41-b61a97e3878a', 'Section H', 'aaabc4ee-0e2f-4e51-8dbb-75cd780a4e67', '2025-07-13 15:24:22.035306+00'),
	('45a6195c-a93d-4c3f-bc18-5950ef9e0879', 'Section I', 'aaabc4ee-0e2f-4e51-8dbb-75cd780a4e67', '2025-07-13 15:24:22.035306+00'),
	('6ad0c268-96cc-4ae5-a56b-f58ef2556d6e', 'Section J', 'aaabc4ee-0e2f-4e51-8dbb-75cd780a4e67', '2025-07-13 15:24:22.035306+00'),
	('0c5a5fbf-2bbd-46eb-859c-e50ca130e7c9', 'Section K', 'aaabc4ee-0e2f-4e51-8dbb-75cd780a4e67', '2025-07-13 15:24:22.035306+00'),
	('149b55cc-263e-461b-98a0-20bb55890b90', 'Section L', 'aaabc4ee-0e2f-4e51-8dbb-75cd780a4e67', '2025-07-13 15:24:22.035306+00'),
	('93ab7dcd-3fcf-4081-a991-4ef641c586c5', 'Section M', 'aaabc4ee-0e2f-4e51-8dbb-75cd780a4e67', '2025-07-13 15:24:22.035306+00'),
	('db592e77-1d0b-41c0-a520-b4bf592a011e', 'Section N', 'aaabc4ee-0e2f-4e51-8dbb-75cd780a4e67', '2025-07-13 15:24:22.035306+00'),
	('4e5d4f15-95e1-4474-9b80-0aca36a74a31', 'Section O', 'aaabc4ee-0e2f-4e51-8dbb-75cd780a4e67', '2025-07-13 15:24:22.035306+00'),
	('362ef9d8-4241-4131-82db-9c8bbaed291d', 'Section P', 'aaabc4ee-0e2f-4e51-8dbb-75cd780a4e67', '2025-07-13 15:24:22.035306+00'),
	('984b839f-5ac9-46f0-b35c-e1a184d9f11d', 'Section Q', 'aaabc4ee-0e2f-4e51-8dbb-75cd780a4e67', '2025-07-13 15:24:22.035306+00'),
	('9aab9502-dd89-4ff8-8cfc-7ee4a3b7ad34', 'Section R', 'aaabc4ee-0e2f-4e51-8dbb-75cd780a4e67', '2025-07-13 15:24:22.035306+00'),
	('c3bbb858-e5f4-4314-a42b-781be332d3bc', 'Section S', 'aaabc4ee-0e2f-4e51-8dbb-75cd780a4e67', '2025-07-13 15:24:22.035306+00'),
	('f17f89b4-5ff2-4c6f-99df-e59d5d66c81b', 'Section T', 'aaabc4ee-0e2f-4e51-8dbb-75cd780a4e67', '2025-07-13 15:24:22.035306+00'),
	('04e7443c-a8c2-4d44-bfd2-51574217a50c', 'Section U', 'aaabc4ee-0e2f-4e51-8dbb-75cd780a4e67', '2025-07-13 15:24:22.035306+00'),
	('ced12124-5f84-4c39-aebe-28e097216a42', 'Section V', 'aaabc4ee-0e2f-4e51-8dbb-75cd780a4e67', '2025-07-13 15:24:22.035306+00'),
	('dd36bbed-fe87-474b-8c95-4b0730729702', 'Section W', 'aaabc4ee-0e2f-4e51-8dbb-75cd780a4e67', '2025-07-13 15:24:22.035306+00'),
	('abe9749f-192e-4811-a19e-c36eab530e58', 'Section X', 'aaabc4ee-0e2f-4e51-8dbb-75cd780a4e67', '2025-07-13 15:24:22.035306+00'),
	('4651827b-cfaf-4d77-a771-35f11cf4e870', 'Section Y', 'aaabc4ee-0e2f-4e51-8dbb-75cd780a4e67', '2025-07-13 15:24:22.035306+00'),
	('4704437f-7a43-4a5a-a6a2-4b3613a02b71', 'Section Z', 'aaabc4ee-0e2f-4e51-8dbb-75cd780a4e67', '2025-07-13 15:24:22.035306+00'),
	('e9c6b6f7-64d1-4262-a4d0-89a669c1a807', 'Section A', '6e25b4ae-9db0-4bcd-ba4f-aac8d0ce19d6', '2025-07-13 15:24:22.035306+00'),
	('aa5cb3fb-538f-4d23-8fbb-a5ae3b775aff', 'Section B', '6e25b4ae-9db0-4bcd-ba4f-aac8d0ce19d6', '2025-07-13 15:24:22.035306+00'),
	('0ed8fce7-5a52-4aa1-a2fb-0fb7ee268a2f', 'Section C', '6e25b4ae-9db0-4bcd-ba4f-aac8d0ce19d6', '2025-07-13 15:24:22.035306+00'),
	('938fc880-efbc-43e1-860e-adb06e1c556c', 'Section D', '6e25b4ae-9db0-4bcd-ba4f-aac8d0ce19d6', '2025-07-13 15:24:22.035306+00'),
	('e4970b0a-931c-4c82-bd4b-c263f4cf5924', 'Section E', '6e25b4ae-9db0-4bcd-ba4f-aac8d0ce19d6', '2025-07-13 15:24:22.035306+00'),
	('1452932c-9e8b-40ce-a5a3-546ad6aa9144', 'Section F', '6e25b4ae-9db0-4bcd-ba4f-aac8d0ce19d6', '2025-07-13 15:24:22.035306+00'),
	('5a46ad2f-1303-4714-aa02-d9dd9e40bf63', 'Section G', '6e25b4ae-9db0-4bcd-ba4f-aac8d0ce19d6', '2025-07-13 15:24:22.035306+00'),
	('e6d5b9ab-d00f-4477-b8d7-4d24cdafcc08', 'Section H', '6e25b4ae-9db0-4bcd-ba4f-aac8d0ce19d6', '2025-07-13 15:24:22.035306+00'),
	('1d1937bb-2131-44b0-ae7a-bc55fcc61619', 'Section I', '6e25b4ae-9db0-4bcd-ba4f-aac8d0ce19d6', '2025-07-13 15:24:22.035306+00'),
	('2354a374-ac3d-4b85-9475-4c85235117b3', 'Section J', '6e25b4ae-9db0-4bcd-ba4f-aac8d0ce19d6', '2025-07-13 15:24:22.035306+00'),
	('7538251b-4d66-4c3f-ad67-38a18da455a0', 'Section K', '6e25b4ae-9db0-4bcd-ba4f-aac8d0ce19d6', '2025-07-13 15:24:22.035306+00'),
	('e9e1cfe6-873d-4789-9195-a75cf704c50f', 'Section L', '6e25b4ae-9db0-4bcd-ba4f-aac8d0ce19d6', '2025-07-13 15:24:22.035306+00'),
	('ab325e01-8b5e-40da-9704-bacaed83a56f', 'Section M', '6e25b4ae-9db0-4bcd-ba4f-aac8d0ce19d6', '2025-07-13 15:24:22.035306+00'),
	('a91937f0-bfa4-4b73-a5f9-02a2eb843890', 'Section N', '6e25b4ae-9db0-4bcd-ba4f-aac8d0ce19d6', '2025-07-13 15:24:22.035306+00'),
	('87f47ad1-91e8-42af-818d-42acebde20b8', 'Section O', '6e25b4ae-9db0-4bcd-ba4f-aac8d0ce19d6', '2025-07-13 15:24:22.035306+00'),
	('5bff1846-9b3c-490c-b5f0-48e88801eeba', 'Section P', '6e25b4ae-9db0-4bcd-ba4f-aac8d0ce19d6', '2025-07-13 15:24:22.035306+00'),
	('805db9fa-71ba-4614-b4b5-67b3045d54ad', 'Section Q', '6e25b4ae-9db0-4bcd-ba4f-aac8d0ce19d6', '2025-07-13 15:24:22.035306+00'),
	('4819b58b-4f9e-49a2-82cb-6c90cac8f63a', 'Section R', '6e25b4ae-9db0-4bcd-ba4f-aac8d0ce19d6', '2025-07-13 15:24:22.035306+00'),
	('90208056-b72c-4ff8-8e50-ff1650440bc5', 'Section S', '6e25b4ae-9db0-4bcd-ba4f-aac8d0ce19d6', '2025-07-13 15:24:22.035306+00'),
	('e4f8bdbf-346b-49de-ad15-cc4d550b7564', 'Section T', '6e25b4ae-9db0-4bcd-ba4f-aac8d0ce19d6', '2025-07-13 15:24:22.035306+00'),
	('59d842fe-8756-4f65-a2ca-e1e6bf50b370', 'Section U', '6e25b4ae-9db0-4bcd-ba4f-aac8d0ce19d6', '2025-07-13 15:24:22.035306+00'),
	('8d7f6896-2fd9-4f29-81b3-aa8724b151d2', 'Section V', '6e25b4ae-9db0-4bcd-ba4f-aac8d0ce19d6', '2025-07-13 15:24:22.035306+00'),
	('bb8bcbd9-251d-4a0e-8a11-c2038a0597e8', 'Section W', '6e25b4ae-9db0-4bcd-ba4f-aac8d0ce19d6', '2025-07-13 15:24:22.035306+00'),
	('285c22eb-3fef-409e-a23a-3218d446c8b2', 'Section X', '6e25b4ae-9db0-4bcd-ba4f-aac8d0ce19d6', '2025-07-13 15:24:22.035306+00'),
	('0da91977-9d72-4815-be3a-0cbd1fc0d2be', 'Section Y', '6e25b4ae-9db0-4bcd-ba4f-aac8d0ce19d6', '2025-07-13 15:24:22.035306+00'),
	('ea0a4cbf-1059-417f-9fda-6f8a45b6f3f6', 'Section Z', '6e25b4ae-9db0-4bcd-ba4f-aac8d0ce19d6', '2025-07-13 15:24:22.035306+00'),
	('b9a442d9-d26b-41d1-bbeb-8827f1f700a1', 'Section A', 'c4023d47-e1a5-48b2-8920-86ce2b74132c', '2025-07-13 15:24:22.035306+00'),
	('9b7ac800-e242-45ef-af63-9e895b4ce2f6', 'Section B', 'c4023d47-e1a5-48b2-8920-86ce2b74132c', '2025-07-13 15:24:22.035306+00'),
	('72cb22dd-ef93-4a73-b1a6-5ee285e491c1', 'Section C', 'c4023d47-e1a5-48b2-8920-86ce2b74132c', '2025-07-13 15:24:22.035306+00'),
	('e3fc399b-2e51-414e-b448-d3fa42ecb9f5', 'Section D', 'c4023d47-e1a5-48b2-8920-86ce2b74132c', '2025-07-13 15:24:22.035306+00'),
	('17fa2726-951f-4825-a592-467556bb3ea6', 'Section E', 'c4023d47-e1a5-48b2-8920-86ce2b74132c', '2025-07-13 15:24:22.035306+00'),
	('756bd99d-5e0c-46e1-9790-8bc3d0fee1b4', 'Section F', 'c4023d47-e1a5-48b2-8920-86ce2b74132c', '2025-07-13 15:24:22.035306+00'),
	('a0817ce8-feab-4dbb-af4b-ad23c8a5e4f2', 'Section G', 'c4023d47-e1a5-48b2-8920-86ce2b74132c', '2025-07-13 15:24:22.035306+00'),
	('155b7a84-6f5a-4d1a-a136-4ddfdec75f18', 'Section H', 'c4023d47-e1a5-48b2-8920-86ce2b74132c', '2025-07-13 15:24:22.035306+00'),
	('12ebf95c-c198-4717-8d2c-c31589f7b5a7', 'Section I', 'c4023d47-e1a5-48b2-8920-86ce2b74132c', '2025-07-13 15:24:22.035306+00'),
	('02a23dc6-ddbb-4abc-800f-9e69f96cf644', 'Section J', 'c4023d47-e1a5-48b2-8920-86ce2b74132c', '2025-07-13 15:24:22.035306+00'),
	('023af2b0-f900-4795-9057-2e2c30c9cd24', 'Section K', 'c4023d47-e1a5-48b2-8920-86ce2b74132c', '2025-07-13 15:24:22.035306+00'),
	('d7c09d3b-2035-4664-b19d-da15aa188078', 'Section L', 'c4023d47-e1a5-48b2-8920-86ce2b74132c', '2025-07-13 15:24:22.035306+00'),
	('054aad86-38c8-4394-9cf9-22941f7cb99a', 'Section M', 'c4023d47-e1a5-48b2-8920-86ce2b74132c', '2025-07-13 15:24:22.035306+00'),
	('30b0e202-2444-41eb-b2bf-6c82cca7004d', 'Section N', 'c4023d47-e1a5-48b2-8920-86ce2b74132c', '2025-07-13 15:24:22.035306+00'),
	('747c9b3c-11b4-4d27-a07e-262ed79889f5', 'Section O', 'c4023d47-e1a5-48b2-8920-86ce2b74132c', '2025-07-13 15:24:22.035306+00'),
	('892018c6-1ca7-423a-966d-348e22571972', 'Section P', 'c4023d47-e1a5-48b2-8920-86ce2b74132c', '2025-07-13 15:24:22.035306+00'),
	('cd366b1f-bae5-4319-8ed0-be489b9c247a', 'Section Q', 'c4023d47-e1a5-48b2-8920-86ce2b74132c', '2025-07-13 15:24:22.035306+00'),
	('1842ab44-b0df-4b92-a0cb-a2d7336e9c0e', 'Section R', 'c4023d47-e1a5-48b2-8920-86ce2b74132c', '2025-07-13 15:24:22.035306+00'),
	('a720cdb7-1786-4565-918c-3b9066a7225b', 'Section S', 'c4023d47-e1a5-48b2-8920-86ce2b74132c', '2025-07-13 15:24:22.035306+00'),
	('49458e0f-d611-4609-91fc-2b73039ed628', 'Section T', 'c4023d47-e1a5-48b2-8920-86ce2b74132c', '2025-07-13 15:24:22.035306+00'),
	('fc3441d7-65e8-4110-b904-09b105c9f689', 'Section U', 'c4023d47-e1a5-48b2-8920-86ce2b74132c', '2025-07-13 15:24:22.035306+00'),
	('84b381c6-3840-406d-9116-39bc5a4a9241', 'Section V', 'c4023d47-e1a5-48b2-8920-86ce2b74132c', '2025-07-13 15:24:22.035306+00'),
	('b56ed5e7-9b8a-4905-8eee-4ccb636bfd2e', 'Section W', 'c4023d47-e1a5-48b2-8920-86ce2b74132c', '2025-07-13 15:24:22.035306+00'),
	('db64f788-1522-4c57-8404-f6f4bf98ecf0', 'Section X', 'c4023d47-e1a5-48b2-8920-86ce2b74132c', '2025-07-13 15:24:22.035306+00'),
	('e44f017a-5158-4215-9dff-d086c01a269e', 'Section Y', 'c4023d47-e1a5-48b2-8920-86ce2b74132c', '2025-07-13 15:24:22.035306+00'),
	('84bce931-2482-4d4f-9cce-7b1e5ade5065', 'Section Z', 'c4023d47-e1a5-48b2-8920-86ce2b74132c', '2025-07-13 15:24:22.035306+00'),
	('19e4d7de-5f23-44e5-9dab-82c154733bf2', 'Section A', '66a3ca49-a1ee-4a35-9f66-ef4f518f3fcd', '2025-07-13 15:24:22.035306+00'),
	('adab3fb4-c4b2-4c2d-8dad-29b28cdfb013', 'Section B', '66a3ca49-a1ee-4a35-9f66-ef4f518f3fcd', '2025-07-13 15:24:22.035306+00'),
	('6770b815-0924-468f-a5d5-4633f181ef4b', 'Section C', '66a3ca49-a1ee-4a35-9f66-ef4f518f3fcd', '2025-07-13 15:24:22.035306+00'),
	('b33af3b4-97de-4474-979f-dcf93dbd91bd', 'Section D', '66a3ca49-a1ee-4a35-9f66-ef4f518f3fcd', '2025-07-13 15:24:22.035306+00'),
	('1f418a1a-91e0-479b-9ab5-e740b954fe3a', 'Section E', '66a3ca49-a1ee-4a35-9f66-ef4f518f3fcd', '2025-07-13 15:24:22.035306+00'),
	('727fe53a-56ca-44b2-94e7-e9bd15ef7e05', 'Section F', '66a3ca49-a1ee-4a35-9f66-ef4f518f3fcd', '2025-07-13 15:24:22.035306+00'),
	('85fe2782-b2c5-4c91-aeca-0342767ce5ca', 'Section G', '66a3ca49-a1ee-4a35-9f66-ef4f518f3fcd', '2025-07-13 15:24:22.035306+00'),
	('13950b55-4fb4-407e-95b0-e32d7047e783', 'Section H', '66a3ca49-a1ee-4a35-9f66-ef4f518f3fcd', '2025-07-13 15:24:22.035306+00'),
	('b0f5c00f-cfc5-43f9-99f8-780035c3e98d', 'Section I', '66a3ca49-a1ee-4a35-9f66-ef4f518f3fcd', '2025-07-13 15:24:22.035306+00'),
	('718a7ebf-2eee-400e-8ee2-d54118785ecb', 'Section J', '66a3ca49-a1ee-4a35-9f66-ef4f518f3fcd', '2025-07-13 15:24:22.035306+00'),
	('098e6738-aa1f-46d7-a1f6-ea7f2eafeb54', 'Section K', '66a3ca49-a1ee-4a35-9f66-ef4f518f3fcd', '2025-07-13 15:24:22.035306+00'),
	('f1f99dc6-abd6-4b16-bedf-a5a3ecb4f496', 'Section L', '66a3ca49-a1ee-4a35-9f66-ef4f518f3fcd', '2025-07-13 15:24:22.035306+00'),
	('253bcafe-0bbd-4b2b-b648-60987994bf40', 'Section M', '66a3ca49-a1ee-4a35-9f66-ef4f518f3fcd', '2025-07-13 15:24:22.035306+00'),
	('20b2228a-7b07-40df-8db0-10a9f5332903', 'Section N', '66a3ca49-a1ee-4a35-9f66-ef4f518f3fcd', '2025-07-13 15:24:22.035306+00'),
	('496abe70-cb71-4707-885b-2c6a6e61be88', 'Section O', '66a3ca49-a1ee-4a35-9f66-ef4f518f3fcd', '2025-07-13 15:24:22.035306+00'),
	('4ae48e55-bbfe-4a22-9545-d9f6a8246a5f', 'Section P', '66a3ca49-a1ee-4a35-9f66-ef4f518f3fcd', '2025-07-13 15:24:22.035306+00'),
	('1f3ef758-84cb-46e8-969c-bc59d85750df', 'Section Q', '66a3ca49-a1ee-4a35-9f66-ef4f518f3fcd', '2025-07-13 15:24:22.035306+00'),
	('22995837-b4d6-4918-a24e-15f1bea5c999', 'Section R', '66a3ca49-a1ee-4a35-9f66-ef4f518f3fcd', '2025-07-13 15:24:22.035306+00'),
	('c9b170c0-57d5-42e4-a992-d8096bc8fd38', 'Section S', '66a3ca49-a1ee-4a35-9f66-ef4f518f3fcd', '2025-07-13 15:24:22.035306+00'),
	('ea36f49d-1397-4c42-9c81-309d299b0ec5', 'Section T', '66a3ca49-a1ee-4a35-9f66-ef4f518f3fcd', '2025-07-13 15:24:22.035306+00'),
	('19bbed40-0d85-48ff-a6a3-4dba9421e44b', 'Section U', '66a3ca49-a1ee-4a35-9f66-ef4f518f3fcd', '2025-07-13 15:24:22.035306+00'),
	('eea2fa95-2f5e-4e76-9101-cd9b1658c999', 'Section V', '66a3ca49-a1ee-4a35-9f66-ef4f518f3fcd', '2025-07-13 15:24:22.035306+00'),
	('455f11d4-e654-4198-a669-4b66aa8a964b', 'Section W', '66a3ca49-a1ee-4a35-9f66-ef4f518f3fcd', '2025-07-13 15:24:22.035306+00'),
	('8f4efc74-43e2-4b4e-8196-f6479b8c8066', 'Section X', '66a3ca49-a1ee-4a35-9f66-ef4f518f3fcd', '2025-07-13 15:24:22.035306+00'),
	('d2b08f42-dbe6-4f79-92a6-4bd5d24bfbf0', 'Section Y', '66a3ca49-a1ee-4a35-9f66-ef4f518f3fcd', '2025-07-13 15:24:22.035306+00'),
	('1b0a4561-f844-471a-b119-7af0c1b0badb', 'Section Z', '66a3ca49-a1ee-4a35-9f66-ef4f518f3fcd', '2025-07-13 15:24:22.035306+00'),
	('7c0fe431-439d-4197-88c5-a530918dc1cb', 'Section A', 'a4699e5c-7490-4f60-9c05-70b14b88044d', '2025-07-13 15:24:22.035306+00'),
	('7a0c4bbe-7dc9-44e8-9840-de8b9c0500a2', 'Section B', 'a4699e5c-7490-4f60-9c05-70b14b88044d', '2025-07-13 15:24:22.035306+00'),
	('2c2108dd-8e93-4d73-9039-6f2e9f68083a', 'Section C', 'a4699e5c-7490-4f60-9c05-70b14b88044d', '2025-07-13 15:24:22.035306+00'),
	('a325a19d-db10-42e1-95df-1362e1fadbbf', 'Section D', 'a4699e5c-7490-4f60-9c05-70b14b88044d', '2025-07-13 15:24:22.035306+00'),
	('ac812d8b-9616-400a-88ca-aa9306a5584e', 'Section E', 'a4699e5c-7490-4f60-9c05-70b14b88044d', '2025-07-13 15:24:22.035306+00'),
	('53083cb6-910d-41b3-8b6f-d8456a23482f', 'Section F', 'a4699e5c-7490-4f60-9c05-70b14b88044d', '2025-07-13 15:24:22.035306+00'),
	('df5da45f-f1ff-434c-9f49-1f886f4a921a', 'Section G', 'a4699e5c-7490-4f60-9c05-70b14b88044d', '2025-07-13 15:24:22.035306+00'),
	('c9123f04-3790-4b5d-aba4-9c293110a016', 'Section H', 'a4699e5c-7490-4f60-9c05-70b14b88044d', '2025-07-13 15:24:22.035306+00'),
	('ddbb1e7f-4bf9-4aa2-8493-b9862051d739', 'Section I', 'a4699e5c-7490-4f60-9c05-70b14b88044d', '2025-07-13 15:24:22.035306+00'),
	('2128413e-78b8-49ea-ac31-de71e98eb7ea', 'Section J', 'a4699e5c-7490-4f60-9c05-70b14b88044d', '2025-07-13 15:24:22.035306+00'),
	('0b4da28e-4e4f-473c-b818-2ec7d5d84184', 'Section K', 'a4699e5c-7490-4f60-9c05-70b14b88044d', '2025-07-13 15:24:22.035306+00'),
	('ed982d1d-038c-4489-97b1-96d28db516ed', 'Section L', 'a4699e5c-7490-4f60-9c05-70b14b88044d', '2025-07-13 15:24:22.035306+00'),
	('850666a9-0e1c-44c8-b4d2-7c14257b98fb', 'Section M', 'a4699e5c-7490-4f60-9c05-70b14b88044d', '2025-07-13 15:24:22.035306+00'),
	('bfffe61f-98ce-4674-824e-17ad3fb5a06d', 'Section N', 'a4699e5c-7490-4f60-9c05-70b14b88044d', '2025-07-13 15:24:22.035306+00'),
	('25fc51fe-1826-42ca-ae94-5cfe4c9189e2', 'Section O', 'a4699e5c-7490-4f60-9c05-70b14b88044d', '2025-07-13 15:24:22.035306+00'),
	('8eb8a2f2-44aa-4dc8-9c1c-e27aaac7103b', 'Section P', 'a4699e5c-7490-4f60-9c05-70b14b88044d', '2025-07-13 15:24:22.035306+00'),
	('87d20d1a-4296-41a5-85ef-0057421ab43a', 'Section Q', 'a4699e5c-7490-4f60-9c05-70b14b88044d', '2025-07-13 15:24:22.035306+00'),
	('3dde7a06-cfd6-45c3-b978-ee285dd085c7', 'Section R', 'a4699e5c-7490-4f60-9c05-70b14b88044d', '2025-07-13 15:24:22.035306+00'),
	('a00d9d4f-773c-4c4e-a4c1-4809e31cc649', 'Section S', 'a4699e5c-7490-4f60-9c05-70b14b88044d', '2025-07-13 15:24:22.035306+00'),
	('b013551a-9ea2-4666-b135-53b8d51705cd', 'Section T', 'a4699e5c-7490-4f60-9c05-70b14b88044d', '2025-07-13 15:24:22.035306+00'),
	('04271f3f-1cf3-4707-9974-a06a0f662d41', 'Section U', 'a4699e5c-7490-4f60-9c05-70b14b88044d', '2025-07-13 15:24:22.035306+00'),
	('f1874f8f-a63a-4ed6-be93-8d6b1d0173b6', 'Section V', 'a4699e5c-7490-4f60-9c05-70b14b88044d', '2025-07-13 15:24:22.035306+00'),
	('cde83155-1d47-4693-9544-93f4361d336e', 'Section W', 'a4699e5c-7490-4f60-9c05-70b14b88044d', '2025-07-13 15:24:22.035306+00'),
	('d4065021-fe18-487f-9efe-bc9662d50024', 'Section X', 'a4699e5c-7490-4f60-9c05-70b14b88044d', '2025-07-13 15:24:22.035306+00'),
	('bc357a2c-7cf0-4a75-a81f-3fa482005621', 'Section Y', 'a4699e5c-7490-4f60-9c05-70b14b88044d', '2025-07-13 15:24:22.035306+00'),
	('8975ecb8-dced-4ad9-bf89-f945230aaa37', 'Section Z', 'a4699e5c-7490-4f60-9c05-70b14b88044d', '2025-07-13 15:24:22.035306+00'),
	('d501542a-0dee-4823-b022-882b6bbb9a11', 'Section A', '5110c7e4-aba3-4f7e-b89d-1574f280a2e2', '2025-07-13 15:24:22.035306+00'),
	('9234bc13-faa5-468e-9782-7cce02d40cb9', 'Section B', '5110c7e4-aba3-4f7e-b89d-1574f280a2e2', '2025-07-13 15:24:22.035306+00'),
	('713ae5db-11b7-405e-81b7-196dac9b6cc4', 'Section C', '5110c7e4-aba3-4f7e-b89d-1574f280a2e2', '2025-07-13 15:24:22.035306+00'),
	('d83bd72a-5eb5-410e-af84-a3b0570a2edf', 'Section D', '5110c7e4-aba3-4f7e-b89d-1574f280a2e2', '2025-07-13 15:24:22.035306+00'),
	('33b49899-b94a-4761-ab63-db1bfe1132e0', 'Section E', '5110c7e4-aba3-4f7e-b89d-1574f280a2e2', '2025-07-13 15:24:22.035306+00'),
	('94353921-b05d-4a5f-96c2-d90d94098167', 'Section F', '5110c7e4-aba3-4f7e-b89d-1574f280a2e2', '2025-07-13 15:24:22.035306+00'),
	('1a6323b9-9db3-467d-b713-8638b176f9b9', 'Section G', '5110c7e4-aba3-4f7e-b89d-1574f280a2e2', '2025-07-13 15:24:22.035306+00'),
	('a816cc00-6f05-4f7d-891e-21c74e341f8b', 'Section H', '5110c7e4-aba3-4f7e-b89d-1574f280a2e2', '2025-07-13 15:24:22.035306+00'),
	('ef9168df-3b0b-4bfb-a204-2e0c54d62bde', 'Section I', '5110c7e4-aba3-4f7e-b89d-1574f280a2e2', '2025-07-13 15:24:22.035306+00'),
	('26cefa94-ae0f-4e85-9cdd-9c742f679649', 'Section J', '5110c7e4-aba3-4f7e-b89d-1574f280a2e2', '2025-07-13 15:24:22.035306+00'),
	('3b460938-526b-468e-b383-263f2c286e52', 'Section K', '5110c7e4-aba3-4f7e-b89d-1574f280a2e2', '2025-07-13 15:24:22.035306+00'),
	('9131e03a-7a38-4208-9a66-c0ccdfb61861', 'Section L', '5110c7e4-aba3-4f7e-b89d-1574f280a2e2', '2025-07-13 15:24:22.035306+00'),
	('0f8147d6-b570-4372-8d57-ed8e82df1da2', 'Section M', '5110c7e4-aba3-4f7e-b89d-1574f280a2e2', '2025-07-13 15:24:22.035306+00'),
	('6b1a121c-0669-41e3-be48-5e9ea3721281', 'Section N', '5110c7e4-aba3-4f7e-b89d-1574f280a2e2', '2025-07-13 15:24:22.035306+00'),
	('cb8af568-34df-4a67-8bbb-cf50b57fd105', 'Section O', '5110c7e4-aba3-4f7e-b89d-1574f280a2e2', '2025-07-13 15:24:22.035306+00'),
	('ae52c594-ea95-4e08-bf3f-aa46b88eb6da', 'Section P', '5110c7e4-aba3-4f7e-b89d-1574f280a2e2', '2025-07-13 15:24:22.035306+00'),
	('e85a01bf-df4a-4237-b480-b1a0015c0aa6', 'Section Q', '5110c7e4-aba3-4f7e-b89d-1574f280a2e2', '2025-07-13 15:24:22.035306+00'),
	('b8bcd6d2-628e-4a65-9405-a95d62117c09', 'Section R', '5110c7e4-aba3-4f7e-b89d-1574f280a2e2', '2025-07-13 15:24:22.035306+00'),
	('e04b95d0-ebdc-4ad4-8cce-e12bd20ca1b7', 'Section S', '5110c7e4-aba3-4f7e-b89d-1574f280a2e2', '2025-07-13 15:24:22.035306+00'),
	('d32facac-d2be-4a34-b2f2-e94626bab392', 'Section T', '5110c7e4-aba3-4f7e-b89d-1574f280a2e2', '2025-07-13 15:24:22.035306+00'),
	('586cf372-5d88-4df2-88fd-2c303124716c', 'Section U', '5110c7e4-aba3-4f7e-b89d-1574f280a2e2', '2025-07-13 15:24:22.035306+00'),
	('5af30311-e06e-4c26-a1bb-17587cd6ccb2', 'Section V', '5110c7e4-aba3-4f7e-b89d-1574f280a2e2', '2025-07-13 15:24:22.035306+00'),
	('f0246dc9-d134-4a9e-87d3-600d0fab7647', 'Section W', '5110c7e4-aba3-4f7e-b89d-1574f280a2e2', '2025-07-13 15:24:22.035306+00'),
	('0f1c1c23-4457-497a-89e1-21669a94cbd9', 'Section X', '5110c7e4-aba3-4f7e-b89d-1574f280a2e2', '2025-07-13 15:24:22.035306+00'),
	('8ff91622-cee5-4755-a343-659950ba8985', 'Section Y', '5110c7e4-aba3-4f7e-b89d-1574f280a2e2', '2025-07-13 15:24:22.035306+00'),
	('8ab31121-4947-461f-b337-741dff9dbba8', 'Section Z', '5110c7e4-aba3-4f7e-b89d-1574f280a2e2', '2025-07-13 15:24:22.035306+00'),
	('308f344b-9aad-4283-ba73-70d0189a1230', 'Section A', '5e794150-823e-45a2-aae0-28bbaca8c0ee', '2025-07-13 15:24:22.035306+00'),
	('d755f2df-d624-435f-81af-a3995df3201e', 'Section B', '5e794150-823e-45a2-aae0-28bbaca8c0ee', '2025-07-13 15:24:22.035306+00'),
	('723bac99-13e3-4ae1-b06e-93e85d326bf2', 'Section C', '5e794150-823e-45a2-aae0-28bbaca8c0ee', '2025-07-13 15:24:22.035306+00'),
	('bfb4da29-984b-4cbc-b3fe-5675cdf4008c', 'Section D', '5e794150-823e-45a2-aae0-28bbaca8c0ee', '2025-07-13 15:24:22.035306+00'),
	('514ff98d-fd19-4bbd-81ab-cbc3f6b20b61', 'Section E', '5e794150-823e-45a2-aae0-28bbaca8c0ee', '2025-07-13 15:24:22.035306+00'),
	('eeb4fc23-b135-49a6-ae87-92aa0c87db41', 'Section F', '5e794150-823e-45a2-aae0-28bbaca8c0ee', '2025-07-13 15:24:22.035306+00'),
	('997478a2-4f7a-485a-8202-de4c2524cf1c', 'Section G', '5e794150-823e-45a2-aae0-28bbaca8c0ee', '2025-07-13 15:24:22.035306+00'),
	('bd99171d-e0eb-44d3-905f-30e73aeda04b', 'Section H', '5e794150-823e-45a2-aae0-28bbaca8c0ee', '2025-07-13 15:24:22.035306+00'),
	('929b3b44-7a21-4c88-b0e0-2045614fe66e', 'Section I', '5e794150-823e-45a2-aae0-28bbaca8c0ee', '2025-07-13 15:24:22.035306+00'),
	('87dbe1a7-730c-4c51-b5a9-19dd59dfa99a', 'Section J', '5e794150-823e-45a2-aae0-28bbaca8c0ee', '2025-07-13 15:24:22.035306+00'),
	('72cd5448-09f8-4ed0-8b09-2335a8a70db8', 'Section K', '5e794150-823e-45a2-aae0-28bbaca8c0ee', '2025-07-13 15:24:22.035306+00'),
	('6dc23d59-840f-43c1-b71a-4267f331fbde', 'Section L', '5e794150-823e-45a2-aae0-28bbaca8c0ee', '2025-07-13 15:24:22.035306+00'),
	('d72597fa-4c75-4342-b350-4270e9635cd7', 'Section M', '5e794150-823e-45a2-aae0-28bbaca8c0ee', '2025-07-13 15:24:22.035306+00'),
	('9ff91e7e-e838-41b1-9743-af3974ce1f75', 'Section N', '5e794150-823e-45a2-aae0-28bbaca8c0ee', '2025-07-13 15:24:22.035306+00'),
	('7ae8f3c7-c9d7-4067-b5f9-96b088536b3b', 'Section O', '5e794150-823e-45a2-aae0-28bbaca8c0ee', '2025-07-13 15:24:22.035306+00'),
	('a380e98d-286d-4387-b223-cab8f5ea30ae', 'Section P', '5e794150-823e-45a2-aae0-28bbaca8c0ee', '2025-07-13 15:24:22.035306+00'),
	('c271f101-e71c-40b8-9f30-e802eba37ca3', 'Section Q', '5e794150-823e-45a2-aae0-28bbaca8c0ee', '2025-07-13 15:24:22.035306+00'),
	('d724adc0-fb2b-4547-956e-03a3f847457c', 'Section R', '5e794150-823e-45a2-aae0-28bbaca8c0ee', '2025-07-13 15:24:22.035306+00'),
	('8f03d321-7ea3-4fa9-983a-f8929a92fcbe', 'Section S', '5e794150-823e-45a2-aae0-28bbaca8c0ee', '2025-07-13 15:24:22.035306+00'),
	('cb9794a3-befd-418a-b9c3-3ba2c6dbbddc', 'Section T', '5e794150-823e-45a2-aae0-28bbaca8c0ee', '2025-07-13 15:24:22.035306+00'),
	('cb01391e-d2b9-4f1e-8b2c-45c104001418', 'Section U', '5e794150-823e-45a2-aae0-28bbaca8c0ee', '2025-07-13 15:24:22.035306+00'),
	('07a2c0b7-d76a-464b-9b46-ac0547845e2c', 'Section V', '5e794150-823e-45a2-aae0-28bbaca8c0ee', '2025-07-13 15:24:22.035306+00'),
	('f6854fad-19ca-4a1b-b709-796e0466da69', 'Section W', '5e794150-823e-45a2-aae0-28bbaca8c0ee', '2025-07-13 15:24:22.035306+00'),
	('c037c852-897d-4988-a6a5-71f2aa57e371', 'Section X', '5e794150-823e-45a2-aae0-28bbaca8c0ee', '2025-07-13 15:24:22.035306+00'),
	('4b0fc7b9-6d99-41be-b22c-480c9f83aa4f', 'Section Y', '5e794150-823e-45a2-aae0-28bbaca8c0ee', '2025-07-13 15:24:22.035306+00'),
	('e70b3b39-a293-4ab6-8953-37c3e912df02', 'Section Z', '5e794150-823e-45a2-aae0-28bbaca8c0ee', '2025-07-13 15:24:22.035306+00'),
	('b6d8c44e-c66c-4901-a301-8cda06aff487', 'Section A', 'b403fbaa-0da8-4e09-9ac6-22cb048f80b8', '2025-07-13 15:24:22.035306+00'),
	('3dca6a47-70b4-4df6-aee9-ff28f9a98310', 'Section B', 'b403fbaa-0da8-4e09-9ac6-22cb048f80b8', '2025-07-13 15:24:22.035306+00'),
	('dee57057-d725-43ba-b845-3e55d2318ece', 'Section C', 'b403fbaa-0da8-4e09-9ac6-22cb048f80b8', '2025-07-13 15:24:22.035306+00'),
	('cde8f58a-10cf-4833-bc1c-ef22f3f572c8', 'Section D', 'b403fbaa-0da8-4e09-9ac6-22cb048f80b8', '2025-07-13 15:24:22.035306+00'),
	('281c5e11-6846-4320-812a-9bd0af9ea1d8', 'Section E', 'b403fbaa-0da8-4e09-9ac6-22cb048f80b8', '2025-07-13 15:24:22.035306+00'),
	('27671fbb-5d79-4c3e-a473-0d6dc48cd205', 'Section F', 'b403fbaa-0da8-4e09-9ac6-22cb048f80b8', '2025-07-13 15:24:22.035306+00'),
	('894ad862-ab8e-4588-b000-a28c53ae26eb', 'Section G', 'b403fbaa-0da8-4e09-9ac6-22cb048f80b8', '2025-07-13 15:24:22.035306+00'),
	('a78369c8-66d3-4288-b32b-2012c0cbf70b', 'Section H', 'b403fbaa-0da8-4e09-9ac6-22cb048f80b8', '2025-07-13 15:24:22.035306+00'),
	('6a3ef627-5037-4fde-a876-10b57c3d85a8', 'Section I', 'b403fbaa-0da8-4e09-9ac6-22cb048f80b8', '2025-07-13 15:24:22.035306+00'),
	('d4688c12-51eb-4223-a13d-f193ee40ca46', 'Section J', 'b403fbaa-0da8-4e09-9ac6-22cb048f80b8', '2025-07-13 15:24:22.035306+00'),
	('624f69af-ee2d-4147-995e-d72772a8ad97', 'Section K', 'b403fbaa-0da8-4e09-9ac6-22cb048f80b8', '2025-07-13 15:24:22.035306+00'),
	('2e4ed643-e267-4d44-9c3c-bf8412d1823f', 'Section L', 'b403fbaa-0da8-4e09-9ac6-22cb048f80b8', '2025-07-13 15:24:22.035306+00'),
	('b012671b-f23f-4a0b-8c34-8fd1216e07d2', 'Section M', 'b403fbaa-0da8-4e09-9ac6-22cb048f80b8', '2025-07-13 15:24:22.035306+00'),
	('365f778d-191c-4b2e-8429-a605deb299d7', 'Section N', 'b403fbaa-0da8-4e09-9ac6-22cb048f80b8', '2025-07-13 15:24:22.035306+00'),
	('8a6fdedd-ee27-4ad2-aa6f-20dd9d12ab76', 'Section O', 'b403fbaa-0da8-4e09-9ac6-22cb048f80b8', '2025-07-13 15:24:22.035306+00'),
	('50dd5de3-454c-49d8-99dc-d85c09c0095e', 'Section P', 'b403fbaa-0da8-4e09-9ac6-22cb048f80b8', '2025-07-13 15:24:22.035306+00'),
	('09dd581e-d064-44f8-9776-1baaad7a6a72', 'Section Q', 'b403fbaa-0da8-4e09-9ac6-22cb048f80b8', '2025-07-13 15:24:22.035306+00'),
	('96b3f06e-2eb1-48fa-817c-f2af3afc52c6', 'Section R', 'b403fbaa-0da8-4e09-9ac6-22cb048f80b8', '2025-07-13 15:24:22.035306+00'),
	('f061098c-b283-4c7d-b5e0-a8bced689e04', 'Section S', 'b403fbaa-0da8-4e09-9ac6-22cb048f80b8', '2025-07-13 15:24:22.035306+00'),
	('8598564b-75aa-49d6-9eb7-611166357e68', 'Section T', 'b403fbaa-0da8-4e09-9ac6-22cb048f80b8', '2025-07-13 15:24:22.035306+00'),
	('bce706f6-e723-439c-b17f-62468bc1da52', 'Section U', 'b403fbaa-0da8-4e09-9ac6-22cb048f80b8', '2025-07-13 15:24:22.035306+00'),
	('311f6874-a9b2-45cf-b655-5fe833d14867', 'Section V', 'b403fbaa-0da8-4e09-9ac6-22cb048f80b8', '2025-07-13 15:24:22.035306+00'),
	('d8c97bf8-1dff-4009-be75-0acd18f23a8b', 'Section W', 'b403fbaa-0da8-4e09-9ac6-22cb048f80b8', '2025-07-13 15:24:22.035306+00'),
	('dd94efae-d2f1-465b-9e28-7614cd24eab1', 'Section X', 'b403fbaa-0da8-4e09-9ac6-22cb048f80b8', '2025-07-13 15:24:22.035306+00'),
	('299a3da8-1ce6-491d-a3d8-daa2be2950e5', 'Section Y', 'b403fbaa-0da8-4e09-9ac6-22cb048f80b8', '2025-07-13 15:24:22.035306+00'),
	('44771e80-6e79-443e-ad8e-9edbfe3cd05b', 'Section Z', 'b403fbaa-0da8-4e09-9ac6-22cb048f80b8', '2025-07-13 15:24:22.035306+00'),
	('1bed5a30-cff7-450d-8e5f-34266c9598da', 'Section A', '9796a94e-978c-4ac5-94f1-d2a4c1994a15', '2025-07-13 15:24:22.035306+00'),
	('fef13523-314a-4761-a1f3-b5ecc823bca5', 'Section B', '9796a94e-978c-4ac5-94f1-d2a4c1994a15', '2025-07-13 15:24:22.035306+00'),
	('e53a1751-c8ff-4536-b7f3-b416768a1342', 'Section C', '9796a94e-978c-4ac5-94f1-d2a4c1994a15', '2025-07-13 15:24:22.035306+00'),
	('42c85ef5-1d67-4b5a-9ec1-3b77e2b18499', 'Section D', '9796a94e-978c-4ac5-94f1-d2a4c1994a15', '2025-07-13 15:24:22.035306+00'),
	('032b084e-303d-477f-a9e0-b5569bcd489c', 'Section E', '9796a94e-978c-4ac5-94f1-d2a4c1994a15', '2025-07-13 15:24:22.035306+00'),
	('5f86f3a2-e1ba-4d4c-bb5b-631cf4157edf', 'Section F', '9796a94e-978c-4ac5-94f1-d2a4c1994a15', '2025-07-13 15:24:22.035306+00'),
	('40d23aab-74a8-43d5-a519-980a74c982c9', 'Section G', '9796a94e-978c-4ac5-94f1-d2a4c1994a15', '2025-07-13 15:24:22.035306+00'),
	('20f758ba-c1cf-4bb2-93a7-15a8fd2834e8', 'Section H', '9796a94e-978c-4ac5-94f1-d2a4c1994a15', '2025-07-13 15:24:22.035306+00'),
	('347c87e0-9707-4ef1-8336-0a855d74e0f1', 'Section I', '9796a94e-978c-4ac5-94f1-d2a4c1994a15', '2025-07-13 15:24:22.035306+00'),
	('9420fbfc-be77-4388-b678-8dbbf7e862ea', 'Section J', '9796a94e-978c-4ac5-94f1-d2a4c1994a15', '2025-07-13 15:24:22.035306+00'),
	('41541fb7-7c1a-4212-a554-dcba68f26664', 'Section K', '9796a94e-978c-4ac5-94f1-d2a4c1994a15', '2025-07-13 15:24:22.035306+00'),
	('a399c67f-34a3-4abd-ac92-c14601e24680', 'Section L', '9796a94e-978c-4ac5-94f1-d2a4c1994a15', '2025-07-13 15:24:22.035306+00'),
	('585f88e5-4959-472c-983d-d517ef1bc016', 'Section M', '9796a94e-978c-4ac5-94f1-d2a4c1994a15', '2025-07-13 15:24:22.035306+00'),
	('6d8464cf-4acc-4459-bf98-90e5c6c18046', 'Section N', '9796a94e-978c-4ac5-94f1-d2a4c1994a15', '2025-07-13 15:24:22.035306+00'),
	('a67b5f2b-e318-4174-b031-8ab92ec8733f', 'Section O', '9796a94e-978c-4ac5-94f1-d2a4c1994a15', '2025-07-13 15:24:22.035306+00'),
	('2da2331d-867c-4388-bebe-5fa2cba7f161', 'Section P', '9796a94e-978c-4ac5-94f1-d2a4c1994a15', '2025-07-13 15:24:22.035306+00'),
	('9c30d1f6-187d-4fbf-a9f8-a7e01e8d195e', 'Section Q', '9796a94e-978c-4ac5-94f1-d2a4c1994a15', '2025-07-13 15:24:22.035306+00'),
	('55377ed7-ba65-46ee-9a30-055e7a1265af', 'Section R', '9796a94e-978c-4ac5-94f1-d2a4c1994a15', '2025-07-13 15:24:22.035306+00'),
	('461dc2b6-053d-4e0f-9de8-ba77a8c27f91', 'Section S', '9796a94e-978c-4ac5-94f1-d2a4c1994a15', '2025-07-13 15:24:22.035306+00'),
	('805a5f96-2396-40ea-84d1-a892d8cad42a', 'Section T', '9796a94e-978c-4ac5-94f1-d2a4c1994a15', '2025-07-13 15:24:22.035306+00'),
	('c149bc65-f5e0-48a7-a655-1be78895c90d', 'Section U', '9796a94e-978c-4ac5-94f1-d2a4c1994a15', '2025-07-13 15:24:22.035306+00'),
	('af158877-4df6-456c-9216-d46a259566e6', 'Section V', '9796a94e-978c-4ac5-94f1-d2a4c1994a15', '2025-07-13 15:24:22.035306+00'),
	('2fdee248-23d1-4d54-a7c6-f785258706bf', 'Section W', '9796a94e-978c-4ac5-94f1-d2a4c1994a15', '2025-07-13 15:24:22.035306+00'),
	('08a2647d-1ff3-4dee-b8ef-80768e8a99cc', 'Section X', '9796a94e-978c-4ac5-94f1-d2a4c1994a15', '2025-07-13 15:24:22.035306+00'),
	('c3b1b6be-1f57-4a39-89f9-09192c9cf81a', 'Section Y', '9796a94e-978c-4ac5-94f1-d2a4c1994a15', '2025-07-13 15:24:22.035306+00'),
	('7b4fcd15-ba8e-45e3-90ab-ea501273e761', 'Section Z', '9796a94e-978c-4ac5-94f1-d2a4c1994a15', '2025-07-13 15:24:22.035306+00'),
	('02ae936c-b58e-49ec-a921-d8b01ddf9f88', 'Section A', '06608b01-c8ef-4033-8dac-0e804d4a2d66', '2025-07-13 15:24:22.035306+00'),
	('8b7f4ac2-0ed3-4975-ad5c-0e5c8be082c3', 'Section B', '06608b01-c8ef-4033-8dac-0e804d4a2d66', '2025-07-13 15:24:22.035306+00'),
	('07562fcc-50b0-4262-94e5-b375a5c9f276', 'Section C', '06608b01-c8ef-4033-8dac-0e804d4a2d66', '2025-07-13 15:24:22.035306+00'),
	('76d4906c-4b77-46e3-b24d-e642100746d3', 'Section D', '06608b01-c8ef-4033-8dac-0e804d4a2d66', '2025-07-13 15:24:22.035306+00'),
	('100383eb-0917-4417-bc28-26e992621ab4', 'Section E', '06608b01-c8ef-4033-8dac-0e804d4a2d66', '2025-07-13 15:24:22.035306+00'),
	('08343f06-c1fe-43ed-b4f1-11087b13acc9', 'Section F', '06608b01-c8ef-4033-8dac-0e804d4a2d66', '2025-07-13 15:24:22.035306+00'),
	('63d7d1e5-6bfa-4264-aa93-1dd1026fb2fc', 'Section G', '06608b01-c8ef-4033-8dac-0e804d4a2d66', '2025-07-13 15:24:22.035306+00'),
	('d2143175-eee2-4f65-b58d-67f9c513a38d', 'Section H', '06608b01-c8ef-4033-8dac-0e804d4a2d66', '2025-07-13 15:24:22.035306+00'),
	('1410ecb9-12bb-4387-af11-c020de638dc2', 'Section I', '06608b01-c8ef-4033-8dac-0e804d4a2d66', '2025-07-13 15:24:22.035306+00'),
	('13ec6d95-8d55-4788-b654-2f8616b14ea6', 'Section J', '06608b01-c8ef-4033-8dac-0e804d4a2d66', '2025-07-13 15:24:22.035306+00'),
	('2ef276e9-ef9f-47b2-a7ca-47d6feec7dd5', 'Section K', '06608b01-c8ef-4033-8dac-0e804d4a2d66', '2025-07-13 15:24:22.035306+00'),
	('5666d2eb-5ead-4082-b640-98b25cd0a341', 'Section L', '06608b01-c8ef-4033-8dac-0e804d4a2d66', '2025-07-13 15:24:22.035306+00'),
	('e5be40a6-3160-4e6d-9fe7-2cd810b6b97e', 'Section M', '06608b01-c8ef-4033-8dac-0e804d4a2d66', '2025-07-13 15:24:22.035306+00'),
	('fb6c1d39-df76-4d93-8aaa-3e1887f651bb', 'Section N', '06608b01-c8ef-4033-8dac-0e804d4a2d66', '2025-07-13 15:24:22.035306+00'),
	('04a7cf1d-948e-4279-bd06-da3ec3e52754', 'Section O', '06608b01-c8ef-4033-8dac-0e804d4a2d66', '2025-07-13 15:24:22.035306+00'),
	('e4ec5aab-d493-4e21-abe9-d8742ef7c00e', 'Section P', '06608b01-c8ef-4033-8dac-0e804d4a2d66', '2025-07-13 15:24:22.035306+00'),
	('3c70458e-cf25-4ffa-aa88-39ee0e48b44a', 'Section Q', '06608b01-c8ef-4033-8dac-0e804d4a2d66', '2025-07-13 15:24:22.035306+00'),
	('caff5fc4-dd34-4734-aee3-f7f265e78c53', 'Section R', '06608b01-c8ef-4033-8dac-0e804d4a2d66', '2025-07-13 15:24:22.035306+00'),
	('2b923033-5ae4-49a8-aadc-16feb27b9224', 'Section S', '06608b01-c8ef-4033-8dac-0e804d4a2d66', '2025-07-13 15:24:22.035306+00'),
	('ffc3d4ed-b759-40f1-b000-de9ca240d8ee', 'Section T', '06608b01-c8ef-4033-8dac-0e804d4a2d66', '2025-07-13 15:24:22.035306+00'),
	('9162a3ae-dc01-4b80-b342-f741f925f3fd', 'Section U', '06608b01-c8ef-4033-8dac-0e804d4a2d66', '2025-07-13 15:24:22.035306+00'),
	('d7c9fb8a-25ea-47f5-a47a-ce81418cde44', 'Section V', '06608b01-c8ef-4033-8dac-0e804d4a2d66', '2025-07-13 15:24:22.035306+00'),
	('07bf1a8e-1684-4788-9cbe-7067048d91ff', 'Section W', '06608b01-c8ef-4033-8dac-0e804d4a2d66', '2025-07-13 15:24:22.035306+00'),
	('8cc2e9d9-ca0d-4731-99ec-13d05c2e8b28', 'Section X', '06608b01-c8ef-4033-8dac-0e804d4a2d66', '2025-07-13 15:24:22.035306+00'),
	('13f4dd51-68a9-4627-aa9b-614601097340', 'Section Y', '06608b01-c8ef-4033-8dac-0e804d4a2d66', '2025-07-13 15:24:22.035306+00'),
	('488b12a1-a21b-4b9f-b9b4-261a8d4f5ce0', 'Section Z', '06608b01-c8ef-4033-8dac-0e804d4a2d66', '2025-07-13 15:24:22.035306+00'),
	('589954e2-5fe9-4b33-90c5-6361d3164e4b', 'Section A', '7dfcc638-d895-46f4-990e-41ab37c41f9e', '2025-07-13 15:24:22.035306+00'),
	('29450f54-fb23-4f8a-a106-cb7273940b1f', 'Section B', '7dfcc638-d895-46f4-990e-41ab37c41f9e', '2025-07-13 15:24:22.035306+00'),
	('5351d988-771a-4223-a5af-b6593cb8b2ad', 'Section C', '7dfcc638-d895-46f4-990e-41ab37c41f9e', '2025-07-13 15:24:22.035306+00'),
	('cef9a3b9-bd27-471a-9d24-8863e5371d43', 'Section D', '7dfcc638-d895-46f4-990e-41ab37c41f9e', '2025-07-13 15:24:22.035306+00'),
	('97a8194e-d328-4df8-b3b7-d1bc9881424c', 'Section E', '7dfcc638-d895-46f4-990e-41ab37c41f9e', '2025-07-13 15:24:22.035306+00'),
	('642a9bf2-a423-46f1-a550-c2276742eb26', 'Section F', '7dfcc638-d895-46f4-990e-41ab37c41f9e', '2025-07-13 15:24:22.035306+00'),
	('79ce0967-1dd5-439d-ba99-ee6678d25dfc', 'Section G', '7dfcc638-d895-46f4-990e-41ab37c41f9e', '2025-07-13 15:24:22.035306+00'),
	('3c8bcf23-8808-425b-a69d-1dc902de6a03', 'Section H', '7dfcc638-d895-46f4-990e-41ab37c41f9e', '2025-07-13 15:24:22.035306+00'),
	('cf3e1485-7070-4e05-854c-006d825f30c8', 'Section I', '7dfcc638-d895-46f4-990e-41ab37c41f9e', '2025-07-13 15:24:22.035306+00'),
	('0fb7d657-834e-4201-b9ea-5dccab19d331', 'Section J', '7dfcc638-d895-46f4-990e-41ab37c41f9e', '2025-07-13 15:24:22.035306+00'),
	('f121109f-83d8-4c25-8ff9-8cd229751b4b', 'Section K', '7dfcc638-d895-46f4-990e-41ab37c41f9e', '2025-07-13 15:24:22.035306+00'),
	('b57fa5a3-5675-42ca-a2c9-04e5680f863d', 'Section L', '7dfcc638-d895-46f4-990e-41ab37c41f9e', '2025-07-13 15:24:22.035306+00'),
	('e222b19d-f788-4b97-b9fa-25898dbe11fa', 'Section M', '7dfcc638-d895-46f4-990e-41ab37c41f9e', '2025-07-13 15:24:22.035306+00'),
	('04973351-c398-43d3-a93e-4e13f5373562', 'Section N', '7dfcc638-d895-46f4-990e-41ab37c41f9e', '2025-07-13 15:24:22.035306+00'),
	('5d5f43bb-ae9d-487d-af21-1a9a8d84e09b', 'Section O', '7dfcc638-d895-46f4-990e-41ab37c41f9e', '2025-07-13 15:24:22.035306+00'),
	('6aedd062-a00f-4ae8-be47-a28168d434be', 'Section P', '7dfcc638-d895-46f4-990e-41ab37c41f9e', '2025-07-13 15:24:22.035306+00'),
	('7c41e2eb-af50-4093-b8e1-5df5fa86b0d8', 'Section Q', '7dfcc638-d895-46f4-990e-41ab37c41f9e', '2025-07-13 15:24:22.035306+00'),
	('b8c01545-531f-495e-8123-9b1c7f8c3b18', 'Section R', '7dfcc638-d895-46f4-990e-41ab37c41f9e', '2025-07-13 15:24:22.035306+00'),
	('219ac016-8dd0-44ec-9830-fdbe8f5438ee', 'Section S', '7dfcc638-d895-46f4-990e-41ab37c41f9e', '2025-07-13 15:24:22.035306+00'),
	('d556f0de-d780-4fec-8f2c-94295e092525', 'Section T', '7dfcc638-d895-46f4-990e-41ab37c41f9e', '2025-07-13 15:24:22.035306+00'),
	('9ea26219-307b-4aba-931e-e8d54421bfa4', 'Section U', '7dfcc638-d895-46f4-990e-41ab37c41f9e', '2025-07-13 15:24:22.035306+00'),
	('e60a3177-55dd-4e53-87e6-a39bc1377b56', 'Section V', '7dfcc638-d895-46f4-990e-41ab37c41f9e', '2025-07-13 15:24:22.035306+00'),
	('25c1d9d8-e59c-4c59-abbe-36a688835791', 'Section W', '7dfcc638-d895-46f4-990e-41ab37c41f9e', '2025-07-13 15:24:22.035306+00'),
	('82c60512-b308-4f20-99cc-f314b833d6ef', 'Section X', '7dfcc638-d895-46f4-990e-41ab37c41f9e', '2025-07-13 15:24:22.035306+00'),
	('3c1ff2a6-016a-49dc-aa1d-2f05a845d186', 'Section Y', '7dfcc638-d895-46f4-990e-41ab37c41f9e', '2025-07-13 15:24:22.035306+00'),
	('77a51b30-aa80-47d6-836f-754fdf6661bf', 'Section Z', '7dfcc638-d895-46f4-990e-41ab37c41f9e', '2025-07-13 15:24:22.035306+00'),
	('cc760bbc-f053-49e9-95fe-63ad1012c6e0', 'Section A', '7736801f-9946-4157-b784-674d7b2ad418', '2025-07-13 15:24:22.035306+00'),
	('fb11ddbc-00bf-40b5-97c0-b0cb2e9b0826', 'Section B', '7736801f-9946-4157-b784-674d7b2ad418', '2025-07-13 15:24:22.035306+00'),
	('da8eafa4-f11a-4f7d-9420-320f82056c39', 'Section C', '7736801f-9946-4157-b784-674d7b2ad418', '2025-07-13 15:24:22.035306+00'),
	('0757ac94-6f68-46ff-b46b-ab8eba4a58a3', 'Section D', '7736801f-9946-4157-b784-674d7b2ad418', '2025-07-13 15:24:22.035306+00'),
	('1ec6eae4-97cc-45d6-9db6-c9cef969d096', 'Section E', '7736801f-9946-4157-b784-674d7b2ad418', '2025-07-13 15:24:22.035306+00'),
	('7349499b-028b-4635-bc62-f5ba02fbc460', 'Section F', '7736801f-9946-4157-b784-674d7b2ad418', '2025-07-13 15:24:22.035306+00'),
	('5d327ea2-bd6d-4b2c-bc48-05d021361953', 'Section G', '7736801f-9946-4157-b784-674d7b2ad418', '2025-07-13 15:24:22.035306+00'),
	('76196a70-4669-4288-b78f-30b23ddb03a9', 'Section H', '7736801f-9946-4157-b784-674d7b2ad418', '2025-07-13 15:24:22.035306+00'),
	('34e9860b-befb-421e-832c-49b46da67782', 'Section I', '7736801f-9946-4157-b784-674d7b2ad418', '2025-07-13 15:24:22.035306+00'),
	('3d72d1d9-0bb6-40af-aa7e-6dd12fafaa3a', 'Section J', '7736801f-9946-4157-b784-674d7b2ad418', '2025-07-13 15:24:22.035306+00'),
	('388df6d4-d456-4942-a6bd-27dcebbf6162', 'Section K', '7736801f-9946-4157-b784-674d7b2ad418', '2025-07-13 15:24:22.035306+00'),
	('e57ee474-d657-4e86-8650-5a4333e95a9e', 'Section L', '7736801f-9946-4157-b784-674d7b2ad418', '2025-07-13 15:24:22.035306+00'),
	('67eecebf-732e-42e4-b9c1-b3479e25b9a9', 'Section M', '7736801f-9946-4157-b784-674d7b2ad418', '2025-07-13 15:24:22.035306+00'),
	('eaa93ad5-0154-41c9-94df-782f8440650c', 'Section N', '7736801f-9946-4157-b784-674d7b2ad418', '2025-07-13 15:24:22.035306+00'),
	('984b277a-440e-4fe4-8a77-0d09f5b0a114', 'Section O', '7736801f-9946-4157-b784-674d7b2ad418', '2025-07-13 15:24:22.035306+00'),
	('b37b7e02-d893-4928-976c-e21a6a4e3805', 'Section P', '7736801f-9946-4157-b784-674d7b2ad418', '2025-07-13 15:24:22.035306+00'),
	('319d0fa3-d4ef-441d-878f-1e4383039ebb', 'Section Q', '7736801f-9946-4157-b784-674d7b2ad418', '2025-07-13 15:24:22.035306+00'),
	('1df58888-fbc7-4d09-b94f-1eb7af048200', 'Section R', '7736801f-9946-4157-b784-674d7b2ad418', '2025-07-13 15:24:22.035306+00'),
	('f9c7599c-0c7f-41e3-aeea-ec59dbab9aca', 'Section S', '7736801f-9946-4157-b784-674d7b2ad418', '2025-07-13 15:24:22.035306+00'),
	('5b3e3137-cfd5-456c-beb4-02f15b91907a', 'Section T', '7736801f-9946-4157-b784-674d7b2ad418', '2025-07-13 15:24:22.035306+00'),
	('6b381699-ac33-4144-985c-129a10f48d6e', 'Section U', '7736801f-9946-4157-b784-674d7b2ad418', '2025-07-13 15:24:22.035306+00'),
	('d61e7c35-27dc-43f7-9d80-a61c897567bf', 'Section V', '7736801f-9946-4157-b784-674d7b2ad418', '2025-07-13 15:24:22.035306+00'),
	('b7dcacb9-8da1-45a4-9913-9fb3ea7f42bb', 'Section W', '7736801f-9946-4157-b784-674d7b2ad418', '2025-07-13 15:24:22.035306+00'),
	('495cd07e-4953-4f52-8111-6a42b4a4f656', 'Section X', '7736801f-9946-4157-b784-674d7b2ad418', '2025-07-13 15:24:22.035306+00'),
	('84b5fac1-80c4-4b07-91c7-e6b39564049d', 'Section Y', '7736801f-9946-4157-b784-674d7b2ad418', '2025-07-13 15:24:22.035306+00'),
	('2167c333-fe27-4a2d-80ef-7138439ff2a8', 'Section Z', '7736801f-9946-4157-b784-674d7b2ad418', '2025-07-13 15:24:22.035306+00'),
	('d0075363-6667-4f14-a5f9-cb756d26bd96', 'Section A', 'dec63294-1b13-4f59-af91-3cdf604b00c7', '2025-07-13 15:24:22.035306+00'),
	('a1f21582-03df-44e9-84fa-78184eda0584', 'Section B', 'dec63294-1b13-4f59-af91-3cdf604b00c7', '2025-07-13 15:24:22.035306+00'),
	('2a3775c9-7d78-4db0-82b1-a1a83208ddc5', 'Section C', 'dec63294-1b13-4f59-af91-3cdf604b00c7', '2025-07-13 15:24:22.035306+00'),
	('723f38d9-66aa-4f5f-b36d-4041d24b3485', 'Section D', 'dec63294-1b13-4f59-af91-3cdf604b00c7', '2025-07-13 15:24:22.035306+00'),
	('fa4d1e9d-f5cd-40fa-8c82-43dddbdd08c5', 'Section E', 'dec63294-1b13-4f59-af91-3cdf604b00c7', '2025-07-13 15:24:22.035306+00'),
	('915148c0-40f8-4998-9414-1a600b98b561', 'Section F', 'dec63294-1b13-4f59-af91-3cdf604b00c7', '2025-07-13 15:24:22.035306+00'),
	('7700ecb7-f68c-4d01-a24a-c94530d495d1', 'Section G', 'dec63294-1b13-4f59-af91-3cdf604b00c7', '2025-07-13 15:24:22.035306+00'),
	('a7cf9e3d-a545-4584-8120-98e5ea764341', 'Section H', 'dec63294-1b13-4f59-af91-3cdf604b00c7', '2025-07-13 15:24:22.035306+00'),
	('a19a1c0b-502c-4554-a9af-329baf744ace', 'Section I', 'dec63294-1b13-4f59-af91-3cdf604b00c7', '2025-07-13 15:24:22.035306+00'),
	('67616dd8-0de4-470e-8ae0-bf00d3049639', 'Section J', 'dec63294-1b13-4f59-af91-3cdf604b00c7', '2025-07-13 15:24:22.035306+00'),
	('9a106ec8-7c0c-40e8-acfd-c21dd262fc8b', 'Section K', 'dec63294-1b13-4f59-af91-3cdf604b00c7', '2025-07-13 15:24:22.035306+00'),
	('e439bb91-5aa3-4065-9320-6f559cf7bef0', 'Section L', 'dec63294-1b13-4f59-af91-3cdf604b00c7', '2025-07-13 15:24:22.035306+00'),
	('70be7878-5779-44bc-a7e3-4e05aea7790a', 'Section M', 'dec63294-1b13-4f59-af91-3cdf604b00c7', '2025-07-13 15:24:22.035306+00'),
	('059cb21a-b551-4833-9276-fe4fcf01beac', 'Section N', 'dec63294-1b13-4f59-af91-3cdf604b00c7', '2025-07-13 15:24:22.035306+00'),
	('130fb1b7-f20e-463d-a758-ff06a0cad84f', 'Section O', 'dec63294-1b13-4f59-af91-3cdf604b00c7', '2025-07-13 15:24:22.035306+00'),
	('7900ec0e-aecc-4e59-adc0-4ad7c5a803ad', 'Section P', 'dec63294-1b13-4f59-af91-3cdf604b00c7', '2025-07-13 15:24:22.035306+00'),
	('0bca46bd-69e0-472e-b7a9-9e5444516aa8', 'Section Q', 'dec63294-1b13-4f59-af91-3cdf604b00c7', '2025-07-13 15:24:22.035306+00'),
	('20a5381c-f708-4408-aed4-aed5316f2941', 'Section R', 'dec63294-1b13-4f59-af91-3cdf604b00c7', '2025-07-13 15:24:22.035306+00'),
	('f5444c34-5f85-431e-a0bb-2a84fef15d55', 'Section S', 'dec63294-1b13-4f59-af91-3cdf604b00c7', '2025-07-13 15:24:22.035306+00'),
	('33ba241c-fc8d-4830-8bc7-03b0e200f9b1', 'Section T', 'dec63294-1b13-4f59-af91-3cdf604b00c7', '2025-07-13 15:24:22.035306+00'),
	('db909612-6a31-4472-ad70-a8d28f1b1409', 'Section U', 'dec63294-1b13-4f59-af91-3cdf604b00c7', '2025-07-13 15:24:22.035306+00'),
	('f5b31a5b-c7e0-4bf6-8484-df875c50cc6c', 'Section V', 'dec63294-1b13-4f59-af91-3cdf604b00c7', '2025-07-13 15:24:22.035306+00'),
	('1dab37a0-eb9a-4462-9897-0e5e303d8246', 'Section W', 'dec63294-1b13-4f59-af91-3cdf604b00c7', '2025-07-13 15:24:22.035306+00'),
	('61eb2f44-6a6c-4a0a-8d10-81710d2d9734', 'Section X', 'dec63294-1b13-4f59-af91-3cdf604b00c7', '2025-07-13 15:24:22.035306+00'),
	('abc8d28f-12d5-4658-83f4-9d36daaa5941', 'Section Y', 'dec63294-1b13-4f59-af91-3cdf604b00c7', '2025-07-13 15:24:22.035306+00'),
	('5c8f536f-17de-4b01-b40c-d916e9da89ea', 'Section Z', 'dec63294-1b13-4f59-af91-3cdf604b00c7', '2025-07-13 15:24:22.035306+00'),
	('bbafdeb5-f0d7-413c-bee3-d74f0a59827a', 'Section A', 'ef2f3f91-358f-4b39-a3c7-55681da6cc73', '2025-07-13 15:24:22.035306+00'),
	('9121c054-2a47-4f31-ad1e-a4ff3272e580', 'Section B', 'ef2f3f91-358f-4b39-a3c7-55681da6cc73', '2025-07-13 15:24:22.035306+00'),
	('70f863d5-ec84-41e6-857a-b9ab206cbb85', 'Section C', 'ef2f3f91-358f-4b39-a3c7-55681da6cc73', '2025-07-13 15:24:22.035306+00'),
	('563d1e8c-92ad-46cc-8fb4-d444c8a8ff8a', 'Section D', 'ef2f3f91-358f-4b39-a3c7-55681da6cc73', '2025-07-13 15:24:22.035306+00'),
	('35add4c7-cd53-495e-8f15-c8c07e04703d', 'Section E', 'ef2f3f91-358f-4b39-a3c7-55681da6cc73', '2025-07-13 15:24:22.035306+00'),
	('451836c9-e463-453e-9a91-477d6b1392fa', 'Section F', 'ef2f3f91-358f-4b39-a3c7-55681da6cc73', '2025-07-13 15:24:22.035306+00'),
	('bfc11745-0936-4c0f-8506-f7130c3be0d5', 'Section G', 'ef2f3f91-358f-4b39-a3c7-55681da6cc73', '2025-07-13 15:24:22.035306+00'),
	('f06d59cf-3bb4-48eb-9a96-bdc8d09bbf5f', 'Section H', 'ef2f3f91-358f-4b39-a3c7-55681da6cc73', '2025-07-13 15:24:22.035306+00'),
	('4f8fb0ab-5d30-43fd-b7af-dfdd1f6cb37d', 'Section I', 'ef2f3f91-358f-4b39-a3c7-55681da6cc73', '2025-07-13 15:24:22.035306+00'),
	('9f003ff2-303c-4352-ac40-87d5e1cc3580', 'Section J', 'ef2f3f91-358f-4b39-a3c7-55681da6cc73', '2025-07-13 15:24:22.035306+00'),
	('d1ccd5b4-250f-4b78-a571-0831ea82cfa6', 'Section K', 'ef2f3f91-358f-4b39-a3c7-55681da6cc73', '2025-07-13 15:24:22.035306+00'),
	('9c96abe3-466b-4f8a-ba73-0a13511f6bd0', 'Section L', 'ef2f3f91-358f-4b39-a3c7-55681da6cc73', '2025-07-13 15:24:22.035306+00'),
	('daa35d80-20e3-41ed-845a-55ec349daf3e', 'Section M', 'ef2f3f91-358f-4b39-a3c7-55681da6cc73', '2025-07-13 15:24:22.035306+00'),
	('27905223-fd03-4e56-be5d-61cf46d79bf9', 'Section N', 'ef2f3f91-358f-4b39-a3c7-55681da6cc73', '2025-07-13 15:24:22.035306+00'),
	('0266992b-71a6-47f9-aec1-fd8670188f90', 'Section O', 'ef2f3f91-358f-4b39-a3c7-55681da6cc73', '2025-07-13 15:24:22.035306+00'),
	('7df4a587-3232-447a-b26b-cc8b3dda57dd', 'Section P', 'ef2f3f91-358f-4b39-a3c7-55681da6cc73', '2025-07-13 15:24:22.035306+00'),
	('dd195b50-300b-4e0e-9dd8-dbd1c1e7d2a0', 'Section Q', 'ef2f3f91-358f-4b39-a3c7-55681da6cc73', '2025-07-13 15:24:22.035306+00'),
	('9d789197-0737-406b-9f52-fef259283613', 'Section R', 'ef2f3f91-358f-4b39-a3c7-55681da6cc73', '2025-07-13 15:24:22.035306+00'),
	('7b00c7f3-1436-4fd5-a712-bc02e104c8aa', 'Section S', 'ef2f3f91-358f-4b39-a3c7-55681da6cc73', '2025-07-13 15:24:22.035306+00'),
	('866fbcdb-6421-4f91-8452-6aaaa157a6a3', 'Section T', 'ef2f3f91-358f-4b39-a3c7-55681da6cc73', '2025-07-13 15:24:22.035306+00'),
	('9307db55-3c53-4019-8458-e47104d48bb7', 'Section U', 'ef2f3f91-358f-4b39-a3c7-55681da6cc73', '2025-07-13 15:24:22.035306+00'),
	('071bae8b-b80a-433f-b38c-298e35658622', 'Section V', 'ef2f3f91-358f-4b39-a3c7-55681da6cc73', '2025-07-13 15:24:22.035306+00'),
	('7f97822c-61da-4757-b37f-f00c09260ae5', 'Section W', 'ef2f3f91-358f-4b39-a3c7-55681da6cc73', '2025-07-13 15:24:22.035306+00'),
	('ad127265-f990-4123-bf3a-631f84510400', 'Section X', 'ef2f3f91-358f-4b39-a3c7-55681da6cc73', '2025-07-13 15:24:22.035306+00'),
	('932048f7-4ea0-4400-ba4f-54d890040421', 'Section Y', 'ef2f3f91-358f-4b39-a3c7-55681da6cc73', '2025-07-13 15:24:22.035306+00'),
	('e1707950-8f1e-4b87-9032-70cd988479ca', 'Section Z', 'ef2f3f91-358f-4b39-a3c7-55681da6cc73', '2025-07-13 15:24:22.035306+00'),
	('ed509445-7bd4-4e71-8b21-83b1088ce6fe', 'Section A', 'e13d9839-227f-4c8e-b834-2b933689c592', '2025-07-13 15:24:22.035306+00'),
	('b48b8b07-c4cb-4890-a560-95cedf26fe10', 'Section B', 'e13d9839-227f-4c8e-b834-2b933689c592', '2025-07-13 15:24:22.035306+00'),
	('3f1eaf30-126a-4aa5-9091-7f405b26696d', 'Section C', 'e13d9839-227f-4c8e-b834-2b933689c592', '2025-07-13 15:24:22.035306+00'),
	('83d30bf5-92be-438e-bad0-a3b60448b5d1', 'Section D', 'e13d9839-227f-4c8e-b834-2b933689c592', '2025-07-13 15:24:22.035306+00'),
	('c3fe5e69-e587-472c-a496-d053ec0112b6', 'Section E', 'e13d9839-227f-4c8e-b834-2b933689c592', '2025-07-13 15:24:22.035306+00'),
	('2a36b031-665a-4c4d-86bb-a7d1132b442d', 'Section F', 'e13d9839-227f-4c8e-b834-2b933689c592', '2025-07-13 15:24:22.035306+00'),
	('7f1c4a08-cea0-49ef-9f29-399e3fe95b8c', 'Section G', 'e13d9839-227f-4c8e-b834-2b933689c592', '2025-07-13 15:24:22.035306+00'),
	('478bc367-5c07-4124-8b5a-bef67f461edd', 'Section H', 'e13d9839-227f-4c8e-b834-2b933689c592', '2025-07-13 15:24:22.035306+00'),
	('733f0707-ac84-43b1-bdb6-345ab636a07d', 'Section I', 'e13d9839-227f-4c8e-b834-2b933689c592', '2025-07-13 15:24:22.035306+00'),
	('ed6224be-18a1-447c-a5b6-a1976b034e57', 'Section J', 'e13d9839-227f-4c8e-b834-2b933689c592', '2025-07-13 15:24:22.035306+00'),
	('2d5b19e9-2147-45a4-ace0-aaccec4da38a', 'Section K', 'e13d9839-227f-4c8e-b834-2b933689c592', '2025-07-13 15:24:22.035306+00'),
	('0d1313b2-56e9-43e2-a71a-bb94c790d6ef', 'Section L', 'e13d9839-227f-4c8e-b834-2b933689c592', '2025-07-13 15:24:22.035306+00'),
	('8da6ac75-f345-4b95-bc0b-a5aa51d98fb7', 'Section M', 'e13d9839-227f-4c8e-b834-2b933689c592', '2025-07-13 15:24:22.035306+00'),
	('dea2f452-5b06-40e8-ab98-27002c1af18a', 'Section N', 'e13d9839-227f-4c8e-b834-2b933689c592', '2025-07-13 15:24:22.035306+00'),
	('ad80b5b4-e28f-432a-afb0-7f8ed7de61f6', 'Section O', 'e13d9839-227f-4c8e-b834-2b933689c592', '2025-07-13 15:24:22.035306+00'),
	('bea99945-a0d2-49fe-847f-82ab268aa389', 'Section P', 'e13d9839-227f-4c8e-b834-2b933689c592', '2025-07-13 15:24:22.035306+00'),
	('02c8b4fd-0b9c-44b3-be1f-0c6ad494fbdc', 'Section Q', 'e13d9839-227f-4c8e-b834-2b933689c592', '2025-07-13 15:24:22.035306+00'),
	('2080eb86-1f77-45d4-a81c-491d81c6e58a', 'Section R', 'e13d9839-227f-4c8e-b834-2b933689c592', '2025-07-13 15:24:22.035306+00'),
	('a8e51283-46c0-4e09-862e-30aaddd842ad', 'Section S', 'e13d9839-227f-4c8e-b834-2b933689c592', '2025-07-13 15:24:22.035306+00'),
	('9d6e9474-c60e-4474-b902-535eb59ed5d1', 'Section T', 'e13d9839-227f-4c8e-b834-2b933689c592', '2025-07-13 15:24:22.035306+00'),
	('5cad4209-9c3d-4902-a1c9-354cfe6425fb', 'Section U', 'e13d9839-227f-4c8e-b834-2b933689c592', '2025-07-13 15:24:22.035306+00'),
	('06786960-ce1c-44bc-bac6-851977587a09', 'Section V', 'e13d9839-227f-4c8e-b834-2b933689c592', '2025-07-13 15:24:22.035306+00'),
	('ff322a95-aa1c-466a-8267-673f65e6ca06', 'Section W', 'e13d9839-227f-4c8e-b834-2b933689c592', '2025-07-13 15:24:22.035306+00'),
	('f83a3e4b-24bd-4882-a1a0-e0cdf20891b6', 'Section X', 'e13d9839-227f-4c8e-b834-2b933689c592', '2025-07-13 15:24:22.035306+00'),
	('2470e6b8-4834-42d8-bf8c-7990454b728a', 'Section Y', 'e13d9839-227f-4c8e-b834-2b933689c592', '2025-07-13 15:24:22.035306+00'),
	('d5832454-4611-4978-8ec5-fe060a841a83', 'Section Z', 'e13d9839-227f-4c8e-b834-2b933689c592', '2025-07-13 15:24:22.035306+00'),
	('3f901a98-aef2-4632-b3a6-d43f9cc2bb3f', 'Section A', 'd752b6a2-5ce7-4021-937b-bab956ce5932', '2025-07-13 15:24:22.035306+00'),
	('c4907b98-87f8-454e-840b-01ede6ad5b9e', 'Section B', 'd752b6a2-5ce7-4021-937b-bab956ce5932', '2025-07-13 15:24:22.035306+00'),
	('83394191-a481-419d-a3ce-22aff32bb536', 'Section C', 'd752b6a2-5ce7-4021-937b-bab956ce5932', '2025-07-13 15:24:22.035306+00'),
	('8aafab0e-1c66-4523-93b7-9a8ca38e51d7', 'Section D', 'd752b6a2-5ce7-4021-937b-bab956ce5932', '2025-07-13 15:24:22.035306+00'),
	('1b8ab0c0-ff44-4753-9290-fe786422f5e5', 'Section E', 'd752b6a2-5ce7-4021-937b-bab956ce5932', '2025-07-13 15:24:22.035306+00'),
	('36d5a647-5c8c-4212-9e62-46f3101cefbe', 'Section F', 'd752b6a2-5ce7-4021-937b-bab956ce5932', '2025-07-13 15:24:22.035306+00'),
	('20049086-b2b9-47d4-a217-525f8f7e95e1', 'Section G', 'd752b6a2-5ce7-4021-937b-bab956ce5932', '2025-07-13 15:24:22.035306+00'),
	('ad64301b-e6a3-4883-b358-b083f8230625', 'Section H', 'd752b6a2-5ce7-4021-937b-bab956ce5932', '2025-07-13 15:24:22.035306+00'),
	('d6e9e98f-618c-4075-bd6d-3c4d1723e804', 'Section I', 'd752b6a2-5ce7-4021-937b-bab956ce5932', '2025-07-13 15:24:22.035306+00'),
	('a6fe3763-1520-4c04-aea4-6cae734e01e7', 'Section J', 'd752b6a2-5ce7-4021-937b-bab956ce5932', '2025-07-13 15:24:22.035306+00'),
	('12f7c0e3-31be-4f03-a327-4d1061d0c321', 'Section K', 'd752b6a2-5ce7-4021-937b-bab956ce5932', '2025-07-13 15:24:22.035306+00'),
	('42455c52-75e5-4550-9178-0a978395c1e8', 'Section L', 'd752b6a2-5ce7-4021-937b-bab956ce5932', '2025-07-13 15:24:22.035306+00'),
	('2464e435-d2a7-4ce7-8d96-3942624f5cb8', 'Section M', 'd752b6a2-5ce7-4021-937b-bab956ce5932', '2025-07-13 15:24:22.035306+00'),
	('c489da94-f97d-4802-8110-284d0957898e', 'Section N', 'd752b6a2-5ce7-4021-937b-bab956ce5932', '2025-07-13 15:24:22.035306+00'),
	('0ca91424-d183-45f6-b8b5-f93236e5091f', 'Section O', 'd752b6a2-5ce7-4021-937b-bab956ce5932', '2025-07-13 15:24:22.035306+00'),
	('090214bf-c9fc-46b9-90dc-4fe3dd33c240', 'Section P', 'd752b6a2-5ce7-4021-937b-bab956ce5932', '2025-07-13 15:24:22.035306+00'),
	('e841cebd-5ccc-4327-b198-9991b287697b', 'Section Q', 'd752b6a2-5ce7-4021-937b-bab956ce5932', '2025-07-13 15:24:22.035306+00'),
	('31f0eb30-c8d6-4fc2-b544-ce6b52b6e3c9', 'Section R', 'd752b6a2-5ce7-4021-937b-bab956ce5932', '2025-07-13 15:24:22.035306+00'),
	('ea93309e-591d-4edf-9809-6e4dc966a34d', 'Section S', 'd752b6a2-5ce7-4021-937b-bab956ce5932', '2025-07-13 15:24:22.035306+00'),
	('6b0bf0f1-6582-4eac-895c-b7e6637c30d6', 'Section T', 'd752b6a2-5ce7-4021-937b-bab956ce5932', '2025-07-13 15:24:22.035306+00'),
	('17e41081-4708-40dd-bc03-5b3e288bd856', 'Section U', 'd752b6a2-5ce7-4021-937b-bab956ce5932', '2025-07-13 15:24:22.035306+00'),
	('b552033e-60fb-47f8-bd70-c1cc19ca75e4', 'Section V', 'd752b6a2-5ce7-4021-937b-bab956ce5932', '2025-07-13 15:24:22.035306+00'),
	('3b2e64de-ef3f-4f7b-8fb2-c5c855aa0045', 'Section W', 'd752b6a2-5ce7-4021-937b-bab956ce5932', '2025-07-13 15:24:22.035306+00'),
	('1f527f94-1871-4286-bf25-ca0e58a83e8f', 'Section X', 'd752b6a2-5ce7-4021-937b-bab956ce5932', '2025-07-13 15:24:22.035306+00'),
	('94e50557-e697-485c-92ac-2f2267203987', 'Section Y', 'd752b6a2-5ce7-4021-937b-bab956ce5932', '2025-07-13 15:24:22.035306+00'),
	('0d24658c-1062-43ef-ac4b-3355dea9f618', 'Section Z', 'd752b6a2-5ce7-4021-937b-bab956ce5932', '2025-07-13 15:24:22.035306+00'),
	('b03de8b5-3584-4d6d-a8aa-ad90e68ffe1e', 'Section A', 'c22e9ceb-4098-4227-8891-40392deed811', '2025-07-13 15:24:22.035306+00'),
	('fa483b60-ee3e-4b71-9914-96a67af11058', 'Section B', 'c22e9ceb-4098-4227-8891-40392deed811', '2025-07-13 15:24:22.035306+00'),
	('29391042-4042-4069-ba35-e2c7f87af9f1', 'Section C', 'c22e9ceb-4098-4227-8891-40392deed811', '2025-07-13 15:24:22.035306+00'),
	('8352a474-1ff6-4403-bfb3-076d6ead7b16', 'Section D', 'c22e9ceb-4098-4227-8891-40392deed811', '2025-07-13 15:24:22.035306+00'),
	('8720bdfe-6575-4fe1-af72-175242b9157e', 'Section E', 'c22e9ceb-4098-4227-8891-40392deed811', '2025-07-13 15:24:22.035306+00'),
	('d9321f7f-b13d-489d-90b4-7aedbb40db37', 'Section F', 'c22e9ceb-4098-4227-8891-40392deed811', '2025-07-13 15:24:22.035306+00'),
	('d5283b8d-2049-45aa-b3d0-4e2cc62c3df8', 'Section G', 'c22e9ceb-4098-4227-8891-40392deed811', '2025-07-13 15:24:22.035306+00'),
	('d828f940-8f37-4ce6-953a-edf924a627d2', 'Section H', 'c22e9ceb-4098-4227-8891-40392deed811', '2025-07-13 15:24:22.035306+00'),
	('0580e696-bde7-43c0-b801-694095e56a1d', 'Section I', 'c22e9ceb-4098-4227-8891-40392deed811', '2025-07-13 15:24:22.035306+00'),
	('20cd6f5f-0aa7-4d80-a31a-df04e8f98360', 'Section J', 'c22e9ceb-4098-4227-8891-40392deed811', '2025-07-13 15:24:22.035306+00'),
	('1cb983fc-de3d-41ff-86f9-42375f1408c0', 'Section K', 'c22e9ceb-4098-4227-8891-40392deed811', '2025-07-13 15:24:22.035306+00'),
	('d32e91c3-a303-4716-afb8-887470ca7cce', 'Section L', 'c22e9ceb-4098-4227-8891-40392deed811', '2025-07-13 15:24:22.035306+00'),
	('25df59ff-f32a-4905-bdc1-443a2c4b0de3', 'Section M', 'c22e9ceb-4098-4227-8891-40392deed811', '2025-07-13 15:24:22.035306+00'),
	('1c6477d7-0e0a-4aa1-89a6-1fd04521e50d', 'Section N', 'c22e9ceb-4098-4227-8891-40392deed811', '2025-07-13 15:24:22.035306+00'),
	('632f50c3-8308-40dc-a451-eb1725dd97e7', 'Section O', 'c22e9ceb-4098-4227-8891-40392deed811', '2025-07-13 15:24:22.035306+00'),
	('c2765bba-d349-43d3-92d7-46d975ae8fbd', 'Section P', 'c22e9ceb-4098-4227-8891-40392deed811', '2025-07-13 15:24:22.035306+00'),
	('c6ba1d81-0330-468e-99e1-fadbcd8587ab', 'Section Q', 'c22e9ceb-4098-4227-8891-40392deed811', '2025-07-13 15:24:22.035306+00'),
	('8012daf7-8bd5-4e1e-bc40-faaef21db228', 'Section R', 'c22e9ceb-4098-4227-8891-40392deed811', '2025-07-13 15:24:22.035306+00'),
	('8ed20e05-d9d4-4969-b2b6-f77cdd5426cb', 'Section S', 'c22e9ceb-4098-4227-8891-40392deed811', '2025-07-13 15:24:22.035306+00'),
	('32de8a6a-84f9-4e05-ba62-18325c835132', 'Section T', 'c22e9ceb-4098-4227-8891-40392deed811', '2025-07-13 15:24:22.035306+00'),
	('dc2bd8bb-8e21-4719-9ad0-c5c0d2772abd', 'Section U', 'c22e9ceb-4098-4227-8891-40392deed811', '2025-07-13 15:24:22.035306+00'),
	('a70d7962-06a5-4c21-98a7-7b59dee874d6', 'Section V', 'c22e9ceb-4098-4227-8891-40392deed811', '2025-07-13 15:24:22.035306+00'),
	('7e916821-6b8e-4d5d-893c-e1de91d552cf', 'Section W', 'c22e9ceb-4098-4227-8891-40392deed811', '2025-07-13 15:24:22.035306+00'),
	('5f3f0a10-b3a8-42e4-8c14-0e157b0309ba', 'Section X', 'c22e9ceb-4098-4227-8891-40392deed811', '2025-07-13 15:24:22.035306+00'),
	('6f80059f-bf64-4fe2-a982-b69468a6c1c7', 'Section Y', 'c22e9ceb-4098-4227-8891-40392deed811', '2025-07-13 15:24:22.035306+00'),
	('e47a08e4-fd05-4a0a-b839-eb52da1e6e75', 'Section Z', 'c22e9ceb-4098-4227-8891-40392deed811', '2025-07-13 15:24:22.035306+00'),
	('25557c89-f158-4dc9-b0ea-2841d68f728d', 'Section A', 'd29473ff-9baf-40db-b9e4-639110f21bdd', '2025-07-13 15:24:22.035306+00'),
	('18a869f6-3fd6-47da-bf29-64eff4220e06', 'Section B', 'd29473ff-9baf-40db-b9e4-639110f21bdd', '2025-07-13 15:24:22.035306+00'),
	('98d0098b-e14f-46a0-8ea1-786b9ac6d520', 'Section C', 'd29473ff-9baf-40db-b9e4-639110f21bdd', '2025-07-13 15:24:22.035306+00'),
	('3be5e5f8-30ae-4de3-a439-51cd0797e0c3', 'Section D', 'd29473ff-9baf-40db-b9e4-639110f21bdd', '2025-07-13 15:24:22.035306+00'),
	('5869efc7-7a2c-4415-a8bb-15f73de2f53a', 'Section E', 'd29473ff-9baf-40db-b9e4-639110f21bdd', '2025-07-13 15:24:22.035306+00'),
	('fb0b4881-912d-4a6c-826b-1be20a7a6e72', 'Section F', 'd29473ff-9baf-40db-b9e4-639110f21bdd', '2025-07-13 15:24:22.035306+00'),
	('d3dfdf55-16a8-405c-99ac-423f4ed5e997', 'Section G', 'd29473ff-9baf-40db-b9e4-639110f21bdd', '2025-07-13 15:24:22.035306+00'),
	('6f9356e5-6384-4ea1-b9d1-dd750bec6c89', 'Section H', 'd29473ff-9baf-40db-b9e4-639110f21bdd', '2025-07-13 15:24:22.035306+00'),
	('d9133278-0a88-47a4-b3b8-a209593ffbc6', 'Section I', 'd29473ff-9baf-40db-b9e4-639110f21bdd', '2025-07-13 15:24:22.035306+00'),
	('ce48caa3-7d42-4908-8115-b36ee1b8a0ed', 'Section J', 'd29473ff-9baf-40db-b9e4-639110f21bdd', '2025-07-13 15:24:22.035306+00'),
	('eea1f10f-ebf9-4c17-83a4-8749d396203c', 'Section K', 'd29473ff-9baf-40db-b9e4-639110f21bdd', '2025-07-13 15:24:22.035306+00'),
	('85624ff5-0849-41c4-ac80-9a59f109ef02', 'Section L', 'd29473ff-9baf-40db-b9e4-639110f21bdd', '2025-07-13 15:24:22.035306+00'),
	('cbf4174b-fa53-4d56-a5f1-8f707c0897c6', 'Section M', 'd29473ff-9baf-40db-b9e4-639110f21bdd', '2025-07-13 15:24:22.035306+00'),
	('0475de85-aa9f-423d-96ff-263ba222dcff', 'Section N', 'd29473ff-9baf-40db-b9e4-639110f21bdd', '2025-07-13 15:24:22.035306+00'),
	('582c70d1-494a-4c43-885e-e4d09efe0fb8', 'Section O', 'd29473ff-9baf-40db-b9e4-639110f21bdd', '2025-07-13 15:24:22.035306+00'),
	('263c27fa-f150-4198-92cd-638f53d0f10b', 'Section P', 'd29473ff-9baf-40db-b9e4-639110f21bdd', '2025-07-13 15:24:22.035306+00'),
	('a49fb8c3-afde-408b-8972-f58ba92acad5', 'Section Q', 'd29473ff-9baf-40db-b9e4-639110f21bdd', '2025-07-13 15:24:22.035306+00'),
	('73ad80a2-47e4-4a6d-9be1-0b2d8429e47f', 'Section R', 'd29473ff-9baf-40db-b9e4-639110f21bdd', '2025-07-13 15:24:22.035306+00'),
	('3c02ed69-5408-4071-9560-9d5f8ebc956d', 'Section S', 'd29473ff-9baf-40db-b9e4-639110f21bdd', '2025-07-13 15:24:22.035306+00'),
	('97710fa3-644f-4d9f-bff6-ef8160dd59d9', 'Section T', 'd29473ff-9baf-40db-b9e4-639110f21bdd', '2025-07-13 15:24:22.035306+00'),
	('557c200f-d55e-4075-9ea1-e12f1ec32860', 'Section U', 'd29473ff-9baf-40db-b9e4-639110f21bdd', '2025-07-13 15:24:22.035306+00'),
	('7a33e85e-3b78-444c-ac40-fc3fede36fa5', 'Section V', 'd29473ff-9baf-40db-b9e4-639110f21bdd', '2025-07-13 15:24:22.035306+00'),
	('56662f42-5e71-49cf-8d94-c05011aa278b', 'Section W', 'd29473ff-9baf-40db-b9e4-639110f21bdd', '2025-07-13 15:24:22.035306+00'),
	('9fb855ab-34ea-473c-9a89-5194116396b2', 'Section X', 'd29473ff-9baf-40db-b9e4-639110f21bdd', '2025-07-13 15:24:22.035306+00'),
	('7e242150-a07a-4727-b157-74c0f0ad9cd3', 'Section Y', 'd29473ff-9baf-40db-b9e4-639110f21bdd', '2025-07-13 15:24:22.035306+00'),
	('8da99617-f933-4de3-95f0-4045485ef859', 'Section Z', 'd29473ff-9baf-40db-b9e4-639110f21bdd', '2025-07-13 15:24:22.035306+00'),
	('ed72133b-d61c-46ab-a4c6-a8361873fe96', 'Section A', '9c9aa0e7-1c67-4f84-aecb-868c15a260c9', '2025-07-13 15:24:22.035306+00'),
	('49b65adb-5c8e-4d11-9256-4faf519df951', 'Section B', '9c9aa0e7-1c67-4f84-aecb-868c15a260c9', '2025-07-13 15:24:22.035306+00'),
	('2622bc2d-57d1-4068-86a0-674e74c471f5', 'Section C', '9c9aa0e7-1c67-4f84-aecb-868c15a260c9', '2025-07-13 15:24:22.035306+00'),
	('2d9a7a58-0f9c-4015-bcfa-1253f8882034', 'Section D', '9c9aa0e7-1c67-4f84-aecb-868c15a260c9', '2025-07-13 15:24:22.035306+00'),
	('c0a37f8a-6b88-4e7b-91b5-9e546dc1984c', 'Section E', '9c9aa0e7-1c67-4f84-aecb-868c15a260c9', '2025-07-13 15:24:22.035306+00'),
	('64655192-b01e-4072-9d2f-0373b348810b', 'Section F', '9c9aa0e7-1c67-4f84-aecb-868c15a260c9', '2025-07-13 15:24:22.035306+00'),
	('6f359602-6496-4ed4-9e62-a5faa30685fe', 'Section G', '9c9aa0e7-1c67-4f84-aecb-868c15a260c9', '2025-07-13 15:24:22.035306+00'),
	('ae134eb0-596d-47e6-b6e9-72b7b8e71dc7', 'Section H', '9c9aa0e7-1c67-4f84-aecb-868c15a260c9', '2025-07-13 15:24:22.035306+00'),
	('ff12775e-8bac-4550-8416-a0b38d6bcbcf', 'Section I', '9c9aa0e7-1c67-4f84-aecb-868c15a260c9', '2025-07-13 15:24:22.035306+00'),
	('df20eb60-2e49-4d36-8626-aa9dfae4fc41', 'Section J', '9c9aa0e7-1c67-4f84-aecb-868c15a260c9', '2025-07-13 15:24:22.035306+00'),
	('43d71b93-28f3-4279-8c62-c57a21f738fa', 'Section K', '9c9aa0e7-1c67-4f84-aecb-868c15a260c9', '2025-07-13 15:24:22.035306+00'),
	('de80ccc3-cd25-42b2-989b-7ae43f0c7ef7', 'Section L', '9c9aa0e7-1c67-4f84-aecb-868c15a260c9', '2025-07-13 15:24:22.035306+00'),
	('8a342a40-89c5-43cd-8bd8-59f985e48b15', 'Section M', '9c9aa0e7-1c67-4f84-aecb-868c15a260c9', '2025-07-13 15:24:22.035306+00'),
	('e5530dee-6504-414c-8e14-7fcf02fcaa72', 'Section N', '9c9aa0e7-1c67-4f84-aecb-868c15a260c9', '2025-07-13 15:24:22.035306+00'),
	('1ea45a57-b6e4-409a-9e4a-c9568d408bb2', 'Section O', '9c9aa0e7-1c67-4f84-aecb-868c15a260c9', '2025-07-13 15:24:22.035306+00'),
	('39080352-fa71-4e21-866b-c826d594bf5d', 'Section P', '9c9aa0e7-1c67-4f84-aecb-868c15a260c9', '2025-07-13 15:24:22.035306+00'),
	('d7a187d9-942f-440f-a1b2-cdcd59aa544c', 'Section Q', '9c9aa0e7-1c67-4f84-aecb-868c15a260c9', '2025-07-13 15:24:22.035306+00'),
	('c04df424-2534-41fa-a360-193024376c32', 'Section R', '9c9aa0e7-1c67-4f84-aecb-868c15a260c9', '2025-07-13 15:24:22.035306+00'),
	('9adba23d-0b2f-48db-8d75-627c3845d3ea', 'Section S', '9c9aa0e7-1c67-4f84-aecb-868c15a260c9', '2025-07-13 15:24:22.035306+00'),
	('34378e90-dc5b-40db-8759-2f4e84f11b1e', 'Section T', '9c9aa0e7-1c67-4f84-aecb-868c15a260c9', '2025-07-13 15:24:22.035306+00'),
	('21e877a8-c7f1-4b32-a7d5-151e81308bfe', 'Section U', '9c9aa0e7-1c67-4f84-aecb-868c15a260c9', '2025-07-13 15:24:22.035306+00'),
	('6dddb18f-08f4-48e4-85d9-1f5736713a67', 'Section V', '9c9aa0e7-1c67-4f84-aecb-868c15a260c9', '2025-07-13 15:24:22.035306+00'),
	('23156763-aba5-459e-b8ed-5d56d23fa5f3', 'Section W', '9c9aa0e7-1c67-4f84-aecb-868c15a260c9', '2025-07-13 15:24:22.035306+00'),
	('1efb73af-c923-421a-990c-a517a38aef07', 'Section X', '9c9aa0e7-1c67-4f84-aecb-868c15a260c9', '2025-07-13 15:24:22.035306+00'),
	('f2813d2c-85e9-42a8-b9ee-d26d5c9eab6d', 'Section Y', '9c9aa0e7-1c67-4f84-aecb-868c15a260c9', '2025-07-13 15:24:22.035306+00'),
	('46a2d061-975f-4f2f-a2e2-accaa61c77c0', 'Section Z', '9c9aa0e7-1c67-4f84-aecb-868c15a260c9', '2025-07-13 15:24:22.035306+00'),
	('592ba109-b99e-4ccf-908c-27ab841c03db', 'Section A', '7d02e001-87b1-4198-95d7-d3d94b047d47', '2025-07-13 15:24:22.035306+00'),
	('65d413e8-2bea-451e-af4c-c5585d6429be', 'Section B', '7d02e001-87b1-4198-95d7-d3d94b047d47', '2025-07-13 15:24:22.035306+00'),
	('60a4379c-795d-4a4b-b571-7e940f2f9945', 'Section C', '7d02e001-87b1-4198-95d7-d3d94b047d47', '2025-07-13 15:24:22.035306+00'),
	('bee3b9e5-4caf-4650-b61f-7c9ffbec7e30', 'Section D', '7d02e001-87b1-4198-95d7-d3d94b047d47', '2025-07-13 15:24:22.035306+00'),
	('618e0aef-09df-4039-a89e-42af675550e1', 'Section E', '7d02e001-87b1-4198-95d7-d3d94b047d47', '2025-07-13 15:24:22.035306+00'),
	('f3170e10-cf71-4501-8e9c-d49643d836df', 'Section F', '7d02e001-87b1-4198-95d7-d3d94b047d47', '2025-07-13 15:24:22.035306+00'),
	('618348fb-d1ab-422d-af28-827f88d86369', 'Section G', '7d02e001-87b1-4198-95d7-d3d94b047d47', '2025-07-13 15:24:22.035306+00'),
	('ac35d1bf-fb32-49a1-9ad2-cc2ac9f4f040', 'Section H', '7d02e001-87b1-4198-95d7-d3d94b047d47', '2025-07-13 15:24:22.035306+00'),
	('46069e6f-ad80-4a94-abf7-d57fc890cbde', 'Section I', '7d02e001-87b1-4198-95d7-d3d94b047d47', '2025-07-13 15:24:22.035306+00'),
	('a5609f57-7db0-4c81-b054-a52d13623af2', 'Section J', '7d02e001-87b1-4198-95d7-d3d94b047d47', '2025-07-13 15:24:22.035306+00'),
	('1a4769dc-f03b-4f3c-962d-c7a8ca14c768', 'Section K', '7d02e001-87b1-4198-95d7-d3d94b047d47', '2025-07-13 15:24:22.035306+00'),
	('c34db7e3-4c26-4dbc-b02d-fbbb667e7652', 'Section L', '7d02e001-87b1-4198-95d7-d3d94b047d47', '2025-07-13 15:24:22.035306+00'),
	('3fcf386f-eaba-48c6-bbee-d2d57a8a891f', 'Section M', '7d02e001-87b1-4198-95d7-d3d94b047d47', '2025-07-13 15:24:22.035306+00'),
	('2ea613ba-5e7d-4de7-876f-1b81a1ef4cc0', 'Section N', '7d02e001-87b1-4198-95d7-d3d94b047d47', '2025-07-13 15:24:22.035306+00'),
	('697bae12-e7b0-4e4e-91d7-3c69250c84c9', 'Section O', '7d02e001-87b1-4198-95d7-d3d94b047d47', '2025-07-13 15:24:22.035306+00'),
	('09f463f9-de89-4050-978d-0d2e34dc5b57', 'Section P', '7d02e001-87b1-4198-95d7-d3d94b047d47', '2025-07-13 15:24:22.035306+00'),
	('e3595945-1aa2-4a78-a41e-2930d7eda0a7', 'Section Q', '7d02e001-87b1-4198-95d7-d3d94b047d47', '2025-07-13 15:24:22.035306+00'),
	('b75ce81f-8a2f-449b-a2a6-4a398cdef072', 'Section R', '7d02e001-87b1-4198-95d7-d3d94b047d47', '2025-07-13 15:24:22.035306+00'),
	('ebd3f152-2a1c-4c13-ac86-7097d096bf57', 'Section S', '7d02e001-87b1-4198-95d7-d3d94b047d47', '2025-07-13 15:24:22.035306+00'),
	('9fad4d2f-3079-4dac-80b4-68610b0f48fb', 'Section T', '7d02e001-87b1-4198-95d7-d3d94b047d47', '2025-07-13 15:24:22.035306+00'),
	('cc69232f-338b-43e3-94fc-d5b595a86e1d', 'Section U', '7d02e001-87b1-4198-95d7-d3d94b047d47', '2025-07-13 15:24:22.035306+00'),
	('6788d00f-caf9-4372-950d-f97a0ff81f35', 'Section V', '7d02e001-87b1-4198-95d7-d3d94b047d47', '2025-07-13 15:24:22.035306+00'),
	('751dfd93-49a4-4c63-87ef-e20e951cb7b6', 'Section W', '7d02e001-87b1-4198-95d7-d3d94b047d47', '2025-07-13 15:24:22.035306+00'),
	('99088df8-83bf-4265-85bd-a3b9d56bf2a1', 'Section X', '7d02e001-87b1-4198-95d7-d3d94b047d47', '2025-07-13 15:24:22.035306+00'),
	('8b0ae901-08a0-408f-9ba0-423d3111ec86', 'Section Y', '7d02e001-87b1-4198-95d7-d3d94b047d47', '2025-07-13 15:24:22.035306+00'),
	('b49085a5-0bfa-4214-80f7-79ba71b6947b', 'Section Z', '7d02e001-87b1-4198-95d7-d3d94b047d47', '2025-07-13 15:24:22.035306+00'),
	('7b235efb-03ec-4da5-94f1-503e1eab49a5', 'Section A', 'f80a08b0-c60c-4504-a2e0-846ce78d5809', '2025-07-13 15:24:22.035306+00'),
	('c285a09e-14a4-42de-b54a-c1b53fe8ab86', 'Section B', 'f80a08b0-c60c-4504-a2e0-846ce78d5809', '2025-07-13 15:24:22.035306+00'),
	('c50b33c4-752b-4ad4-ada8-f11c3f17cf12', 'Section C', 'f80a08b0-c60c-4504-a2e0-846ce78d5809', '2025-07-13 15:24:22.035306+00'),
	('ffca6cf9-8405-4e35-a5c3-8df85e957ed5', 'Section D', 'f80a08b0-c60c-4504-a2e0-846ce78d5809', '2025-07-13 15:24:22.035306+00'),
	('727a1e11-c417-4a0d-bfb3-343c09010b23', 'Section E', 'f80a08b0-c60c-4504-a2e0-846ce78d5809', '2025-07-13 15:24:22.035306+00'),
	('4d227301-cf89-49c2-be65-65aa377185ec', 'Section F', 'f80a08b0-c60c-4504-a2e0-846ce78d5809', '2025-07-13 15:24:22.035306+00'),
	('dd6802ee-54e0-4dfc-ad74-154d2e46873a', 'Section G', 'f80a08b0-c60c-4504-a2e0-846ce78d5809', '2025-07-13 15:24:22.035306+00'),
	('a672226b-ded5-4651-b80d-720588daf3ea', 'Section H', 'f80a08b0-c60c-4504-a2e0-846ce78d5809', '2025-07-13 15:24:22.035306+00'),
	('32373f02-0978-449f-8963-381f86281761', 'Section I', 'f80a08b0-c60c-4504-a2e0-846ce78d5809', '2025-07-13 15:24:22.035306+00'),
	('f32b24e4-2baa-4c22-ae90-e36e742fbc3c', 'Section J', 'f80a08b0-c60c-4504-a2e0-846ce78d5809', '2025-07-13 15:24:22.035306+00'),
	('58d32f62-803a-4008-a608-aae6024d595b', 'Section K', 'f80a08b0-c60c-4504-a2e0-846ce78d5809', '2025-07-13 15:24:22.035306+00'),
	('2dd8ca4d-cbab-4432-aee5-7715e7bae8ff', 'Section L', 'f80a08b0-c60c-4504-a2e0-846ce78d5809', '2025-07-13 15:24:22.035306+00'),
	('f216c9a5-e170-49de-8839-2a7caebcfd6b', 'Section M', 'f80a08b0-c60c-4504-a2e0-846ce78d5809', '2025-07-13 15:24:22.035306+00'),
	('252ffddd-5270-4b61-a705-be5d912bcd40', 'Section N', 'f80a08b0-c60c-4504-a2e0-846ce78d5809', '2025-07-13 15:24:22.035306+00'),
	('36c1c15a-b776-44fc-b3b6-841ef04bd116', 'Section O', 'f80a08b0-c60c-4504-a2e0-846ce78d5809', '2025-07-13 15:24:22.035306+00'),
	('c37167e9-39c4-4f56-ad31-7a3ab857c176', 'Section P', 'f80a08b0-c60c-4504-a2e0-846ce78d5809', '2025-07-13 15:24:22.035306+00'),
	('4e52f8c3-b5b4-48fa-a95a-9e40a1a1d124', 'Section Q', 'f80a08b0-c60c-4504-a2e0-846ce78d5809', '2025-07-13 15:24:22.035306+00'),
	('b58dd289-8249-4962-898b-79d7bc3dd14e', 'Section R', 'f80a08b0-c60c-4504-a2e0-846ce78d5809', '2025-07-13 15:24:22.035306+00'),
	('e28f0ae6-f799-4f92-9361-554310dcf904', 'Section S', 'f80a08b0-c60c-4504-a2e0-846ce78d5809', '2025-07-13 15:24:22.035306+00'),
	('acb73ead-2bd8-4619-bf4e-5d46705cca77', 'Section T', 'f80a08b0-c60c-4504-a2e0-846ce78d5809', '2025-07-13 15:24:22.035306+00'),
	('0537f9c8-5ff7-4c82-a4f7-41093ea397c5', 'Section U', 'f80a08b0-c60c-4504-a2e0-846ce78d5809', '2025-07-13 15:24:22.035306+00'),
	('094133fc-2463-473a-ba4e-a60257e38935', 'Section V', 'f80a08b0-c60c-4504-a2e0-846ce78d5809', '2025-07-13 15:24:22.035306+00'),
	('034cc1c9-e891-4c0a-984a-f610af4db332', 'Section W', 'f80a08b0-c60c-4504-a2e0-846ce78d5809', '2025-07-13 15:24:22.035306+00'),
	('7fc1c657-ea0d-45b5-82ea-042c1f54ddd5', 'Section X', 'f80a08b0-c60c-4504-a2e0-846ce78d5809', '2025-07-13 15:24:22.035306+00'),
	('d9763394-aea4-4b6b-868c-e81928f206f8', 'Section Y', 'f80a08b0-c60c-4504-a2e0-846ce78d5809', '2025-07-13 15:24:22.035306+00'),
	('ea422ff7-9041-4426-bd5b-dbce20de12dd', 'Section Z', 'f80a08b0-c60c-4504-a2e0-846ce78d5809', '2025-07-13 15:24:22.035306+00'),
	('c96dd06f-75fe-4db1-9821-863bb5f5e983', 'Section A', '6f4322b6-fbc2-4e82-9f04-08379d717746', '2025-07-13 15:24:22.035306+00'),
	('c15c009c-4713-4d49-b956-8e0d711cf031', 'Section B', '6f4322b6-fbc2-4e82-9f04-08379d717746', '2025-07-13 15:24:22.035306+00'),
	('f71c576b-eab2-421c-88a4-cc89bba70696', 'Section C', '6f4322b6-fbc2-4e82-9f04-08379d717746', '2025-07-13 15:24:22.035306+00'),
	('6016d67a-e748-4e01-9894-cf7849d054d6', 'Section D', '6f4322b6-fbc2-4e82-9f04-08379d717746', '2025-07-13 15:24:22.035306+00'),
	('ee1a0139-a6cd-4faa-96d1-f4df28ec410e', 'Section E', '6f4322b6-fbc2-4e82-9f04-08379d717746', '2025-07-13 15:24:22.035306+00'),
	('1e9461d9-fbb2-4867-8d2c-35741c0fe411', 'Section F', '6f4322b6-fbc2-4e82-9f04-08379d717746', '2025-07-13 15:24:22.035306+00'),
	('619cf895-c67e-49ad-a42e-76a3e4039af2', 'Section G', '6f4322b6-fbc2-4e82-9f04-08379d717746', '2025-07-13 15:24:22.035306+00'),
	('b33f1a00-ab38-41cf-95a5-a92dca6530ed', 'Section H', '6f4322b6-fbc2-4e82-9f04-08379d717746', '2025-07-13 15:24:22.035306+00'),
	('f3b9b8d7-c678-4ec8-ad71-a595143b9515', 'Section I', '6f4322b6-fbc2-4e82-9f04-08379d717746', '2025-07-13 15:24:22.035306+00'),
	('5eb1f458-add2-4d18-8bd2-48811969f979', 'Section J', '6f4322b6-fbc2-4e82-9f04-08379d717746', '2025-07-13 15:24:22.035306+00'),
	('2f109127-bd20-421a-bfb1-c0bb51eaa270', 'Section K', '6f4322b6-fbc2-4e82-9f04-08379d717746', '2025-07-13 15:24:22.035306+00'),
	('3a922a5f-d0f8-4fdb-b970-89fed15d157f', 'Section L', '6f4322b6-fbc2-4e82-9f04-08379d717746', '2025-07-13 15:24:22.035306+00'),
	('f15fb829-61c0-46c5-8c01-c163e266a66a', 'Section M', '6f4322b6-fbc2-4e82-9f04-08379d717746', '2025-07-13 15:24:22.035306+00'),
	('68a306f4-ff4e-4885-8f9e-38961fdf460c', 'Section N', '6f4322b6-fbc2-4e82-9f04-08379d717746', '2025-07-13 15:24:22.035306+00'),
	('324352b1-2941-4bc0-80be-d260d292d631', 'Section O', '6f4322b6-fbc2-4e82-9f04-08379d717746', '2025-07-13 15:24:22.035306+00'),
	('2db40c73-ae41-463e-b5e5-a81ce217cb17', 'Section P', '6f4322b6-fbc2-4e82-9f04-08379d717746', '2025-07-13 15:24:22.035306+00'),
	('d0617b35-f930-4a3c-9fa4-3e4d1ee46d25', 'Section Q', '6f4322b6-fbc2-4e82-9f04-08379d717746', '2025-07-13 15:24:22.035306+00'),
	('900471da-fb8a-4800-9898-f0ee75879977', 'Section R', '6f4322b6-fbc2-4e82-9f04-08379d717746', '2025-07-13 15:24:22.035306+00'),
	('be82e89d-5d93-424b-9459-f4d7ad3f54cd', 'Section S', '6f4322b6-fbc2-4e82-9f04-08379d717746', '2025-07-13 15:24:22.035306+00'),
	('17973427-ead3-4db9-857e-a7175761a3e9', 'Section T', '6f4322b6-fbc2-4e82-9f04-08379d717746', '2025-07-13 15:24:22.035306+00'),
	('944bf286-0c1f-47fc-9c4e-40650ba5f266', 'Section U', '6f4322b6-fbc2-4e82-9f04-08379d717746', '2025-07-13 15:24:22.035306+00'),
	('c28b9a7a-c63a-403f-b4ae-8638b6b726b1', 'Section V', '6f4322b6-fbc2-4e82-9f04-08379d717746', '2025-07-13 15:24:22.035306+00'),
	('4af2b1d8-4612-4f00-8d82-c789997c9327', 'Section W', '6f4322b6-fbc2-4e82-9f04-08379d717746', '2025-07-13 15:24:22.035306+00'),
	('bc289e8b-285d-4375-aaa3-02fcdbae37cb', 'Section X', '6f4322b6-fbc2-4e82-9f04-08379d717746', '2025-07-13 15:24:22.035306+00'),
	('328be47e-33b0-4ad6-a63d-cc0c57fe35bb', 'Section Y', '6f4322b6-fbc2-4e82-9f04-08379d717746', '2025-07-13 15:24:22.035306+00'),
	('05726239-a57d-4bb5-85ab-c0c4629abea3', 'Section Z', '6f4322b6-fbc2-4e82-9f04-08379d717746', '2025-07-13 15:24:22.035306+00'),
	('4590e376-5af8-4984-b321-b1fce767992a', 'Section A', 'ae5da4bd-4a4f-4f13-97f4-1c3674ce6d56', '2025-07-13 15:24:22.035306+00'),
	('94e52160-505b-4bb0-b0e3-3373abaa65fd', 'Section B', 'ae5da4bd-4a4f-4f13-97f4-1c3674ce6d56', '2025-07-13 15:24:22.035306+00'),
	('41477ac1-48ee-42d8-8d2f-156c9934a545', 'Section C', 'ae5da4bd-4a4f-4f13-97f4-1c3674ce6d56', '2025-07-13 15:24:22.035306+00'),
	('fe027dc1-e382-4aa0-bce6-80e839dc5258', 'Section D', 'ae5da4bd-4a4f-4f13-97f4-1c3674ce6d56', '2025-07-13 15:24:22.035306+00'),
	('6e1d1792-c835-4b2c-a09b-3a7691c30f34', 'Section E', 'ae5da4bd-4a4f-4f13-97f4-1c3674ce6d56', '2025-07-13 15:24:22.035306+00'),
	('c6c186e9-df38-49d2-a01b-93e3ba2b1137', 'Section F', 'ae5da4bd-4a4f-4f13-97f4-1c3674ce6d56', '2025-07-13 15:24:22.035306+00'),
	('4602bb2b-9972-4e05-b161-e344feb1f795', 'Section G', 'ae5da4bd-4a4f-4f13-97f4-1c3674ce6d56', '2025-07-13 15:24:22.035306+00'),
	('91658427-66aa-4b01-8e48-dee102f091c0', 'Section H', 'ae5da4bd-4a4f-4f13-97f4-1c3674ce6d56', '2025-07-13 15:24:22.035306+00'),
	('b42ffe56-16c1-412f-9bbf-db871aa92e11', 'Section I', 'ae5da4bd-4a4f-4f13-97f4-1c3674ce6d56', '2025-07-13 15:24:22.035306+00'),
	('61bcd920-3b6c-4cbd-8a2e-2f817302698d', 'Section J', 'ae5da4bd-4a4f-4f13-97f4-1c3674ce6d56', '2025-07-13 15:24:22.035306+00'),
	('2588d8df-7b85-4bce-9873-ff1e8d58cd1d', 'Section K', 'ae5da4bd-4a4f-4f13-97f4-1c3674ce6d56', '2025-07-13 15:24:22.035306+00'),
	('5a3894b1-c6c0-4a3c-b21f-5ba42f65e88f', 'Section L', 'ae5da4bd-4a4f-4f13-97f4-1c3674ce6d56', '2025-07-13 15:24:22.035306+00'),
	('4e6b0a3f-1b87-48ba-b440-0963dabd0f38', 'Section M', 'ae5da4bd-4a4f-4f13-97f4-1c3674ce6d56', '2025-07-13 15:24:22.035306+00'),
	('2bead9ee-a741-4642-94ba-ae016db226eb', 'Section N', 'ae5da4bd-4a4f-4f13-97f4-1c3674ce6d56', '2025-07-13 15:24:22.035306+00'),
	('7c293348-784a-422f-bfb4-4ab059a31f35', 'Section O', 'ae5da4bd-4a4f-4f13-97f4-1c3674ce6d56', '2025-07-13 15:24:22.035306+00'),
	('c482fa10-cf9d-41b0-9c4e-ca6442fd2edf', 'Section P', 'ae5da4bd-4a4f-4f13-97f4-1c3674ce6d56', '2025-07-13 15:24:22.035306+00'),
	('f752b8a2-b979-42ac-b819-9865e8c0aeb7', 'Section Q', 'ae5da4bd-4a4f-4f13-97f4-1c3674ce6d56', '2025-07-13 15:24:22.035306+00'),
	('81a67046-fec0-45d6-8191-dcf331c62099', 'Section R', 'ae5da4bd-4a4f-4f13-97f4-1c3674ce6d56', '2025-07-13 15:24:22.035306+00'),
	('af190746-cbac-4423-841f-ac3c1fcbc055', 'Section S', 'ae5da4bd-4a4f-4f13-97f4-1c3674ce6d56', '2025-07-13 15:24:22.035306+00'),
	('0de0d986-c86b-4c22-9c0b-c5e8ba22e873', 'Section T', 'ae5da4bd-4a4f-4f13-97f4-1c3674ce6d56', '2025-07-13 15:24:22.035306+00'),
	('20c3dcc7-d14c-4c81-9545-0dfbb78c7c40', 'Section U', 'ae5da4bd-4a4f-4f13-97f4-1c3674ce6d56', '2025-07-13 15:24:22.035306+00'),
	('f2a011c1-d671-436d-bb1b-4ffcd24bc49b', 'Section V', 'ae5da4bd-4a4f-4f13-97f4-1c3674ce6d56', '2025-07-13 15:24:22.035306+00'),
	('2c92cbf0-2edf-40c0-8e06-f814aa3b7e03', 'Section W', 'ae5da4bd-4a4f-4f13-97f4-1c3674ce6d56', '2025-07-13 15:24:22.035306+00'),
	('79c1cb67-ba2a-4a72-a17f-40af41e2cbee', 'Section X', 'ae5da4bd-4a4f-4f13-97f4-1c3674ce6d56', '2025-07-13 15:24:22.035306+00'),
	('d3d74720-aa83-4bec-bb6b-5cfba0f9fc6b', 'Section Y', 'ae5da4bd-4a4f-4f13-97f4-1c3674ce6d56', '2025-07-13 15:24:22.035306+00'),
	('bb385079-25a9-4266-b95f-8ee89f9d96e0', 'Section Z', 'ae5da4bd-4a4f-4f13-97f4-1c3674ce6d56', '2025-07-13 15:24:22.035306+00'),
	('76b14bdc-9f34-4822-888c-8eb477a69cf1', 'Section A', '6be9f112-71ee-4ee8-91fe-7a0502654387', '2025-07-13 15:24:22.035306+00'),
	('fba447b5-8034-4fd4-9d37-e76a21e67dbd', 'Section B', '6be9f112-71ee-4ee8-91fe-7a0502654387', '2025-07-13 15:24:22.035306+00'),
	('5ea6fcda-3a20-4fb6-82cf-ec6a20487bae', 'Section C', '6be9f112-71ee-4ee8-91fe-7a0502654387', '2025-07-13 15:24:22.035306+00'),
	('58863aa6-cd50-4153-93fd-a8da588ab3ac', 'Section D', '6be9f112-71ee-4ee8-91fe-7a0502654387', '2025-07-13 15:24:22.035306+00'),
	('ce5babbf-3eb1-4b2f-88f0-c38e566f0df5', 'Section E', '6be9f112-71ee-4ee8-91fe-7a0502654387', '2025-07-13 15:24:22.035306+00'),
	('076d629e-af42-4d8c-a847-f36f6b6f3c62', 'Section F', '6be9f112-71ee-4ee8-91fe-7a0502654387', '2025-07-13 15:24:22.035306+00'),
	('2392828c-72a6-41a5-83a6-e48a3cd1b093', 'Section G', '6be9f112-71ee-4ee8-91fe-7a0502654387', '2025-07-13 15:24:22.035306+00'),
	('bff1b142-5f78-4dd2-ace7-b9b35f75343a', 'Section H', '6be9f112-71ee-4ee8-91fe-7a0502654387', '2025-07-13 15:24:22.035306+00'),
	('2efba73c-abde-44c6-8e4a-aa1ec0e14747', 'Section I', '6be9f112-71ee-4ee8-91fe-7a0502654387', '2025-07-13 15:24:22.035306+00'),
	('924c6b42-5c4f-4caa-81bc-9d2d81564deb', 'Section J', '6be9f112-71ee-4ee8-91fe-7a0502654387', '2025-07-13 15:24:22.035306+00'),
	('81b90227-4337-4d7c-98b4-320bcea011dc', 'Section K', '6be9f112-71ee-4ee8-91fe-7a0502654387', '2025-07-13 15:24:22.035306+00'),
	('891fc31c-b415-4e7e-a476-bffb9fd0ab8f', 'Section L', '6be9f112-71ee-4ee8-91fe-7a0502654387', '2025-07-13 15:24:22.035306+00'),
	('493ebbfa-5223-4f9c-b6f0-ed92c8a97276', 'Section M', '6be9f112-71ee-4ee8-91fe-7a0502654387', '2025-07-13 15:24:22.035306+00'),
	('9738c922-345c-4863-a267-1459d88574d7', 'Section N', '6be9f112-71ee-4ee8-91fe-7a0502654387', '2025-07-13 15:24:22.035306+00'),
	('be2a5bc4-e49d-4eac-95d1-d9934d0f7f73', 'Section O', '6be9f112-71ee-4ee8-91fe-7a0502654387', '2025-07-13 15:24:22.035306+00'),
	('d5dbc641-8ae9-483d-9cb5-66ea8d917ec1', 'Section P', '6be9f112-71ee-4ee8-91fe-7a0502654387', '2025-07-13 15:24:22.035306+00'),
	('4f18cb57-3e12-472f-97bb-0458fd95305b', 'Section Q', '6be9f112-71ee-4ee8-91fe-7a0502654387', '2025-07-13 15:24:22.035306+00'),
	('bcca4c17-8980-43b6-ac66-e8bb354aecdd', 'Section R', '6be9f112-71ee-4ee8-91fe-7a0502654387', '2025-07-13 15:24:22.035306+00'),
	('ce016d5c-e5d4-48df-88bb-6a5cc05d335a', 'Section S', '6be9f112-71ee-4ee8-91fe-7a0502654387', '2025-07-13 15:24:22.035306+00'),
	('b32c6c50-8e90-411f-b423-351b139407aa', 'Section T', '6be9f112-71ee-4ee8-91fe-7a0502654387', '2025-07-13 15:24:22.035306+00'),
	('0fa61afe-20e1-41ba-aab7-6464b61a3ba9', 'Section U', '6be9f112-71ee-4ee8-91fe-7a0502654387', '2025-07-13 15:24:22.035306+00'),
	('2ff85e42-f1a6-4646-b243-ee2f973c6944', 'Section V', '6be9f112-71ee-4ee8-91fe-7a0502654387', '2025-07-13 15:24:22.035306+00'),
	('27831b11-a7dc-4a9b-a7f0-b325baee67dc', 'Section W', '6be9f112-71ee-4ee8-91fe-7a0502654387', '2025-07-13 15:24:22.035306+00'),
	('3745c427-54ca-403c-a954-8f2c27fba03c', 'Section X', '6be9f112-71ee-4ee8-91fe-7a0502654387', '2025-07-13 15:24:22.035306+00'),
	('7a65e092-aeb9-40da-b0df-19368c4e8bf0', 'Section Y', '6be9f112-71ee-4ee8-91fe-7a0502654387', '2025-07-13 15:24:22.035306+00'),
	('fa032340-424f-4723-a2bc-8f1ca0281b9e', 'Section Z', '6be9f112-71ee-4ee8-91fe-7a0502654387', '2025-07-13 15:24:22.035306+00'),
	('b82e6bd5-d75a-4e9a-b3cf-5c32c252b2ed', 'Section A', 'f2597247-78d4-4abd-909a-a1796ac48ed5', '2025-07-13 15:24:22.035306+00'),
	('e691920a-13ec-4a7f-90f6-a20534ebc7b7', 'Section B', 'f2597247-78d4-4abd-909a-a1796ac48ed5', '2025-07-13 15:24:22.035306+00'),
	('c70ac482-2fbb-44c3-b1bf-682b7bd08181', 'Section C', 'f2597247-78d4-4abd-909a-a1796ac48ed5', '2025-07-13 15:24:22.035306+00'),
	('97ab5cd7-f9c8-4c1b-9005-e1c98ca80740', 'Section D', 'f2597247-78d4-4abd-909a-a1796ac48ed5', '2025-07-13 15:24:22.035306+00'),
	('912d42b5-2074-4409-a914-c4649431e760', 'Section E', 'f2597247-78d4-4abd-909a-a1796ac48ed5', '2025-07-13 15:24:22.035306+00'),
	('55bd750d-8582-4772-822f-5785d9744e47', 'Section F', 'f2597247-78d4-4abd-909a-a1796ac48ed5', '2025-07-13 15:24:22.035306+00'),
	('388ac3ad-17b2-4c27-b5f0-f82ec05398bc', 'Section G', 'f2597247-78d4-4abd-909a-a1796ac48ed5', '2025-07-13 15:24:22.035306+00'),
	('a7a3355e-ca74-4e2e-90b8-6bd86cf18da1', 'Section H', 'f2597247-78d4-4abd-909a-a1796ac48ed5', '2025-07-13 15:24:22.035306+00'),
	('a7183120-cc81-4358-9f6b-a738785f8094', 'Section I', 'f2597247-78d4-4abd-909a-a1796ac48ed5', '2025-07-13 15:24:22.035306+00'),
	('9562919c-1ca9-40e3-b581-4d3e1ff6abae', 'Section J', 'f2597247-78d4-4abd-909a-a1796ac48ed5', '2025-07-13 15:24:22.035306+00'),
	('bb252c74-d5ab-4a4b-af21-d7da26981404', 'Section K', 'f2597247-78d4-4abd-909a-a1796ac48ed5', '2025-07-13 15:24:22.035306+00'),
	('fd0992a9-e707-4762-b2b7-5afb618d7c63', 'Section L', 'f2597247-78d4-4abd-909a-a1796ac48ed5', '2025-07-13 15:24:22.035306+00'),
	('10994733-c2cd-46f7-8808-c2b7b6d4963b', 'Section M', 'f2597247-78d4-4abd-909a-a1796ac48ed5', '2025-07-13 15:24:22.035306+00'),
	('fd731094-7370-4202-bf17-43a21eb3438d', 'Section N', 'f2597247-78d4-4abd-909a-a1796ac48ed5', '2025-07-13 15:24:22.035306+00'),
	('8386fc4b-2cbd-4b69-98ec-828486c5e574', 'Section O', 'f2597247-78d4-4abd-909a-a1796ac48ed5', '2025-07-13 15:24:22.035306+00'),
	('97491e43-52d6-4ecb-b11c-094e1761ae71', 'Section P', 'f2597247-78d4-4abd-909a-a1796ac48ed5', '2025-07-13 15:24:22.035306+00'),
	('59bc9cb1-9a1f-477f-bd9b-3b3b11d2bb78', 'Section Q', 'f2597247-78d4-4abd-909a-a1796ac48ed5', '2025-07-13 15:24:22.035306+00'),
	('86941749-da31-4385-af4e-b00387eaa16b', 'Section R', 'f2597247-78d4-4abd-909a-a1796ac48ed5', '2025-07-13 15:24:22.035306+00'),
	('818d2a03-43b3-4c74-bbca-77399bb0d588', 'Section S', 'f2597247-78d4-4abd-909a-a1796ac48ed5', '2025-07-13 15:24:22.035306+00'),
	('aee0f2ce-d9ac-45a9-9d9b-0b5c2cf6bff5', 'Section T', 'f2597247-78d4-4abd-909a-a1796ac48ed5', '2025-07-13 15:24:22.035306+00'),
	('6db3293f-c555-4cf5-b667-162147709ada', 'Section U', 'f2597247-78d4-4abd-909a-a1796ac48ed5', '2025-07-13 15:24:22.035306+00'),
	('5fc424e3-f159-4d0e-a9bc-3bb2eef890e8', 'Section V', 'f2597247-78d4-4abd-909a-a1796ac48ed5', '2025-07-13 15:24:22.035306+00'),
	('636c0884-6191-4bfc-90a6-ecf86264468e', 'Section W', 'f2597247-78d4-4abd-909a-a1796ac48ed5', '2025-07-13 15:24:22.035306+00'),
	('267466b4-24bf-4eda-9761-7d033ab65440', 'Section X', 'f2597247-78d4-4abd-909a-a1796ac48ed5', '2025-07-13 15:24:22.035306+00'),
	('c64fa942-984f-4792-9807-c1dea7058817', 'Section Y', 'f2597247-78d4-4abd-909a-a1796ac48ed5', '2025-07-13 15:24:22.035306+00'),
	('2e0b5bf2-f9d2-42c7-99ff-39a79598a6ac', 'Section Z', 'f2597247-78d4-4abd-909a-a1796ac48ed5', '2025-07-13 15:24:22.035306+00'),
	('baa9b890-e051-4548-96c6-1df512ea2334', 'Section A', '08ef131b-1b25-4a75-a1bc-2cb4cb3776c0', '2025-07-13 15:24:22.035306+00'),
	('2b2815ea-6a21-4b89-a57e-4adbfb37baec', 'Section B', '08ef131b-1b25-4a75-a1bc-2cb4cb3776c0', '2025-07-13 15:24:22.035306+00'),
	('bf1e9342-2690-481d-81cf-fecaaa23e8bc', 'Section C', '08ef131b-1b25-4a75-a1bc-2cb4cb3776c0', '2025-07-13 15:24:22.035306+00'),
	('127d186b-a3a6-4d6c-9a53-0c7f0320f680', 'Section D', '08ef131b-1b25-4a75-a1bc-2cb4cb3776c0', '2025-07-13 15:24:22.035306+00'),
	('46ef91e4-ba8f-4b24-bc3a-dbb7feedc21c', 'Section E', '08ef131b-1b25-4a75-a1bc-2cb4cb3776c0', '2025-07-13 15:24:22.035306+00'),
	('2939596a-75dd-41aa-8108-63ff2cec3edf', 'Section F', '08ef131b-1b25-4a75-a1bc-2cb4cb3776c0', '2025-07-13 15:24:22.035306+00'),
	('9d75ae3f-6fc4-47f5-a43b-d858ece822ab', 'Section G', '08ef131b-1b25-4a75-a1bc-2cb4cb3776c0', '2025-07-13 15:24:22.035306+00'),
	('e879db76-4e5c-4618-be23-392f3eaba6eb', 'Section H', '08ef131b-1b25-4a75-a1bc-2cb4cb3776c0', '2025-07-13 15:24:22.035306+00'),
	('93959101-8298-4bd8-b1b2-d317e675caae', 'Section I', '08ef131b-1b25-4a75-a1bc-2cb4cb3776c0', '2025-07-13 15:24:22.035306+00'),
	('3f52ca6a-c993-467f-932f-3008bc3738ad', 'Section J', '08ef131b-1b25-4a75-a1bc-2cb4cb3776c0', '2025-07-13 15:24:22.035306+00'),
	('cc832251-d685-4e21-af14-b54709a8e2a3', 'Section K', '08ef131b-1b25-4a75-a1bc-2cb4cb3776c0', '2025-07-13 15:24:22.035306+00'),
	('a5fa9e6e-335c-464b-8984-b2165b895038', 'Section L', '08ef131b-1b25-4a75-a1bc-2cb4cb3776c0', '2025-07-13 15:24:22.035306+00'),
	('80f3f10c-03f9-457d-8ecd-9c4562cdf57a', 'Section M', '08ef131b-1b25-4a75-a1bc-2cb4cb3776c0', '2025-07-13 15:24:22.035306+00'),
	('c0628ffd-d6b2-4df0-a0fa-6ad0ce425be2', 'Section N', '08ef131b-1b25-4a75-a1bc-2cb4cb3776c0', '2025-07-13 15:24:22.035306+00'),
	('cceac09b-f86a-4d16-8ebd-b73d37386847', 'Section O', '08ef131b-1b25-4a75-a1bc-2cb4cb3776c0', '2025-07-13 15:24:22.035306+00'),
	('4af8d08c-ab3c-4576-8504-ca3718616a7d', 'Section P', '08ef131b-1b25-4a75-a1bc-2cb4cb3776c0', '2025-07-13 15:24:22.035306+00'),
	('2c26bf07-7776-4b2f-8c5e-32720003d94b', 'Section Q', '08ef131b-1b25-4a75-a1bc-2cb4cb3776c0', '2025-07-13 15:24:22.035306+00'),
	('ffa75865-129a-46b1-9447-235db3db3c30', 'Section R', '08ef131b-1b25-4a75-a1bc-2cb4cb3776c0', '2025-07-13 15:24:22.035306+00'),
	('7503dc2d-fb40-4f0a-b19a-d4fcf2bd931d', 'Section S', '08ef131b-1b25-4a75-a1bc-2cb4cb3776c0', '2025-07-13 15:24:22.035306+00'),
	('478f4129-2792-4808-80be-53263e237da6', 'Section T', '08ef131b-1b25-4a75-a1bc-2cb4cb3776c0', '2025-07-13 15:24:22.035306+00'),
	('1723f0d4-a63e-42fd-a782-d09f9c5c6d9f', 'Section U', '08ef131b-1b25-4a75-a1bc-2cb4cb3776c0', '2025-07-13 15:24:22.035306+00'),
	('d06ee28e-2540-4ea9-9884-3339b8bdebd3', 'Section V', '08ef131b-1b25-4a75-a1bc-2cb4cb3776c0', '2025-07-13 15:24:22.035306+00'),
	('804116fe-b275-420d-a273-de3ec58b5bf8', 'Section W', '08ef131b-1b25-4a75-a1bc-2cb4cb3776c0', '2025-07-13 15:24:22.035306+00'),
	('896fc2c7-4ec1-4cb1-8373-f9a9c857afa0', 'Section X', '08ef131b-1b25-4a75-a1bc-2cb4cb3776c0', '2025-07-13 15:24:22.035306+00'),
	('e661679e-aa70-4779-8231-7694bdea7f93', 'Section Y', '08ef131b-1b25-4a75-a1bc-2cb4cb3776c0', '2025-07-13 15:24:22.035306+00'),
	('2f48ac36-111a-4451-a2cf-a727cd630ee6', 'Section Z', '08ef131b-1b25-4a75-a1bc-2cb4cb3776c0', '2025-07-13 15:24:22.035306+00'),
	('dad958bc-ebe2-422a-994e-7673b8912e32', 'Section A', '92761290-a77f-4afb-851d-a894c72f7a6e', '2025-07-13 15:24:22.035306+00'),
	('ca5d6284-5c7c-4e7b-881c-3f9f153ef16b', 'Section B', '92761290-a77f-4afb-851d-a894c72f7a6e', '2025-07-13 15:24:22.035306+00'),
	('a84115af-b76e-4faf-abd1-5f2138ef2997', 'Section C', '92761290-a77f-4afb-851d-a894c72f7a6e', '2025-07-13 15:24:22.035306+00'),
	('cbf6fc8d-612a-480e-89f2-a24d0773e61d', 'Section D', '92761290-a77f-4afb-851d-a894c72f7a6e', '2025-07-13 15:24:22.035306+00'),
	('3abae7e5-48ea-40ee-94a9-ddbc4c5fb26c', 'Section E', '92761290-a77f-4afb-851d-a894c72f7a6e', '2025-07-13 15:24:22.035306+00'),
	('5f7a414e-ae46-4ead-939f-69bcf54b00dd', 'Section F', '92761290-a77f-4afb-851d-a894c72f7a6e', '2025-07-13 15:24:22.035306+00'),
	('65c64aa9-07ae-45eb-a43b-ea3afd0f5bb3', 'Section G', '92761290-a77f-4afb-851d-a894c72f7a6e', '2025-07-13 15:24:22.035306+00'),
	('a916a6af-2036-46ac-baf6-141568fbc2a0', 'Section H', '92761290-a77f-4afb-851d-a894c72f7a6e', '2025-07-13 15:24:22.035306+00'),
	('f4d1486b-a887-4439-a2bc-2c1a6c7d8c73', 'Section I', '92761290-a77f-4afb-851d-a894c72f7a6e', '2025-07-13 15:24:22.035306+00'),
	('b8bbe451-39f1-47f4-b7dd-a2fbad9b486b', 'Section J', '92761290-a77f-4afb-851d-a894c72f7a6e', '2025-07-13 15:24:22.035306+00'),
	('d3ba2e15-49a7-48c7-8c12-019d985de801', 'Section K', '92761290-a77f-4afb-851d-a894c72f7a6e', '2025-07-13 15:24:22.035306+00'),
	('c93fcfa3-d6ce-497a-9563-007c59e8a6b4', 'Section L', '92761290-a77f-4afb-851d-a894c72f7a6e', '2025-07-13 15:24:22.035306+00'),
	('f7c7fd1d-6afd-47a5-9e93-ee32286d476a', 'Section M', '92761290-a77f-4afb-851d-a894c72f7a6e', '2025-07-13 15:24:22.035306+00'),
	('d63b4ba4-eaba-4bc9-94f5-b3c2de76c667', 'Section N', '92761290-a77f-4afb-851d-a894c72f7a6e', '2025-07-13 15:24:22.035306+00'),
	('74f1ae84-368d-418d-ae8d-7b37220b529d', 'Section O', '92761290-a77f-4afb-851d-a894c72f7a6e', '2025-07-13 15:24:22.035306+00'),
	('663c0d5c-1712-4116-b0e7-3a3aeb04aeea', 'Section P', '92761290-a77f-4afb-851d-a894c72f7a6e', '2025-07-13 15:24:22.035306+00'),
	('fafaf745-18c6-404b-a467-725af897d5e4', 'Section Q', '92761290-a77f-4afb-851d-a894c72f7a6e', '2025-07-13 15:24:22.035306+00'),
	('a341d7c7-7f8b-4cf6-89ce-afecbc18743c', 'Section R', '92761290-a77f-4afb-851d-a894c72f7a6e', '2025-07-13 15:24:22.035306+00'),
	('a183ab8a-e5eb-48db-9f28-9b7178171b65', 'Section S', '92761290-a77f-4afb-851d-a894c72f7a6e', '2025-07-13 15:24:22.035306+00'),
	('8f59ed8c-f0a8-43d3-8994-aec783c0ab74', 'Section T', '92761290-a77f-4afb-851d-a894c72f7a6e', '2025-07-13 15:24:22.035306+00'),
	('f802b2f3-1dae-42d5-95a9-f6ba926cb442', 'Section U', '92761290-a77f-4afb-851d-a894c72f7a6e', '2025-07-13 15:24:22.035306+00'),
	('daa192da-4718-42a5-8fc4-cbbde4054a26', 'Section V', '92761290-a77f-4afb-851d-a894c72f7a6e', '2025-07-13 15:24:22.035306+00'),
	('8963eeae-109a-40ba-9b39-76e68cddae39', 'Section W', '92761290-a77f-4afb-851d-a894c72f7a6e', '2025-07-13 15:24:22.035306+00'),
	('2a334f45-bde4-413a-b2c0-8a2a3cbbc3eb', 'Section X', '92761290-a77f-4afb-851d-a894c72f7a6e', '2025-07-13 15:24:22.035306+00'),
	('d0764c6d-7738-45f8-9daa-0a3d70cedb0b', 'Section Y', '92761290-a77f-4afb-851d-a894c72f7a6e', '2025-07-13 15:24:22.035306+00'),
	('0b186e9f-da46-458e-81ea-45697f97cb31', 'Section Z', '92761290-a77f-4afb-851d-a894c72f7a6e', '2025-07-13 15:24:22.035306+00'),
	('112befd1-6256-4590-9944-3f4b287d6b29', 'Section A', '93e83783-9ac3-40bf-b3e3-24fd9b5688a5', '2025-07-13 15:24:22.035306+00'),
	('c829f652-222a-4e86-877f-59e2b731a4e1', 'Section B', '93e83783-9ac3-40bf-b3e3-24fd9b5688a5', '2025-07-13 15:24:22.035306+00'),
	('c6a76286-15df-45ca-96f1-3c1f34c3b730', 'Section C', '93e83783-9ac3-40bf-b3e3-24fd9b5688a5', '2025-07-13 15:24:22.035306+00'),
	('667bcc0f-07ed-4325-9e55-3b8b67bb264f', 'Section D', '93e83783-9ac3-40bf-b3e3-24fd9b5688a5', '2025-07-13 15:24:22.035306+00'),
	('54f956d3-ef1a-4191-945f-5d63f8348809', 'Section E', '93e83783-9ac3-40bf-b3e3-24fd9b5688a5', '2025-07-13 15:24:22.035306+00'),
	('354b0cce-3652-42bd-99cb-25bde25fe343', 'Section F', '93e83783-9ac3-40bf-b3e3-24fd9b5688a5', '2025-07-13 15:24:22.035306+00'),
	('ffc70004-0a50-4dd3-b898-02ac45639750', 'Section G', '93e83783-9ac3-40bf-b3e3-24fd9b5688a5', '2025-07-13 15:24:22.035306+00'),
	('b25aea64-1078-42c6-b438-f17b49eebe51', 'Section H', '93e83783-9ac3-40bf-b3e3-24fd9b5688a5', '2025-07-13 15:24:22.035306+00'),
	('06c95e15-7b8a-458a-ac16-feaa5efbe7a5', 'Section I', '93e83783-9ac3-40bf-b3e3-24fd9b5688a5', '2025-07-13 15:24:22.035306+00'),
	('024079ea-021b-4fe9-844d-040251af75b3', 'Section J', '93e83783-9ac3-40bf-b3e3-24fd9b5688a5', '2025-07-13 15:24:22.035306+00'),
	('60202515-ae32-4181-8d7a-00e4efdfc440', 'Section K', '93e83783-9ac3-40bf-b3e3-24fd9b5688a5', '2025-07-13 15:24:22.035306+00'),
	('51ba05e9-160c-4fd3-9ca5-be92b81b7829', 'Section L', '93e83783-9ac3-40bf-b3e3-24fd9b5688a5', '2025-07-13 15:24:22.035306+00'),
	('e0e5b1fd-792b-4211-bc4e-0b9429532d80', 'Section M', '93e83783-9ac3-40bf-b3e3-24fd9b5688a5', '2025-07-13 15:24:22.035306+00'),
	('37eb8a05-a309-4dd8-a4d1-c1df484a1961', 'Section N', '93e83783-9ac3-40bf-b3e3-24fd9b5688a5', '2025-07-13 15:24:22.035306+00'),
	('4e6aeac4-3058-4b92-98ff-7fdee4757b67', 'Section O', '93e83783-9ac3-40bf-b3e3-24fd9b5688a5', '2025-07-13 15:24:22.035306+00'),
	('ecee0ba3-5e92-44a9-a659-35578ed20fd5', 'Section P', '93e83783-9ac3-40bf-b3e3-24fd9b5688a5', '2025-07-13 15:24:22.035306+00'),
	('530b7e87-ba52-4435-9e60-9fc198a20b65', 'Section Q', '93e83783-9ac3-40bf-b3e3-24fd9b5688a5', '2025-07-13 15:24:22.035306+00'),
	('9a323182-8130-4141-bc3e-792a91517314', 'Section R', '93e83783-9ac3-40bf-b3e3-24fd9b5688a5', '2025-07-13 15:24:22.035306+00'),
	('e1fb3818-6ff3-4339-aaa5-dc6159d62e1a', 'Section S', '93e83783-9ac3-40bf-b3e3-24fd9b5688a5', '2025-07-13 15:24:22.035306+00'),
	('3504787b-e56e-40ff-9d54-a57e58ba20fe', 'Section T', '93e83783-9ac3-40bf-b3e3-24fd9b5688a5', '2025-07-13 15:24:22.035306+00'),
	('059a7854-8ab0-4fec-a65b-a48d196fedeb', 'Section U', '93e83783-9ac3-40bf-b3e3-24fd9b5688a5', '2025-07-13 15:24:22.035306+00'),
	('f71470bb-6d5f-4e44-af11-d1ad429b8de9', 'Section V', '93e83783-9ac3-40bf-b3e3-24fd9b5688a5', '2025-07-13 15:24:22.035306+00'),
	('f2edf5de-c376-44bf-ad03-516415e344ca', 'Section W', '93e83783-9ac3-40bf-b3e3-24fd9b5688a5', '2025-07-13 15:24:22.035306+00'),
	('3df8e36c-7fde-4938-a582-d41600c5abda', 'Section X', '93e83783-9ac3-40bf-b3e3-24fd9b5688a5', '2025-07-13 15:24:22.035306+00'),
	('2312bad0-295a-412b-9c3d-60f814254543', 'Section Y', '93e83783-9ac3-40bf-b3e3-24fd9b5688a5', '2025-07-13 15:24:22.035306+00'),
	('6310764a-1ff7-4853-804d-d98c3acaee1a', 'Section Z', '93e83783-9ac3-40bf-b3e3-24fd9b5688a5', '2025-07-13 15:24:22.035306+00'),
	('57b62c2b-2b28-4928-b2a9-192b421a09c7', 'Section A', '3739b4b9-4bcd-41b1-b70f-c91253d0a8ed', '2025-07-13 15:24:22.035306+00'),
	('ce33cce9-aa38-47d8-b905-606c07421d5a', 'Section B', '3739b4b9-4bcd-41b1-b70f-c91253d0a8ed', '2025-07-13 15:24:22.035306+00'),
	('eb277935-1b7b-4342-91d3-965974ff18e6', 'Section C', '3739b4b9-4bcd-41b1-b70f-c91253d0a8ed', '2025-07-13 15:24:22.035306+00'),
	('bc1163cc-6c3a-4ebc-8131-84bdfb9a4f5e', 'Section D', '3739b4b9-4bcd-41b1-b70f-c91253d0a8ed', '2025-07-13 15:24:22.035306+00'),
	('70359988-71e1-4d8e-8706-a2af95603788', 'Section E', '3739b4b9-4bcd-41b1-b70f-c91253d0a8ed', '2025-07-13 15:24:22.035306+00'),
	('d666966c-c317-4107-84b1-03eb9ea2bfce', 'Section F', '3739b4b9-4bcd-41b1-b70f-c91253d0a8ed', '2025-07-13 15:24:22.035306+00'),
	('cc7c63df-1788-4a40-bd28-ae19633e1882', 'Section G', '3739b4b9-4bcd-41b1-b70f-c91253d0a8ed', '2025-07-13 15:24:22.035306+00'),
	('1def1b2e-b49d-4176-b3ad-84d4df7abb18', 'Section H', '3739b4b9-4bcd-41b1-b70f-c91253d0a8ed', '2025-07-13 15:24:22.035306+00'),
	('708955eb-3f8a-4ce4-b052-49db4a1948bf', 'Section I', '3739b4b9-4bcd-41b1-b70f-c91253d0a8ed', '2025-07-13 15:24:22.035306+00'),
	('6456e9e8-a32f-475d-b29c-d85c921292cc', 'Section J', '3739b4b9-4bcd-41b1-b70f-c91253d0a8ed', '2025-07-13 15:24:22.035306+00'),
	('6efa2395-7480-43a9-9b0f-69e8fe1a9ab2', 'Section K', '3739b4b9-4bcd-41b1-b70f-c91253d0a8ed', '2025-07-13 15:24:22.035306+00'),
	('63d41412-0bb3-4c61-829b-f25609715fa4', 'Section L', '3739b4b9-4bcd-41b1-b70f-c91253d0a8ed', '2025-07-13 15:24:22.035306+00'),
	('d52b036c-2f87-4c56-84ec-390a56d4f671', 'Section M', '3739b4b9-4bcd-41b1-b70f-c91253d0a8ed', '2025-07-13 15:24:22.035306+00'),
	('80ce6e2b-2dff-4230-9b75-4c657c7c32aa', 'Section N', '3739b4b9-4bcd-41b1-b70f-c91253d0a8ed', '2025-07-13 15:24:22.035306+00'),
	('c20cfaa3-5b6e-498f-ba4c-3a2ba5062b3f', 'Section O', '3739b4b9-4bcd-41b1-b70f-c91253d0a8ed', '2025-07-13 15:24:22.035306+00'),
	('64bd96e7-09ab-4f74-adbf-8e044e5646a6', 'Section P', '3739b4b9-4bcd-41b1-b70f-c91253d0a8ed', '2025-07-13 15:24:22.035306+00'),
	('d7d623e1-b638-4514-893f-072ddaa507fe', 'Section Q', '3739b4b9-4bcd-41b1-b70f-c91253d0a8ed', '2025-07-13 15:24:22.035306+00'),
	('6412afcf-574b-4c0a-9172-93df3b790cb2', 'Section R', '3739b4b9-4bcd-41b1-b70f-c91253d0a8ed', '2025-07-13 15:24:22.035306+00'),
	('ef7f951a-a7c1-42d8-b0f1-024b4b3cd280', 'Section S', '3739b4b9-4bcd-41b1-b70f-c91253d0a8ed', '2025-07-13 15:24:22.035306+00'),
	('4f582bc1-10e6-44ca-83e7-c65dd5e064db', 'Section T', '3739b4b9-4bcd-41b1-b70f-c91253d0a8ed', '2025-07-13 15:24:22.035306+00'),
	('f5f4f327-451e-4e8b-856e-0e13aad3539a', 'Section U', '3739b4b9-4bcd-41b1-b70f-c91253d0a8ed', '2025-07-13 15:24:22.035306+00'),
	('f5b2b283-b79e-44f1-9aea-4bce454cb0db', 'Section V', '3739b4b9-4bcd-41b1-b70f-c91253d0a8ed', '2025-07-13 15:24:22.035306+00'),
	('49b955dc-f7dd-4ca8-bb00-c88a87e5ea26', 'Section W', '3739b4b9-4bcd-41b1-b70f-c91253d0a8ed', '2025-07-13 15:24:22.035306+00'),
	('647375bc-ac74-494b-b6bb-b8f861b51e46', 'Section X', '3739b4b9-4bcd-41b1-b70f-c91253d0a8ed', '2025-07-13 15:24:22.035306+00'),
	('bb095868-5851-47ce-b885-f6b0e16ad726', 'Section Y', '3739b4b9-4bcd-41b1-b70f-c91253d0a8ed', '2025-07-13 15:24:22.035306+00'),
	('6c8eba76-1858-41ea-aa61-af9bcb7448ff', 'Section Z', '3739b4b9-4bcd-41b1-b70f-c91253d0a8ed', '2025-07-13 15:24:22.035306+00'),
	('b3e61401-bf51-41dd-b7de-22e82b4a5d36', 'Section A', '7ac67fcf-0285-4978-999e-e65fd90092f3', '2025-07-13 15:24:22.035306+00'),
	('426c32db-b4fa-492d-a017-f89a7e42b222', 'Section B', '7ac67fcf-0285-4978-999e-e65fd90092f3', '2025-07-13 15:24:22.035306+00'),
	('0051a9b3-6c29-43da-b9f6-febc186fc4a0', 'Section C', '7ac67fcf-0285-4978-999e-e65fd90092f3', '2025-07-13 15:24:22.035306+00'),
	('b77e6243-6ebc-4b9c-aa19-59e1b2a617f1', 'Section D', '7ac67fcf-0285-4978-999e-e65fd90092f3', '2025-07-13 15:24:22.035306+00'),
	('0189b1bb-6989-4fa7-a427-fda46078a419', 'Section E', '7ac67fcf-0285-4978-999e-e65fd90092f3', '2025-07-13 15:24:22.035306+00'),
	('f866425c-c45c-4cf4-a625-19c6a40dcb03', 'Section F', '7ac67fcf-0285-4978-999e-e65fd90092f3', '2025-07-13 15:24:22.035306+00'),
	('2bdc5383-5c16-4c50-8fee-559e2c6c9480', 'Section G', '7ac67fcf-0285-4978-999e-e65fd90092f3', '2025-07-13 15:24:22.035306+00'),
	('12201777-1d6e-4e30-a518-c33bf7b9d8a2', 'Section H', '7ac67fcf-0285-4978-999e-e65fd90092f3', '2025-07-13 15:24:22.035306+00'),
	('336e8f8c-20ec-4838-aae0-727d34828d0d', 'Section I', '7ac67fcf-0285-4978-999e-e65fd90092f3', '2025-07-13 15:24:22.035306+00'),
	('a49dde4b-2b95-4b74-968e-1ffe36d8168a', 'Section J', '7ac67fcf-0285-4978-999e-e65fd90092f3', '2025-07-13 15:24:22.035306+00'),
	('fb78a37b-5e04-4ce8-8122-5521b96608c2', 'Section K', '7ac67fcf-0285-4978-999e-e65fd90092f3', '2025-07-13 15:24:22.035306+00'),
	('760d79d2-1947-4be7-b1bb-65842bd58481', 'Section L', '7ac67fcf-0285-4978-999e-e65fd90092f3', '2025-07-13 15:24:22.035306+00'),
	('e139e379-6644-478b-b74e-62707ec0a2ee', 'Section M', '7ac67fcf-0285-4978-999e-e65fd90092f3', '2025-07-13 15:24:22.035306+00'),
	('5f29c93f-990f-4468-a056-d209611f1a18', 'Section N', '7ac67fcf-0285-4978-999e-e65fd90092f3', '2025-07-13 15:24:22.035306+00'),
	('da3f8c1f-e534-4b6b-a742-374ffbeb0cea', 'Section O', '7ac67fcf-0285-4978-999e-e65fd90092f3', '2025-07-13 15:24:22.035306+00'),
	('b7f7e1e6-bc25-4511-ae7c-bb626c246d2e', 'Section P', '7ac67fcf-0285-4978-999e-e65fd90092f3', '2025-07-13 15:24:22.035306+00'),
	('238bac0b-28c1-4efa-807a-dce656e1e5ae', 'Section Q', '7ac67fcf-0285-4978-999e-e65fd90092f3', '2025-07-13 15:24:22.035306+00'),
	('1abf2189-90a6-461d-ac27-8274236df695', 'Section R', '7ac67fcf-0285-4978-999e-e65fd90092f3', '2025-07-13 15:24:22.035306+00'),
	('096f3879-cf27-467e-a39c-9697251dd977', 'Section S', '7ac67fcf-0285-4978-999e-e65fd90092f3', '2025-07-13 15:24:22.035306+00'),
	('2da0a0cc-43be-4148-8591-184534b48e28', 'Section T', '7ac67fcf-0285-4978-999e-e65fd90092f3', '2025-07-13 15:24:22.035306+00'),
	('75e71f02-1c70-4ab0-976d-000da124a013', 'Section U', '7ac67fcf-0285-4978-999e-e65fd90092f3', '2025-07-13 15:24:22.035306+00'),
	('b194d9db-6f0e-4781-b965-9a7d19a916e2', 'Section V', '7ac67fcf-0285-4978-999e-e65fd90092f3', '2025-07-13 15:24:22.035306+00'),
	('d95d78c6-0f82-4f12-bc53-21fa0d80e8b0', 'Section W', '7ac67fcf-0285-4978-999e-e65fd90092f3', '2025-07-13 15:24:22.035306+00'),
	('525f706c-15c7-446a-93e9-f32a169bad9b', 'Section X', '7ac67fcf-0285-4978-999e-e65fd90092f3', '2025-07-13 15:24:22.035306+00'),
	('9baa927e-c0bd-43e5-b618-06c763a19394', 'Section Y', '7ac67fcf-0285-4978-999e-e65fd90092f3', '2025-07-13 15:24:22.035306+00'),
	('d941209c-3bfd-43f4-acd4-bebba880f5cd', 'Section Z', '7ac67fcf-0285-4978-999e-e65fd90092f3', '2025-07-13 15:24:22.035306+00'),
	('f7a6098d-8ccd-4fea-9325-cd89ab7c18dd', 'Section A', '8b2fbfaa-313e-439e-b634-d1addcf1a766', '2025-07-13 15:24:22.035306+00'),
	('3113c49a-def3-4c31-b501-aaad6fcb3e83', 'Section B', '8b2fbfaa-313e-439e-b634-d1addcf1a766', '2025-07-13 15:24:22.035306+00'),
	('69f87f69-5fc1-4b0f-9c04-b3929a1b39d2', 'Section C', '8b2fbfaa-313e-439e-b634-d1addcf1a766', '2025-07-13 15:24:22.035306+00'),
	('97412fd4-4c41-4bd8-bd58-995f063461fb', 'Section D', '8b2fbfaa-313e-439e-b634-d1addcf1a766', '2025-07-13 15:24:22.035306+00'),
	('427849a5-fc8f-4508-aeb5-633bcce405c5', 'Section E', '8b2fbfaa-313e-439e-b634-d1addcf1a766', '2025-07-13 15:24:22.035306+00'),
	('e4ea0913-d8b5-43d4-80a5-48f56f430888', 'Section F', '8b2fbfaa-313e-439e-b634-d1addcf1a766', '2025-07-13 15:24:22.035306+00'),
	('b6981676-e218-4bb6-a8c8-30cf79c84c3c', 'Section G', '8b2fbfaa-313e-439e-b634-d1addcf1a766', '2025-07-13 15:24:22.035306+00'),
	('a874f8fb-d481-48e2-919f-8438349c8887', 'Section H', '8b2fbfaa-313e-439e-b634-d1addcf1a766', '2025-07-13 15:24:22.035306+00'),
	('21a9c8f0-5233-42a0-b66a-d65775d87e05', 'Section I', '8b2fbfaa-313e-439e-b634-d1addcf1a766', '2025-07-13 15:24:22.035306+00'),
	('f0fa8503-f311-49ef-ac33-a30ee61b424e', 'Section J', '8b2fbfaa-313e-439e-b634-d1addcf1a766', '2025-07-13 15:24:22.035306+00'),
	('397c6d4f-fb8b-4091-974d-6b9072b3c5a9', 'Section K', '8b2fbfaa-313e-439e-b634-d1addcf1a766', '2025-07-13 15:24:22.035306+00'),
	('cc4a274f-3715-4afd-a973-fb4238f4ecec', 'Section L', '8b2fbfaa-313e-439e-b634-d1addcf1a766', '2025-07-13 15:24:22.035306+00'),
	('fbc49683-fd47-4b01-9007-294930c17853', 'Section M', '8b2fbfaa-313e-439e-b634-d1addcf1a766', '2025-07-13 15:24:22.035306+00'),
	('c01c2a9c-c498-4c5d-857f-fa1687d50b18', 'Section N', '8b2fbfaa-313e-439e-b634-d1addcf1a766', '2025-07-13 15:24:22.035306+00'),
	('a8e9e0b8-5bf1-448b-9baf-520558d3db82', 'Section O', '8b2fbfaa-313e-439e-b634-d1addcf1a766', '2025-07-13 15:24:22.035306+00'),
	('414cf600-f7d1-4066-96fd-2ede5820da28', 'Section P', '8b2fbfaa-313e-439e-b634-d1addcf1a766', '2025-07-13 15:24:22.035306+00'),
	('e689764b-9e1d-452f-847d-6c3e47ff32bd', 'Section Q', '8b2fbfaa-313e-439e-b634-d1addcf1a766', '2025-07-13 15:24:22.035306+00'),
	('196df1f9-44a6-46ed-a8a1-0eb135d35cf8', 'Section R', '8b2fbfaa-313e-439e-b634-d1addcf1a766', '2025-07-13 15:24:22.035306+00'),
	('ba6dbf0f-2963-48b4-a700-91c0caa82dbc', 'Section S', '8b2fbfaa-313e-439e-b634-d1addcf1a766', '2025-07-13 15:24:22.035306+00'),
	('dcba501b-43cc-4fcf-bc62-c029ce207cc2', 'Section T', '8b2fbfaa-313e-439e-b634-d1addcf1a766', '2025-07-13 15:24:22.035306+00'),
	('6b155664-5c4b-4d98-a79c-34bad10be2f8', 'Section U', '8b2fbfaa-313e-439e-b634-d1addcf1a766', '2025-07-13 15:24:22.035306+00'),
	('532459fa-3ab7-490b-a4a1-b75e58c8eab1', 'Section V', '8b2fbfaa-313e-439e-b634-d1addcf1a766', '2025-07-13 15:24:22.035306+00'),
	('19cafaca-3104-4e4b-8c30-47877ae6b3ac', 'Section W', '8b2fbfaa-313e-439e-b634-d1addcf1a766', '2025-07-13 15:24:22.035306+00'),
	('bc27a06d-48e7-4921-ba51-ef2c216080af', 'Section X', '8b2fbfaa-313e-439e-b634-d1addcf1a766', '2025-07-13 15:24:22.035306+00'),
	('8757767b-4956-4d59-9725-5cba6916fe98', 'Section Y', '8b2fbfaa-313e-439e-b634-d1addcf1a766', '2025-07-13 15:24:22.035306+00'),
	('e5e51642-158c-460b-895c-871abe959787', 'Section Z', '8b2fbfaa-313e-439e-b634-d1addcf1a766', '2025-07-13 15:24:22.035306+00'),
	('876686c3-1a18-48bc-8adc-f5ee48234ce9', 'Section A', '70253a4d-1eb0-46d5-9e6f-72be5002b177', '2025-07-13 15:24:22.035306+00'),
	('2ed77fe9-a345-4622-adcd-92f9f3e1562a', 'Section B', '70253a4d-1eb0-46d5-9e6f-72be5002b177', '2025-07-13 15:24:22.035306+00'),
	('df95ef47-d338-4ebe-bf2c-ae7a5121a6ab', 'Section C', '70253a4d-1eb0-46d5-9e6f-72be5002b177', '2025-07-13 15:24:22.035306+00'),
	('88b48df7-8254-45cc-9177-0a54a6194365', 'Section D', '70253a4d-1eb0-46d5-9e6f-72be5002b177', '2025-07-13 15:24:22.035306+00'),
	('615bc712-b57a-432a-a5a2-efa34871a1b0', 'Section E', '70253a4d-1eb0-46d5-9e6f-72be5002b177', '2025-07-13 15:24:22.035306+00'),
	('496e427c-acd2-4c5d-ac55-96b01e6e7ecc', 'Section F', '70253a4d-1eb0-46d5-9e6f-72be5002b177', '2025-07-13 15:24:22.035306+00'),
	('d86437ea-77e4-4273-b797-9e2a0c3811f4', 'Section G', '70253a4d-1eb0-46d5-9e6f-72be5002b177', '2025-07-13 15:24:22.035306+00'),
	('92aa469c-cdef-4877-adf7-43d9e6b32a09', 'Section H', '70253a4d-1eb0-46d5-9e6f-72be5002b177', '2025-07-13 15:24:22.035306+00'),
	('bfc3c915-a83e-41b6-9f6a-c627ac3adcf3', 'Section I', '70253a4d-1eb0-46d5-9e6f-72be5002b177', '2025-07-13 15:24:22.035306+00'),
	('d54d8c95-fa6c-4c4e-b895-b782d96e5502', 'Section J', '70253a4d-1eb0-46d5-9e6f-72be5002b177', '2025-07-13 15:24:22.035306+00'),
	('cb4ad70b-b448-4ed5-bdf6-48a006ff71ca', 'Section K', '70253a4d-1eb0-46d5-9e6f-72be5002b177', '2025-07-13 15:24:22.035306+00'),
	('69108abe-710f-405f-ae13-86495a6fbfdc', 'Section L', '70253a4d-1eb0-46d5-9e6f-72be5002b177', '2025-07-13 15:24:22.035306+00'),
	('fb8190af-0b9c-4c60-92cd-8bb1a0ced785', 'Section M', '70253a4d-1eb0-46d5-9e6f-72be5002b177', '2025-07-13 15:24:22.035306+00'),
	('253edcd0-b5e1-44c5-873c-a78c391364a5', 'Section N', '70253a4d-1eb0-46d5-9e6f-72be5002b177', '2025-07-13 15:24:22.035306+00'),
	('4ac37215-14f7-46dd-b90d-d122c05f98a1', 'Section O', '70253a4d-1eb0-46d5-9e6f-72be5002b177', '2025-07-13 15:24:22.035306+00'),
	('d932ea4f-33c9-429d-9d6a-15124ebec25d', 'Section P', '70253a4d-1eb0-46d5-9e6f-72be5002b177', '2025-07-13 15:24:22.035306+00'),
	('8dae3f98-663f-453d-9f61-90fdafc84ffe', 'Section Q', '70253a4d-1eb0-46d5-9e6f-72be5002b177', '2025-07-13 15:24:22.035306+00'),
	('b9a2e793-a9dc-4abf-bb64-acf8a30f8fd0', 'Section R', '70253a4d-1eb0-46d5-9e6f-72be5002b177', '2025-07-13 15:24:22.035306+00'),
	('5f87de39-dacb-4880-a60f-bd0f9436e895', 'Section S', '70253a4d-1eb0-46d5-9e6f-72be5002b177', '2025-07-13 15:24:22.035306+00'),
	('f9a1c65a-fe70-4293-b9d2-0fa25e13cd71', 'Section T', '70253a4d-1eb0-46d5-9e6f-72be5002b177', '2025-07-13 15:24:22.035306+00'),
	('5f538b0b-09e1-4057-9a33-326f0d4307cc', 'Section U', '70253a4d-1eb0-46d5-9e6f-72be5002b177', '2025-07-13 15:24:22.035306+00'),
	('3ecfa6a0-ac97-4dbb-b8e7-1581be3a3463', 'Section V', '70253a4d-1eb0-46d5-9e6f-72be5002b177', '2025-07-13 15:24:22.035306+00'),
	('ddb84c48-5831-4a26-bf09-7421872c1301', 'Section W', '70253a4d-1eb0-46d5-9e6f-72be5002b177', '2025-07-13 15:24:22.035306+00'),
	('f3e6dfd9-544c-4303-8a10-ee7c18236186', 'Section X', '70253a4d-1eb0-46d5-9e6f-72be5002b177', '2025-07-13 15:24:22.035306+00'),
	('1c98fcbc-6c50-485c-88f4-544b32ef64a8', 'Section Y', '70253a4d-1eb0-46d5-9e6f-72be5002b177', '2025-07-13 15:24:22.035306+00'),
	('a7406eb4-f498-4fdd-abef-18bda98b81c3', 'Section Z', '70253a4d-1eb0-46d5-9e6f-72be5002b177', '2025-07-13 15:24:22.035306+00'),
	('ed9c3db5-c32a-403d-95dd-cd5a8b395a63', 'Section A', '9beb12a0-b59b-4175-8538-7976f0289de7', '2025-07-13 15:24:22.035306+00'),
	('51b40aba-fb14-4534-9079-7a27fdc17029', 'Section B', '9beb12a0-b59b-4175-8538-7976f0289de7', '2025-07-13 15:24:22.035306+00'),
	('07746cb7-b64c-4bbc-9fed-14c757dfd209', 'Section C', '9beb12a0-b59b-4175-8538-7976f0289de7', '2025-07-13 15:24:22.035306+00'),
	('504a6d6d-f4b9-4f68-9c0a-93d3659433e5', 'Section D', '9beb12a0-b59b-4175-8538-7976f0289de7', '2025-07-13 15:24:22.035306+00'),
	('044b02f8-0366-4951-a013-2c35354fbd42', 'Section E', '9beb12a0-b59b-4175-8538-7976f0289de7', '2025-07-13 15:24:22.035306+00'),
	('a401afb5-9859-44dc-8445-9a080c57b503', 'Section F', '9beb12a0-b59b-4175-8538-7976f0289de7', '2025-07-13 15:24:22.035306+00'),
	('3753bd04-eb7a-4725-b1b2-3ff22aa85fe3', 'Section G', '9beb12a0-b59b-4175-8538-7976f0289de7', '2025-07-13 15:24:22.035306+00'),
	('6eb03fb5-3eb0-497a-a1d4-82d53a579a54', 'Section H', '9beb12a0-b59b-4175-8538-7976f0289de7', '2025-07-13 15:24:22.035306+00'),
	('9f74a851-8456-4f1d-aedd-e946b2ca34ae', 'Section I', '9beb12a0-b59b-4175-8538-7976f0289de7', '2025-07-13 15:24:22.035306+00'),
	('1aa0f542-a23c-4b77-967c-d6c36053f0dd', 'Section J', '9beb12a0-b59b-4175-8538-7976f0289de7', '2025-07-13 15:24:22.035306+00'),
	('cbb15a9c-810c-4115-b5d6-01381abb97d9', 'Section K', '9beb12a0-b59b-4175-8538-7976f0289de7', '2025-07-13 15:24:22.035306+00'),
	('c5bc96f9-2b35-4b41-bc12-28ccd1e51a8b', 'Section L', '9beb12a0-b59b-4175-8538-7976f0289de7', '2025-07-13 15:24:22.035306+00'),
	('95d2a946-9b82-4c96-8429-3951aecfa954', 'Section M', '9beb12a0-b59b-4175-8538-7976f0289de7', '2025-07-13 15:24:22.035306+00'),
	('ee6536eb-a3fd-41bc-b7b9-c5b3dea9609d', 'Section N', '9beb12a0-b59b-4175-8538-7976f0289de7', '2025-07-13 15:24:22.035306+00'),
	('9f42f755-348b-42a6-8fdb-056cced48db0', 'Section O', '9beb12a0-b59b-4175-8538-7976f0289de7', '2025-07-13 15:24:22.035306+00'),
	('99507ebd-117c-4da5-89f9-2823eb4c8d1e', 'Section P', '9beb12a0-b59b-4175-8538-7976f0289de7', '2025-07-13 15:24:22.035306+00'),
	('c59d26f8-d8cd-47f3-967d-0e19939782e3', 'Section Q', '9beb12a0-b59b-4175-8538-7976f0289de7', '2025-07-13 15:24:22.035306+00'),
	('61ac7907-9c4d-423f-866a-8494dd03da9d', 'Section R', '9beb12a0-b59b-4175-8538-7976f0289de7', '2025-07-13 15:24:22.035306+00'),
	('602654d2-1320-494c-857d-839371347e94', 'Section S', '9beb12a0-b59b-4175-8538-7976f0289de7', '2025-07-13 15:24:22.035306+00'),
	('41a331c7-7f40-416e-ba00-72ea103ef3c6', 'Section T', '9beb12a0-b59b-4175-8538-7976f0289de7', '2025-07-13 15:24:22.035306+00'),
	('c7acd4a3-602b-44bf-a1c7-34327743a2c0', 'Section U', '9beb12a0-b59b-4175-8538-7976f0289de7', '2025-07-13 15:24:22.035306+00'),
	('231a618d-0f61-49b7-8f16-2609b609fc66', 'Section V', '9beb12a0-b59b-4175-8538-7976f0289de7', '2025-07-13 15:24:22.035306+00'),
	('6fe552f7-fe15-46eb-8ae3-59f6e6b5652b', 'Section W', '9beb12a0-b59b-4175-8538-7976f0289de7', '2025-07-13 15:24:22.035306+00'),
	('6ef4fbda-bc9c-4fa8-9a74-4b62bef6cd7e', 'Section X', '9beb12a0-b59b-4175-8538-7976f0289de7', '2025-07-13 15:24:22.035306+00'),
	('0d511420-8c8d-4544-835e-c1475ef947d6', 'Section Y', '9beb12a0-b59b-4175-8538-7976f0289de7', '2025-07-13 15:24:22.035306+00'),
	('6e0b1198-13c1-417b-87ea-d42a29dc479d', 'Section Z', '9beb12a0-b59b-4175-8538-7976f0289de7', '2025-07-13 15:24:22.035306+00'),
	('60367eed-6916-4df1-a2d5-27b7cebc9350', 'Section A', '11abcc06-24e9-4fce-ba62-3c2470bcac9a', '2025-07-13 15:24:22.035306+00'),
	('bda2f69a-c14f-47b2-b8ff-d1f754173452', 'Section B', '11abcc06-24e9-4fce-ba62-3c2470bcac9a', '2025-07-13 15:24:22.035306+00'),
	('d85609ab-7a9e-40a2-be92-cee91ccc7a54', 'Section C', '11abcc06-24e9-4fce-ba62-3c2470bcac9a', '2025-07-13 15:24:22.035306+00'),
	('90bf68ff-cafd-4b89-9278-8f0a10316400', 'Section D', '11abcc06-24e9-4fce-ba62-3c2470bcac9a', '2025-07-13 15:24:22.035306+00'),
	('7d18fdd5-cdc7-4349-b46f-ed736cafd200', 'Section E', '11abcc06-24e9-4fce-ba62-3c2470bcac9a', '2025-07-13 15:24:22.035306+00'),
	('ae776a90-f227-4a42-884b-224142a669c5', 'Section F', '11abcc06-24e9-4fce-ba62-3c2470bcac9a', '2025-07-13 15:24:22.035306+00'),
	('426bb7e3-595e-4284-b972-e3a07f38551a', 'Section G', '11abcc06-24e9-4fce-ba62-3c2470bcac9a', '2025-07-13 15:24:22.035306+00'),
	('ed1484d1-d7c6-4672-986f-b8ecfa061f06', 'Section H', '11abcc06-24e9-4fce-ba62-3c2470bcac9a', '2025-07-13 15:24:22.035306+00'),
	('4eb1c171-10ed-48ba-bc73-da21f09a553b', 'Section I', '11abcc06-24e9-4fce-ba62-3c2470bcac9a', '2025-07-13 15:24:22.035306+00'),
	('c18cf3dc-02f6-4554-a23f-b49ace861ddb', 'Section J', '11abcc06-24e9-4fce-ba62-3c2470bcac9a', '2025-07-13 15:24:22.035306+00'),
	('159cd474-1d61-4b9d-a249-e6d3418c0c4b', 'Section K', '11abcc06-24e9-4fce-ba62-3c2470bcac9a', '2025-07-13 15:24:22.035306+00'),
	('c67831da-1ec7-4668-a6b4-92b418686947', 'Section L', '11abcc06-24e9-4fce-ba62-3c2470bcac9a', '2025-07-13 15:24:22.035306+00'),
	('a87fa2af-fbd9-4ba3-8a0e-7b4a1a5ca53a', 'Section M', '11abcc06-24e9-4fce-ba62-3c2470bcac9a', '2025-07-13 15:24:22.035306+00'),
	('e7d3bcd9-7b52-4459-bae8-2ff72d491b4c', 'Section N', '11abcc06-24e9-4fce-ba62-3c2470bcac9a', '2025-07-13 15:24:22.035306+00'),
	('03b65027-7a27-441b-9acd-e67c70464fce', 'Section O', '11abcc06-24e9-4fce-ba62-3c2470bcac9a', '2025-07-13 15:24:22.035306+00'),
	('714cc8e7-bfc5-42de-9d40-5b55423e6d68', 'Section P', '11abcc06-24e9-4fce-ba62-3c2470bcac9a', '2025-07-13 15:24:22.035306+00'),
	('a0512a81-18d7-4f9b-8727-34902122a89d', 'Section Q', '11abcc06-24e9-4fce-ba62-3c2470bcac9a', '2025-07-13 15:24:22.035306+00'),
	('0b39c0e4-bf8f-41df-adf4-14ea5672ad53', 'Section R', '11abcc06-24e9-4fce-ba62-3c2470bcac9a', '2025-07-13 15:24:22.035306+00'),
	('bea6db9a-30fe-4aae-921f-d7935cc2207b', 'Section S', '11abcc06-24e9-4fce-ba62-3c2470bcac9a', '2025-07-13 15:24:22.035306+00'),
	('b3913d5f-91b1-46e1-852e-582370c951d1', 'Section T', '11abcc06-24e9-4fce-ba62-3c2470bcac9a', '2025-07-13 15:24:22.035306+00'),
	('4ef56423-d344-45ed-8818-1f325ce6bd73', 'Section U', '11abcc06-24e9-4fce-ba62-3c2470bcac9a', '2025-07-13 15:24:22.035306+00'),
	('d5e76ad8-16c3-433f-b158-22424aefcf53', 'Section V', '11abcc06-24e9-4fce-ba62-3c2470bcac9a', '2025-07-13 15:24:22.035306+00'),
	('97e0f1cc-31db-4c4d-b232-a28250685362', 'Section W', '11abcc06-24e9-4fce-ba62-3c2470bcac9a', '2025-07-13 15:24:22.035306+00'),
	('9a6b9953-d162-4235-bc9c-55687e71691e', 'Section X', '11abcc06-24e9-4fce-ba62-3c2470bcac9a', '2025-07-13 15:24:22.035306+00'),
	('c8b96a62-082b-4ba6-851f-ddf04a326e6d', 'Section Y', '11abcc06-24e9-4fce-ba62-3c2470bcac9a', '2025-07-13 15:24:22.035306+00'),
	('95537326-7bce-429b-a9fb-56c0aeed5dcc', 'Section Z', '11abcc06-24e9-4fce-ba62-3c2470bcac9a', '2025-07-13 15:24:22.035306+00'),
	('2f999d1d-6fc5-433e-b76d-b5538accfceb', 'Section A', '2f693074-467b-43c9-bd19-2d6f46377ccc', '2025-07-13 15:24:22.035306+00'),
	('42e03c34-5d5e-416e-95bc-178b9c8e900b', 'Section B', '2f693074-467b-43c9-bd19-2d6f46377ccc', '2025-07-13 15:24:22.035306+00'),
	('64c37e49-e8b0-4a7b-a5d1-339d8ccb9c72', 'Section C', '2f693074-467b-43c9-bd19-2d6f46377ccc', '2025-07-13 15:24:22.035306+00'),
	('d1cab8b6-9fef-43eb-944d-acf1d3b26a83', 'Section D', '2f693074-467b-43c9-bd19-2d6f46377ccc', '2025-07-13 15:24:22.035306+00'),
	('f7b27f87-06cd-4b9d-a69f-c6fec4cf0611', 'Section E', '2f693074-467b-43c9-bd19-2d6f46377ccc', '2025-07-13 15:24:22.035306+00'),
	('28c74dc5-40a0-4594-b3f8-a9e35cf3062e', 'Section F', '2f693074-467b-43c9-bd19-2d6f46377ccc', '2025-07-13 15:24:22.035306+00'),
	('e6582b6a-04bb-4aa9-9961-6d4ff8bc831f', 'Section G', '2f693074-467b-43c9-bd19-2d6f46377ccc', '2025-07-13 15:24:22.035306+00'),
	('8d027575-73fe-4f48-986f-d4258f7ed652', 'Section H', '2f693074-467b-43c9-bd19-2d6f46377ccc', '2025-07-13 15:24:22.035306+00'),
	('0fd01aaa-5334-4ab1-9758-b2641d99ac0b', 'Section I', '2f693074-467b-43c9-bd19-2d6f46377ccc', '2025-07-13 15:24:22.035306+00'),
	('4c49345e-ade0-48f9-8453-9f7acae705ef', 'Section J', '2f693074-467b-43c9-bd19-2d6f46377ccc', '2025-07-13 15:24:22.035306+00'),
	('29c04183-bfb3-4f3b-8325-706e8e1a17fa', 'Section K', '2f693074-467b-43c9-bd19-2d6f46377ccc', '2025-07-13 15:24:22.035306+00'),
	('65253bf2-7123-49d0-a7c8-f4d863626523', 'Section L', '2f693074-467b-43c9-bd19-2d6f46377ccc', '2025-07-13 15:24:22.035306+00'),
	('71af49ad-04a8-4a2b-800f-6f018115c1c7', 'Section M', '2f693074-467b-43c9-bd19-2d6f46377ccc', '2025-07-13 15:24:22.035306+00'),
	('0ff92476-6d7d-47ce-844e-49201e41a1b0', 'Section N', '2f693074-467b-43c9-bd19-2d6f46377ccc', '2025-07-13 15:24:22.035306+00'),
	('aecb4fcb-6ee1-4d44-85d5-c5a92cbf4fc3', 'Section O', '2f693074-467b-43c9-bd19-2d6f46377ccc', '2025-07-13 15:24:22.035306+00'),
	('fd2f4e11-fb91-4227-b88d-fe5809446bf8', 'Section P', '2f693074-467b-43c9-bd19-2d6f46377ccc', '2025-07-13 15:24:22.035306+00'),
	('9a6649d7-53d6-4ed5-b57d-0315da3860a9', 'Section Q', '2f693074-467b-43c9-bd19-2d6f46377ccc', '2025-07-13 15:24:22.035306+00'),
	('aea58b37-1c71-4ded-8f98-a2f3484a7af1', 'Section R', '2f693074-467b-43c9-bd19-2d6f46377ccc', '2025-07-13 15:24:22.035306+00'),
	('448c3d28-effa-49b3-b820-d83b870307c6', 'Section S', '2f693074-467b-43c9-bd19-2d6f46377ccc', '2025-07-13 15:24:22.035306+00'),
	('8f02db6c-6f4a-4fd6-add7-19446bdd40ba', 'Section T', '2f693074-467b-43c9-bd19-2d6f46377ccc', '2025-07-13 15:24:22.035306+00'),
	('d391e67c-5406-42e8-87cd-2af3b7a7f5ac', 'Section U', '2f693074-467b-43c9-bd19-2d6f46377ccc', '2025-07-13 15:24:22.035306+00'),
	('9d77d3a1-b63f-4397-9520-df5927662d4d', 'Section V', '2f693074-467b-43c9-bd19-2d6f46377ccc', '2025-07-13 15:24:22.035306+00'),
	('eb06fced-ac03-441d-b37d-252dba3453a2', 'Section W', '2f693074-467b-43c9-bd19-2d6f46377ccc', '2025-07-13 15:24:22.035306+00'),
	('7bd65308-bbf4-4852-a2a7-40e2e4525e8e', 'Section X', '2f693074-467b-43c9-bd19-2d6f46377ccc', '2025-07-13 15:24:22.035306+00'),
	('a5493629-7e59-4267-b599-95acb4f1a446', 'Section Y', '2f693074-467b-43c9-bd19-2d6f46377ccc', '2025-07-13 15:24:22.035306+00'),
	('fa468c08-7244-425f-a116-3b66e24ad2ad', 'Section Z', '2f693074-467b-43c9-bd19-2d6f46377ccc', '2025-07-13 15:24:22.035306+00'),
	('0cc514e0-cac0-4117-9dcd-3b5b853804dd', 'Section A', '92f3efa8-d303-4a59-95e4-172fee7838e8', '2025-07-13 15:24:22.035306+00'),
	('fc5cc1e3-f2ab-4e60-92a2-864b10dcb84a', 'Section B', '92f3efa8-d303-4a59-95e4-172fee7838e8', '2025-07-13 15:24:22.035306+00'),
	('0e5055b1-6d5d-4d2b-8d74-9c3e2c1632ab', 'Section C', '92f3efa8-d303-4a59-95e4-172fee7838e8', '2025-07-13 15:24:22.035306+00'),
	('2c89b9ad-ee87-4925-a45d-897279c49a9f', 'Section D', '92f3efa8-d303-4a59-95e4-172fee7838e8', '2025-07-13 15:24:22.035306+00'),
	('317a688f-09cf-42bb-bb4d-b60854f66d11', 'Section E', '92f3efa8-d303-4a59-95e4-172fee7838e8', '2025-07-13 15:24:22.035306+00'),
	('cb1e08c6-96b8-4f7f-adee-65b54379490a', 'Section F', '92f3efa8-d303-4a59-95e4-172fee7838e8', '2025-07-13 15:24:22.035306+00'),
	('c47ca887-b4fb-4193-b205-43f370cd4c58', 'Section G', '92f3efa8-d303-4a59-95e4-172fee7838e8', '2025-07-13 15:24:22.035306+00'),
	('188c3711-a800-4a49-a3bb-731ebbfd9534', 'Section H', '92f3efa8-d303-4a59-95e4-172fee7838e8', '2025-07-13 15:24:22.035306+00'),
	('8fb60835-348c-4879-9f07-a5b2ca083d37', 'Section I', '92f3efa8-d303-4a59-95e4-172fee7838e8', '2025-07-13 15:24:22.035306+00'),
	('27cafba6-d756-48c3-9fa8-e3732047b8dd', 'Section J', '92f3efa8-d303-4a59-95e4-172fee7838e8', '2025-07-13 15:24:22.035306+00'),
	('484387a5-b7ea-4709-a388-8da6d69d3038', 'Section K', '92f3efa8-d303-4a59-95e4-172fee7838e8', '2025-07-13 15:24:22.035306+00'),
	('08e3fbe0-2ff3-496a-8921-eeaae7c6ba68', 'Section L', '92f3efa8-d303-4a59-95e4-172fee7838e8', '2025-07-13 15:24:22.035306+00'),
	('a2cb4650-daf0-4d73-97f6-48a4ed686c9f', 'Section M', '92f3efa8-d303-4a59-95e4-172fee7838e8', '2025-07-13 15:24:22.035306+00'),
	('78147a87-62e9-4d64-9c93-f51c8eca2b37', 'Section N', '92f3efa8-d303-4a59-95e4-172fee7838e8', '2025-07-13 15:24:22.035306+00'),
	('68a853b9-5cfc-408e-b9ee-877d31bb921b', 'Section O', '92f3efa8-d303-4a59-95e4-172fee7838e8', '2025-07-13 15:24:22.035306+00'),
	('209f2d11-d58b-460c-9c84-76232db2237a', 'Section P', '92f3efa8-d303-4a59-95e4-172fee7838e8', '2025-07-13 15:24:22.035306+00'),
	('ea8b6d47-05df-43c4-af65-bc7f2ff2f8cd', 'Section Q', '92f3efa8-d303-4a59-95e4-172fee7838e8', '2025-07-13 15:24:22.035306+00'),
	('7fa0e8ad-9b2a-4fb5-b441-b09ad17931cf', 'Section R', '92f3efa8-d303-4a59-95e4-172fee7838e8', '2025-07-13 15:24:22.035306+00'),
	('e87a6bef-3208-4932-ba8e-5e0018e12765', 'Section S', '92f3efa8-d303-4a59-95e4-172fee7838e8', '2025-07-13 15:24:22.035306+00'),
	('6133816a-dffd-44f9-b849-1cab36ec499f', 'Section T', '92f3efa8-d303-4a59-95e4-172fee7838e8', '2025-07-13 15:24:22.035306+00'),
	('32865018-adfe-4fe1-a331-ab9eed0ded15', 'Section U', '92f3efa8-d303-4a59-95e4-172fee7838e8', '2025-07-13 15:24:22.035306+00'),
	('c982d24e-14de-47d9-9bd4-1a4fca433e20', 'Section V', '92f3efa8-d303-4a59-95e4-172fee7838e8', '2025-07-13 15:24:22.035306+00'),
	('6106e717-5f48-46c5-9705-bacc1958de4b', 'Section W', '92f3efa8-d303-4a59-95e4-172fee7838e8', '2025-07-13 15:24:22.035306+00'),
	('69f72ff3-d337-47aa-8f34-29ae915eadc3', 'Section X', '92f3efa8-d303-4a59-95e4-172fee7838e8', '2025-07-13 15:24:22.035306+00'),
	('aafe4195-fd45-431a-8fe0-7acd28d08114', 'Section Y', '92f3efa8-d303-4a59-95e4-172fee7838e8', '2025-07-13 15:24:22.035306+00'),
	('cfa00832-f2bb-4e74-a417-2f83406d1ea6', 'Section Z', '92f3efa8-d303-4a59-95e4-172fee7838e8', '2025-07-13 15:24:22.035306+00'),
	('0127a61b-b281-4489-a909-829ba1720e23', 'Section A', 'e6b4346a-e847-4384-9613-0c1fe15809b4', '2025-07-13 15:24:22.035306+00'),
	('434e469a-e961-48c2-ac03-c74fd8d29298', 'Section B', 'e6b4346a-e847-4384-9613-0c1fe15809b4', '2025-07-13 15:24:22.035306+00'),
	('f9394663-8268-49c9-b977-118e65773551', 'Section C', 'e6b4346a-e847-4384-9613-0c1fe15809b4', '2025-07-13 15:24:22.035306+00'),
	('928f777c-19f4-4f18-b538-ad1e943b179f', 'Section D', 'e6b4346a-e847-4384-9613-0c1fe15809b4', '2025-07-13 15:24:22.035306+00'),
	('c4040566-429c-4502-ace8-3f3a109897b9', 'Section E', 'e6b4346a-e847-4384-9613-0c1fe15809b4', '2025-07-13 15:24:22.035306+00'),
	('995ba6b5-933b-4f40-96ea-33a73b8a6560', 'Section F', 'e6b4346a-e847-4384-9613-0c1fe15809b4', '2025-07-13 15:24:22.035306+00'),
	('163797f7-714e-450e-909f-72211fabd173', 'Section G', 'e6b4346a-e847-4384-9613-0c1fe15809b4', '2025-07-13 15:24:22.035306+00'),
	('6e2485df-f2c2-401b-bc0f-2a09f3ce2cb7', 'Section H', 'e6b4346a-e847-4384-9613-0c1fe15809b4', '2025-07-13 15:24:22.035306+00'),
	('af33ca10-771d-46e4-bca7-e5849c264f42', 'Section I', 'e6b4346a-e847-4384-9613-0c1fe15809b4', '2025-07-13 15:24:22.035306+00'),
	('196d8814-7b3a-4e47-b489-e39d62ea721e', 'Section J', 'e6b4346a-e847-4384-9613-0c1fe15809b4', '2025-07-13 15:24:22.035306+00'),
	('4902d35b-92cf-4e5a-8c73-8ade9b63b432', 'Section K', 'e6b4346a-e847-4384-9613-0c1fe15809b4', '2025-07-13 15:24:22.035306+00'),
	('d5713b78-655e-4cc4-93cc-4bfbc123c735', 'Section L', 'e6b4346a-e847-4384-9613-0c1fe15809b4', '2025-07-13 15:24:22.035306+00'),
	('9e676493-b94a-465c-9aec-0341afa04abf', 'Section M', 'e6b4346a-e847-4384-9613-0c1fe15809b4', '2025-07-13 15:24:22.035306+00'),
	('0d8c6f4c-69a7-408d-b6e8-115448fa4724', 'Section N', 'e6b4346a-e847-4384-9613-0c1fe15809b4', '2025-07-13 15:24:22.035306+00'),
	('0b6a5846-a268-4a89-8f60-377d405b2476', 'Section O', 'e6b4346a-e847-4384-9613-0c1fe15809b4', '2025-07-13 15:24:22.035306+00'),
	('b2602008-aaed-4952-b886-c12fbecc66dc', 'Section P', 'e6b4346a-e847-4384-9613-0c1fe15809b4', '2025-07-13 15:24:22.035306+00'),
	('cbdbdb38-fab1-4338-9613-69eb8e47a2bf', 'Section Q', 'e6b4346a-e847-4384-9613-0c1fe15809b4', '2025-07-13 15:24:22.035306+00'),
	('a78dc911-1420-4098-9a61-18d5c1e5c7aa', 'Section R', 'e6b4346a-e847-4384-9613-0c1fe15809b4', '2025-07-13 15:24:22.035306+00'),
	('9ed040cb-511e-4e14-b31d-30d6310be6b5', 'Section S', 'e6b4346a-e847-4384-9613-0c1fe15809b4', '2025-07-13 15:24:22.035306+00'),
	('4a0c7097-df0a-490c-a640-964d5fd61c04', 'Section T', 'e6b4346a-e847-4384-9613-0c1fe15809b4', '2025-07-13 15:24:22.035306+00'),
	('bb7df080-be67-4119-a08a-b82f4d2a704a', 'Section U', 'e6b4346a-e847-4384-9613-0c1fe15809b4', '2025-07-13 15:24:22.035306+00'),
	('5044dc47-6ab1-4f89-abbe-fc4b3add6ff7', 'Section V', 'e6b4346a-e847-4384-9613-0c1fe15809b4', '2025-07-13 15:24:22.035306+00'),
	('4b223d05-70c5-48aa-a17a-53aaa907494d', 'Section W', 'e6b4346a-e847-4384-9613-0c1fe15809b4', '2025-07-13 15:24:22.035306+00'),
	('8d35c415-e61f-46de-a7ab-c59faa7a4898', 'Section X', 'e6b4346a-e847-4384-9613-0c1fe15809b4', '2025-07-13 15:24:22.035306+00'),
	('65488777-a099-4e7a-ae16-f34e5b3cae8d', 'Section Y', 'e6b4346a-e847-4384-9613-0c1fe15809b4', '2025-07-13 15:24:22.035306+00'),
	('115d50cb-bcb6-4701-8bd0-fc1c8f016b32', 'Section Z', 'e6b4346a-e847-4384-9613-0c1fe15809b4', '2025-07-13 15:24:22.035306+00'),
	('50f4f76e-3d31-4b30-b509-7b99362f7e5f', 'Section A', 'f21ec178-46cf-4791-8ed8-54bbf698dff6', '2025-07-13 15:24:22.035306+00'),
	('50443cd8-7550-42bc-af43-8115e4cab537', 'Section B', 'f21ec178-46cf-4791-8ed8-54bbf698dff6', '2025-07-13 15:24:22.035306+00'),
	('bad021f1-d87a-4099-a026-0f4c9b948d7d', 'Section C', 'f21ec178-46cf-4791-8ed8-54bbf698dff6', '2025-07-13 15:24:22.035306+00'),
	('a5deb6b0-4825-495a-b7a4-8f59871b085b', 'Section D', 'f21ec178-46cf-4791-8ed8-54bbf698dff6', '2025-07-13 15:24:22.035306+00'),
	('bfda766e-cb4c-4495-a251-dfd97160a803', 'Section E', 'f21ec178-46cf-4791-8ed8-54bbf698dff6', '2025-07-13 15:24:22.035306+00'),
	('a348f359-a28f-4c02-8886-0b9458506503', 'Section F', 'f21ec178-46cf-4791-8ed8-54bbf698dff6', '2025-07-13 15:24:22.035306+00'),
	('af9143c0-e6c0-4f88-b639-9f4e9c3abe35', 'Section G', 'f21ec178-46cf-4791-8ed8-54bbf698dff6', '2025-07-13 15:24:22.035306+00'),
	('fce7aa3b-cd94-404a-a469-08aefbefa312', 'Section H', 'f21ec178-46cf-4791-8ed8-54bbf698dff6', '2025-07-13 15:24:22.035306+00'),
	('65c4e73d-8cb5-4aa2-b285-c55dcf5e1ad5', 'Section I', 'f21ec178-46cf-4791-8ed8-54bbf698dff6', '2025-07-13 15:24:22.035306+00'),
	('13649f2b-502e-4e1f-b459-dfc39732531b', 'Section J', 'f21ec178-46cf-4791-8ed8-54bbf698dff6', '2025-07-13 15:24:22.035306+00'),
	('aecf0239-95bb-46fe-95b3-74468e061525', 'Section K', 'f21ec178-46cf-4791-8ed8-54bbf698dff6', '2025-07-13 15:24:22.035306+00'),
	('0f5464b1-9c6a-4126-b327-49978ce2141e', 'Section L', 'f21ec178-46cf-4791-8ed8-54bbf698dff6', '2025-07-13 15:24:22.035306+00'),
	('c5e1ad4b-2457-44b0-831f-472da9144255', 'Section M', 'f21ec178-46cf-4791-8ed8-54bbf698dff6', '2025-07-13 15:24:22.035306+00'),
	('71700ade-03ad-412a-a045-677f5c838b18', 'Section N', 'f21ec178-46cf-4791-8ed8-54bbf698dff6', '2025-07-13 15:24:22.035306+00'),
	('5d5ebf22-ba96-4ca0-b6d8-7f89a38fe07d', 'Section O', 'f21ec178-46cf-4791-8ed8-54bbf698dff6', '2025-07-13 15:24:22.035306+00'),
	('1f01bf77-1ec0-4695-b3ac-eb02af8b1131', 'Section P', 'f21ec178-46cf-4791-8ed8-54bbf698dff6', '2025-07-13 15:24:22.035306+00'),
	('eb42645e-cad4-477f-88cf-f331a5a137a7', 'Section Q', 'f21ec178-46cf-4791-8ed8-54bbf698dff6', '2025-07-13 15:24:22.035306+00'),
	('32e68937-940d-4f07-8817-abffb18be35b', 'Section R', 'f21ec178-46cf-4791-8ed8-54bbf698dff6', '2025-07-13 15:24:22.035306+00'),
	('d2bc8525-5667-49cd-b2db-44c5b973a67c', 'Section S', 'f21ec178-46cf-4791-8ed8-54bbf698dff6', '2025-07-13 15:24:22.035306+00'),
	('3d7b579d-69b7-4bc1-8569-eba8a6577c18', 'Section T', 'f21ec178-46cf-4791-8ed8-54bbf698dff6', '2025-07-13 15:24:22.035306+00'),
	('157157d8-eed0-4b1f-b98d-95d1127accb8', 'Section U', 'f21ec178-46cf-4791-8ed8-54bbf698dff6', '2025-07-13 15:24:22.035306+00'),
	('5d1446f0-9317-4e01-a26a-f7c1df4074ec', 'Section V', 'f21ec178-46cf-4791-8ed8-54bbf698dff6', '2025-07-13 15:24:22.035306+00'),
	('2dae01ec-d7f2-4387-b8f7-6b39cf379cd8', 'Section W', 'f21ec178-46cf-4791-8ed8-54bbf698dff6', '2025-07-13 15:24:22.035306+00'),
	('a002f230-d08f-4379-a024-a967a1c9f3b3', 'Section X', 'f21ec178-46cf-4791-8ed8-54bbf698dff6', '2025-07-13 15:24:22.035306+00'),
	('efc92f3b-d32d-41ff-95dc-279b4fb65b18', 'Section Y', 'f21ec178-46cf-4791-8ed8-54bbf698dff6', '2025-07-13 15:24:22.035306+00'),
	('06dc9e5d-23df-4298-80de-05ce703abf17', 'Section Z', 'f21ec178-46cf-4791-8ed8-54bbf698dff6', '2025-07-13 15:24:22.035306+00'),
	('42cbb2de-fe29-4166-9204-df08ea338481', 'Section A', '0502feda-d104-45e5-91d9-9c1038799cca', '2025-07-13 15:24:22.035306+00'),
	('a71a1a65-9297-4cbf-a248-07b1251ce5a5', 'Section B', '0502feda-d104-45e5-91d9-9c1038799cca', '2025-07-13 15:24:22.035306+00'),
	('264234ef-782a-40a3-bedb-a8c313274172', 'Section C', '0502feda-d104-45e5-91d9-9c1038799cca', '2025-07-13 15:24:22.035306+00'),
	('56ffd934-091a-4d52-8231-0fbb060d1ca1', 'Section D', '0502feda-d104-45e5-91d9-9c1038799cca', '2025-07-13 15:24:22.035306+00'),
	('4541a7c7-4fa3-430f-b547-e9d2072b585e', 'Section E', '0502feda-d104-45e5-91d9-9c1038799cca', '2025-07-13 15:24:22.035306+00'),
	('650b7ac5-548f-4686-ba1e-89f3ce1199e5', 'Section F', '0502feda-d104-45e5-91d9-9c1038799cca', '2025-07-13 15:24:22.035306+00'),
	('c473fd42-ae5d-4613-948f-918876c3ef2e', 'Section G', '0502feda-d104-45e5-91d9-9c1038799cca', '2025-07-13 15:24:22.035306+00'),
	('e5ba5a4b-2a52-4ded-b0ac-7bc30cb5b24d', 'Section H', '0502feda-d104-45e5-91d9-9c1038799cca', '2025-07-13 15:24:22.035306+00'),
	('19084480-81af-4613-add1-585108e7e75b', 'Section I', '0502feda-d104-45e5-91d9-9c1038799cca', '2025-07-13 15:24:22.035306+00'),
	('aa0d5ac3-cecc-44c3-a005-cb6fb686d447', 'Section J', '0502feda-d104-45e5-91d9-9c1038799cca', '2025-07-13 15:24:22.035306+00'),
	('6a012e7f-ab04-43f4-9714-518f633788ca', 'Section K', '0502feda-d104-45e5-91d9-9c1038799cca', '2025-07-13 15:24:22.035306+00'),
	('d7a1355f-a0f7-4cd0-a50b-cc4fac607e6e', 'Section L', '0502feda-d104-45e5-91d9-9c1038799cca', '2025-07-13 15:24:22.035306+00'),
	('79413f84-22c0-4c7b-94ec-5111159fd57f', 'Section M', '0502feda-d104-45e5-91d9-9c1038799cca', '2025-07-13 15:24:22.035306+00'),
	('f67fd942-9eb1-4352-bb3f-5d0c17be6d1e', 'Section N', '0502feda-d104-45e5-91d9-9c1038799cca', '2025-07-13 15:24:22.035306+00'),
	('5dcf3e20-4ee0-4a31-bfdd-e7f66bbe3f89', 'Section O', '0502feda-d104-45e5-91d9-9c1038799cca', '2025-07-13 15:24:22.035306+00'),
	('b51d718d-b6d9-44da-8ff1-4bdf5de1f213', 'Section P', '0502feda-d104-45e5-91d9-9c1038799cca', '2025-07-13 15:24:22.035306+00'),
	('ae0e13d3-6528-4278-bb6f-65bb73938d80', 'Section Q', '0502feda-d104-45e5-91d9-9c1038799cca', '2025-07-13 15:24:22.035306+00'),
	('5ddbd20a-f455-436e-88d3-2118d9490d5a', 'Section R', '0502feda-d104-45e5-91d9-9c1038799cca', '2025-07-13 15:24:22.035306+00'),
	('f93eab6b-458f-4645-bffd-93c18acf2d49', 'Section S', '0502feda-d104-45e5-91d9-9c1038799cca', '2025-07-13 15:24:22.035306+00'),
	('0b274f1e-2db8-488e-b39e-904b86030971', 'Section T', '0502feda-d104-45e5-91d9-9c1038799cca', '2025-07-13 15:24:22.035306+00'),
	('be04897e-b41b-42ed-8522-7febdc155ce7', 'Section U', '0502feda-d104-45e5-91d9-9c1038799cca', '2025-07-13 15:24:22.035306+00'),
	('41e9cd63-305f-4027-ab9c-74f72bc7df99', 'Section V', '0502feda-d104-45e5-91d9-9c1038799cca', '2025-07-13 15:24:22.035306+00'),
	('9b998eb2-4481-4f3d-a69e-c929ec254e95', 'Section W', '0502feda-d104-45e5-91d9-9c1038799cca', '2025-07-13 15:24:22.035306+00'),
	('7cc93831-bf79-4f0a-b395-82026556591c', 'Section X', '0502feda-d104-45e5-91d9-9c1038799cca', '2025-07-13 15:24:22.035306+00'),
	('f8611a75-8f8a-4745-817b-06c8f7783f16', 'Section Y', '0502feda-d104-45e5-91d9-9c1038799cca', '2025-07-13 15:24:22.035306+00'),
	('aa170ed0-a567-4926-bbbd-89b442eb07a6', 'Section Z', '0502feda-d104-45e5-91d9-9c1038799cca', '2025-07-13 15:24:22.035306+00'),
	('77cc3306-ef46-4fee-bf94-bf202f72a399', 'Section A', 'a34ad5f5-9795-46ff-a05e-680d6339d7fd', '2025-07-13 15:24:22.035306+00'),
	('7f40c31b-694c-4a2e-885a-4e4c6379d142', 'Section B', 'a34ad5f5-9795-46ff-a05e-680d6339d7fd', '2025-07-13 15:24:22.035306+00'),
	('3eaea31b-944b-437a-b22c-327d429c7a6c', 'Section C', 'a34ad5f5-9795-46ff-a05e-680d6339d7fd', '2025-07-13 15:24:22.035306+00'),
	('f1476975-2556-43cc-8817-ab364e0ea7aa', 'Section D', 'a34ad5f5-9795-46ff-a05e-680d6339d7fd', '2025-07-13 15:24:22.035306+00'),
	('ca44aa3c-65be-496e-b8d1-6b370ee51685', 'Section E', 'a34ad5f5-9795-46ff-a05e-680d6339d7fd', '2025-07-13 15:24:22.035306+00'),
	('0c314ba9-e930-4166-8fb9-8842bd2180e5', 'Section F', 'a34ad5f5-9795-46ff-a05e-680d6339d7fd', '2025-07-13 15:24:22.035306+00'),
	('fcfe8d55-5496-460c-a75a-4b89c62f8a1f', 'Section G', 'a34ad5f5-9795-46ff-a05e-680d6339d7fd', '2025-07-13 15:24:22.035306+00'),
	('2aed012b-10b1-44da-b9c4-3666b4f59576', 'Section H', 'a34ad5f5-9795-46ff-a05e-680d6339d7fd', '2025-07-13 15:24:22.035306+00'),
	('d3c5f587-88fa-4386-a0b6-a56949c3f5cd', 'Section I', 'a34ad5f5-9795-46ff-a05e-680d6339d7fd', '2025-07-13 15:24:22.035306+00'),
	('5a564575-5dd2-4bb8-8c21-cd7e88e47ffa', 'Section J', 'a34ad5f5-9795-46ff-a05e-680d6339d7fd', '2025-07-13 15:24:22.035306+00'),
	('c6a2b05d-7044-4889-ae79-51d59b0d7f26', 'Section K', 'a34ad5f5-9795-46ff-a05e-680d6339d7fd', '2025-07-13 15:24:22.035306+00'),
	('11122748-4154-4377-8c7b-3d7437bba90b', 'Section L', 'a34ad5f5-9795-46ff-a05e-680d6339d7fd', '2025-07-13 15:24:22.035306+00'),
	('479c0137-d4e5-40f2-9365-18dc52a819e8', 'Section M', 'a34ad5f5-9795-46ff-a05e-680d6339d7fd', '2025-07-13 15:24:22.035306+00'),
	('f30799a3-8723-4a1a-b72c-29922d94ffa1', 'Section N', 'a34ad5f5-9795-46ff-a05e-680d6339d7fd', '2025-07-13 15:24:22.035306+00'),
	('2c2506a7-5d82-4d0b-820f-c7d2eaf1f163', 'Section O', 'a34ad5f5-9795-46ff-a05e-680d6339d7fd', '2025-07-13 15:24:22.035306+00'),
	('dc966dde-3504-4b6b-964f-362e8818561c', 'Section P', 'a34ad5f5-9795-46ff-a05e-680d6339d7fd', '2025-07-13 15:24:22.035306+00'),
	('0eebc811-537b-4c54-9741-5be33d7cf161', 'Section Q', 'a34ad5f5-9795-46ff-a05e-680d6339d7fd', '2025-07-13 15:24:22.035306+00'),
	('b09d028f-6210-4a59-b980-a7f6fc1cdea7', 'Section R', 'a34ad5f5-9795-46ff-a05e-680d6339d7fd', '2025-07-13 15:24:22.035306+00'),
	('88f37f8c-06f5-4c86-a1d6-a1f4af0392be', 'Section S', 'a34ad5f5-9795-46ff-a05e-680d6339d7fd', '2025-07-13 15:24:22.035306+00'),
	('242b5c18-cef6-427d-b244-874e951bb14b', 'Section T', 'a34ad5f5-9795-46ff-a05e-680d6339d7fd', '2025-07-13 15:24:22.035306+00'),
	('517810c9-4c30-41db-8b36-ee606334122a', 'Section U', 'a34ad5f5-9795-46ff-a05e-680d6339d7fd', '2025-07-13 15:24:22.035306+00'),
	('f0ffefca-b096-403d-9775-e283cfd910bd', 'Section V', 'a34ad5f5-9795-46ff-a05e-680d6339d7fd', '2025-07-13 15:24:22.035306+00'),
	('c6e2405d-bcc1-4cca-b7d0-97bf36c84f22', 'Section W', 'a34ad5f5-9795-46ff-a05e-680d6339d7fd', '2025-07-13 15:24:22.035306+00'),
	('1dde123a-9c21-430e-b19c-f943cb613476', 'Section X', 'a34ad5f5-9795-46ff-a05e-680d6339d7fd', '2025-07-13 15:24:22.035306+00'),
	('64f99a7e-9601-45a4-9104-0653bae3bace', 'Section Y', 'a34ad5f5-9795-46ff-a05e-680d6339d7fd', '2025-07-13 15:24:22.035306+00'),
	('166b5215-a49a-410c-9373-c2efa3b55da7', 'Section Z', 'a34ad5f5-9795-46ff-a05e-680d6339d7fd', '2025-07-13 15:24:22.035306+00'),
	('53b57f6f-c417-4f34-b511-df7c77ea8ab5', 'Section A', '4e9d51a5-22a5-4398-9db4-bbcf8296b656', '2025-07-13 15:24:22.035306+00'),
	('0127097c-6065-4a23-91bd-7890df2e85f2', 'Section B', '4e9d51a5-22a5-4398-9db4-bbcf8296b656', '2025-07-13 15:24:22.035306+00'),
	('afce939c-5d4f-4863-b4ba-3e4aa684916c', 'Section C', '4e9d51a5-22a5-4398-9db4-bbcf8296b656', '2025-07-13 15:24:22.035306+00'),
	('c351d4b4-2381-48ac-92ad-3a14268df39b', 'Section D', '4e9d51a5-22a5-4398-9db4-bbcf8296b656', '2025-07-13 15:24:22.035306+00'),
	('b377691a-b40b-4226-8c9f-fa3480e930d1', 'Section E', '4e9d51a5-22a5-4398-9db4-bbcf8296b656', '2025-07-13 15:24:22.035306+00'),
	('e36db54b-3479-4f84-9611-d9465dee18fb', 'Section F', '4e9d51a5-22a5-4398-9db4-bbcf8296b656', '2025-07-13 15:24:22.035306+00'),
	('48093af2-2c07-40f1-a681-9eacc219c124', 'Section G', '4e9d51a5-22a5-4398-9db4-bbcf8296b656', '2025-07-13 15:24:22.035306+00'),
	('a5dd3ee8-6e68-409c-91f0-a26c3b2325b1', 'Section H', '4e9d51a5-22a5-4398-9db4-bbcf8296b656', '2025-07-13 15:24:22.035306+00'),
	('e0ffe073-5f8c-4a12-b891-07d503d91d59', 'Section I', '4e9d51a5-22a5-4398-9db4-bbcf8296b656', '2025-07-13 15:24:22.035306+00'),
	('be4e2750-1b14-48b5-bd88-cdbc7043e0cc', 'Section J', '4e9d51a5-22a5-4398-9db4-bbcf8296b656', '2025-07-13 15:24:22.035306+00'),
	('8b8febfc-1d51-476d-a4a1-72c41e91ad62', 'Section K', '4e9d51a5-22a5-4398-9db4-bbcf8296b656', '2025-07-13 15:24:22.035306+00'),
	('b807e0f7-9a45-46bc-892a-220e7a891e8e', 'Section L', '4e9d51a5-22a5-4398-9db4-bbcf8296b656', '2025-07-13 15:24:22.035306+00'),
	('7749ab65-b9d2-49da-99bd-7a02395176b0', 'Section M', '4e9d51a5-22a5-4398-9db4-bbcf8296b656', '2025-07-13 15:24:22.035306+00'),
	('d2cc637c-2bb5-4146-91e4-845be06ca31e', 'Section N', '4e9d51a5-22a5-4398-9db4-bbcf8296b656', '2025-07-13 15:24:22.035306+00'),
	('98aa0e30-0711-4e80-a42b-718042878dbc', 'Section O', '4e9d51a5-22a5-4398-9db4-bbcf8296b656', '2025-07-13 15:24:22.035306+00'),
	('989cd3a3-61fc-4479-b98b-49b8ee1d76ae', 'Section P', '4e9d51a5-22a5-4398-9db4-bbcf8296b656', '2025-07-13 15:24:22.035306+00'),
	('d46a11a1-4fe2-4150-8244-118d55ab4530', 'Section Q', '4e9d51a5-22a5-4398-9db4-bbcf8296b656', '2025-07-13 15:24:22.035306+00'),
	('5aafb4c8-e301-4949-9c7a-a2cd29cf6d5f', 'Section R', '4e9d51a5-22a5-4398-9db4-bbcf8296b656', '2025-07-13 15:24:22.035306+00'),
	('9eccac7d-e1c4-4368-963f-34bfbc7655c7', 'Section S', '4e9d51a5-22a5-4398-9db4-bbcf8296b656', '2025-07-13 15:24:22.035306+00'),
	('0f701e91-09c0-4685-ac3f-92f7d84db07d', 'Section T', '4e9d51a5-22a5-4398-9db4-bbcf8296b656', '2025-07-13 15:24:22.035306+00'),
	('6db11175-ac51-46af-964e-7ed3fa0092b3', 'Section U', '4e9d51a5-22a5-4398-9db4-bbcf8296b656', '2025-07-13 15:24:22.035306+00'),
	('b1951cfc-ca66-42eb-9284-2eb29a40c440', 'Section V', '4e9d51a5-22a5-4398-9db4-bbcf8296b656', '2025-07-13 15:24:22.035306+00'),
	('027da8e8-57b1-4266-8e5a-f8653ab65b36', 'Section W', '4e9d51a5-22a5-4398-9db4-bbcf8296b656', '2025-07-13 15:24:22.035306+00'),
	('f1339d54-dfde-4cfc-9718-24a1d1baa028', 'Section X', '4e9d51a5-22a5-4398-9db4-bbcf8296b656', '2025-07-13 15:24:22.035306+00'),
	('8acbe070-7f44-4b41-969e-87dced1041a4', 'Section Y', '4e9d51a5-22a5-4398-9db4-bbcf8296b656', '2025-07-13 15:24:22.035306+00'),
	('d9d1cfa9-f1ac-4c47-98ea-a262a62fc465', 'Section Z', '4e9d51a5-22a5-4398-9db4-bbcf8296b656', '2025-07-13 15:24:22.035306+00'),
	('ac36edc5-7797-4bb9-b95b-4a9178627bbf', 'Section A', '2bea0813-41f8-4158-8e79-df8a098362db', '2025-07-13 15:24:22.035306+00'),
	('1044be39-b9e4-476f-b963-5e841fcce815', 'Section B', '2bea0813-41f8-4158-8e79-df8a098362db', '2025-07-13 15:24:22.035306+00'),
	('eefdfb6c-591a-4d73-9b2e-dbd11b66cbe9', 'Section C', '2bea0813-41f8-4158-8e79-df8a098362db', '2025-07-13 15:24:22.035306+00'),
	('4cb50ad7-b1a1-47d9-a579-bfbeb6038fe8', 'Section D', '2bea0813-41f8-4158-8e79-df8a098362db', '2025-07-13 15:24:22.035306+00'),
	('9fc54d5f-f0a5-4fb2-a4f2-ce8cfbcae8bf', 'Section E', '2bea0813-41f8-4158-8e79-df8a098362db', '2025-07-13 15:24:22.035306+00'),
	('d3d9064b-7c55-401a-b8ee-67aa371f6b7a', 'Section F', '2bea0813-41f8-4158-8e79-df8a098362db', '2025-07-13 15:24:22.035306+00'),
	('beac2a4f-d57e-432e-a531-c5c16a9da668', 'Section G', '2bea0813-41f8-4158-8e79-df8a098362db', '2025-07-13 15:24:22.035306+00'),
	('3369d9e5-69eb-4e99-b14d-5bb284465c3d', 'Section H', '2bea0813-41f8-4158-8e79-df8a098362db', '2025-07-13 15:24:22.035306+00'),
	('d1fdb81d-66c6-4f13-ab90-9164a6a1b7b0', 'Section I', '2bea0813-41f8-4158-8e79-df8a098362db', '2025-07-13 15:24:22.035306+00'),
	('df643ce3-656a-4e0c-8a5f-5b3804672066', 'Section J', '2bea0813-41f8-4158-8e79-df8a098362db', '2025-07-13 15:24:22.035306+00'),
	('c6877023-6d2e-4577-a45e-9c9b7e048165', 'Section K', '2bea0813-41f8-4158-8e79-df8a098362db', '2025-07-13 15:24:22.035306+00'),
	('f69985f7-5f88-4612-a2bc-31c653223e4e', 'Section L', '2bea0813-41f8-4158-8e79-df8a098362db', '2025-07-13 15:24:22.035306+00'),
	('32e60467-4b10-490e-ab1b-c671be8a02ae', 'Section M', '2bea0813-41f8-4158-8e79-df8a098362db', '2025-07-13 15:24:22.035306+00'),
	('6859f558-e6b2-4a4d-8d22-bf5179a1eec1', 'Section N', '2bea0813-41f8-4158-8e79-df8a098362db', '2025-07-13 15:24:22.035306+00'),
	('ccb0e48d-e868-42df-a7bc-f847bf65538a', 'Section O', '2bea0813-41f8-4158-8e79-df8a098362db', '2025-07-13 15:24:22.035306+00'),
	('442ed439-bdbc-4dd8-ae1f-34d7a72990c7', 'Section P', '2bea0813-41f8-4158-8e79-df8a098362db', '2025-07-13 15:24:22.035306+00'),
	('82b67aac-9123-4ab0-8f4b-b14841fc20fd', 'Section Q', '2bea0813-41f8-4158-8e79-df8a098362db', '2025-07-13 15:24:22.035306+00'),
	('b01ecb86-525f-471d-ae45-1f52f1d074ff', 'Section R', '2bea0813-41f8-4158-8e79-df8a098362db', '2025-07-13 15:24:22.035306+00'),
	('9ff54904-a332-421f-8cdb-b1c9b197809e', 'Section S', '2bea0813-41f8-4158-8e79-df8a098362db', '2025-07-13 15:24:22.035306+00'),
	('bd2fbc3c-8f46-4c5b-a771-cd0bab7961d6', 'Section T', '2bea0813-41f8-4158-8e79-df8a098362db', '2025-07-13 15:24:22.035306+00'),
	('834eff79-20d9-4524-9b1b-930824c6766d', 'Section U', '2bea0813-41f8-4158-8e79-df8a098362db', '2025-07-13 15:24:22.035306+00'),
	('c775b5ea-7cf3-4cc3-91ec-99477279922c', 'Section V', '2bea0813-41f8-4158-8e79-df8a098362db', '2025-07-13 15:24:22.035306+00'),
	('0a2a608e-e240-4a62-a20b-5eb756fea64e', 'Section W', '2bea0813-41f8-4158-8e79-df8a098362db', '2025-07-13 15:24:22.035306+00'),
	('c74397ce-4e83-4403-a213-c8d8446353ea', 'Section X', '2bea0813-41f8-4158-8e79-df8a098362db', '2025-07-13 15:24:22.035306+00'),
	('ec88e70f-3a77-4333-961e-5d1b4fdfaf32', 'Section Y', '2bea0813-41f8-4158-8e79-df8a098362db', '2025-07-13 15:24:22.035306+00'),
	('6da9aa86-1e37-43c1-8f17-13585e3713f9', 'Section Z', '2bea0813-41f8-4158-8e79-df8a098362db', '2025-07-13 15:24:22.035306+00'),
	('94b9041a-1e95-437b-b902-5fc8a6a9fbd4', 'Section A', '0b9e0540-3bb8-4078-bb8b-76b9dc2edcaf', '2025-07-13 15:24:22.035306+00'),
	('be0bd683-385d-4cf8-a5ed-ffb9a3567506', 'Section B', '0b9e0540-3bb8-4078-bb8b-76b9dc2edcaf', '2025-07-13 15:24:22.035306+00'),
	('cd564661-b798-4a03-bdab-f0e2ef764950', 'Section C', '0b9e0540-3bb8-4078-bb8b-76b9dc2edcaf', '2025-07-13 15:24:22.035306+00'),
	('c2406206-5314-4707-914f-b312520027a6', 'Section D', '0b9e0540-3bb8-4078-bb8b-76b9dc2edcaf', '2025-07-13 15:24:22.035306+00'),
	('2ea37ef5-095c-4f79-9a61-86cfe0ff95b8', 'Section E', '0b9e0540-3bb8-4078-bb8b-76b9dc2edcaf', '2025-07-13 15:24:22.035306+00'),
	('14957629-a7df-4e80-b760-cc7f749366f6', 'Section F', '0b9e0540-3bb8-4078-bb8b-76b9dc2edcaf', '2025-07-13 15:24:22.035306+00'),
	('c8146572-167b-4fb7-8e08-f2f4454b03c6', 'Section G', '0b9e0540-3bb8-4078-bb8b-76b9dc2edcaf', '2025-07-13 15:24:22.035306+00'),
	('758f04a8-0702-43bb-a142-d08fd2a92f69', 'Section H', '0b9e0540-3bb8-4078-bb8b-76b9dc2edcaf', '2025-07-13 15:24:22.035306+00'),
	('42ccfd14-5c33-4dc1-9928-acf08f51a1d5', 'Section I', '0b9e0540-3bb8-4078-bb8b-76b9dc2edcaf', '2025-07-13 15:24:22.035306+00'),
	('c44a2c97-c373-4bdc-a814-8ca8ab4eced5', 'Section J', '0b9e0540-3bb8-4078-bb8b-76b9dc2edcaf', '2025-07-13 15:24:22.035306+00'),
	('ba91aa04-7df5-4135-9c7d-9e9c56706412', 'Section K', '0b9e0540-3bb8-4078-bb8b-76b9dc2edcaf', '2025-07-13 15:24:22.035306+00'),
	('c7ba58ee-955c-4e93-ab66-9264d6a14295', 'Section L', '0b9e0540-3bb8-4078-bb8b-76b9dc2edcaf', '2025-07-13 15:24:22.035306+00'),
	('20b48ec3-492c-494f-b3c9-74d98481ab8b', 'Section M', '0b9e0540-3bb8-4078-bb8b-76b9dc2edcaf', '2025-07-13 15:24:22.035306+00'),
	('7eb8ded4-ba72-4403-9ae9-cc948663605a', 'Section N', '0b9e0540-3bb8-4078-bb8b-76b9dc2edcaf', '2025-07-13 15:24:22.035306+00'),
	('33701c4e-2bea-4452-8d48-d9af71eb0921', 'Section O', '0b9e0540-3bb8-4078-bb8b-76b9dc2edcaf', '2025-07-13 15:24:22.035306+00'),
	('69861842-6c43-4884-a304-ec62703f140c', 'Section P', '0b9e0540-3bb8-4078-bb8b-76b9dc2edcaf', '2025-07-13 15:24:22.035306+00'),
	('146c11c6-f19b-4ed7-86cc-cf2fef0d917d', 'Section Q', '0b9e0540-3bb8-4078-bb8b-76b9dc2edcaf', '2025-07-13 15:24:22.035306+00'),
	('364158b9-fe49-402f-bc26-b18a6e334bc0', 'Section R', '0b9e0540-3bb8-4078-bb8b-76b9dc2edcaf', '2025-07-13 15:24:22.035306+00'),
	('a60540b9-b094-42a6-a3d4-ac958a3a6773', 'Section S', '0b9e0540-3bb8-4078-bb8b-76b9dc2edcaf', '2025-07-13 15:24:22.035306+00'),
	('792bc21d-40f4-4184-a971-6a02e473ffb4', 'Section T', '0b9e0540-3bb8-4078-bb8b-76b9dc2edcaf', '2025-07-13 15:24:22.035306+00'),
	('8edab709-4688-48eb-80dd-79a081b42362', 'Section U', '0b9e0540-3bb8-4078-bb8b-76b9dc2edcaf', '2025-07-13 15:24:22.035306+00'),
	('b88d0bbf-872b-48da-a1fb-2f78927b15b3', 'Section V', '0b9e0540-3bb8-4078-bb8b-76b9dc2edcaf', '2025-07-13 15:24:22.035306+00'),
	('9d335a62-4ab7-4583-9d9d-f258e6d49da9', 'Section W', '0b9e0540-3bb8-4078-bb8b-76b9dc2edcaf', '2025-07-13 15:24:22.035306+00'),
	('d78993b8-ac4d-4b7c-973b-23799e3aec0d', 'Section X', '0b9e0540-3bb8-4078-bb8b-76b9dc2edcaf', '2025-07-13 15:24:22.035306+00'),
	('5a60ab0b-93d8-4f27-9061-ff8b77261e76', 'Section Y', '0b9e0540-3bb8-4078-bb8b-76b9dc2edcaf', '2025-07-13 15:24:22.035306+00'),
	('37837fc1-a906-4295-a60b-b8ce816a2c6e', 'Section Z', '0b9e0540-3bb8-4078-bb8b-76b9dc2edcaf', '2025-07-13 15:24:22.035306+00'),
	('aed04b13-bd87-40a4-92a5-168b64c6b987', 'Section A', '7d51e611-4d4a-496b-b895-fb6ece49ac66', '2025-07-13 15:24:22.035306+00'),
	('1419d650-0cab-4daa-80ee-e0d94def2ac3', 'Section B', '7d51e611-4d4a-496b-b895-fb6ece49ac66', '2025-07-13 15:24:22.035306+00'),
	('15922f12-3c9d-4259-a3f4-7b7e4edcdcb2', 'Section C', '7d51e611-4d4a-496b-b895-fb6ece49ac66', '2025-07-13 15:24:22.035306+00'),
	('6c8f3d12-da73-4e87-9604-cc085a270194', 'Section D', '7d51e611-4d4a-496b-b895-fb6ece49ac66', '2025-07-13 15:24:22.035306+00'),
	('57494c43-90dc-4620-b15b-79fb466a77a0', 'Section E', '7d51e611-4d4a-496b-b895-fb6ece49ac66', '2025-07-13 15:24:22.035306+00'),
	('370eeb3b-06c7-4fd9-a8d5-4bcb4dd3b746', 'Section F', '7d51e611-4d4a-496b-b895-fb6ece49ac66', '2025-07-13 15:24:22.035306+00'),
	('d33bab55-0ef7-4b4f-a277-1493f6b266d2', 'Section G', '7d51e611-4d4a-496b-b895-fb6ece49ac66', '2025-07-13 15:24:22.035306+00'),
	('e0fd7fd9-4739-43f3-a55a-1e7ebc6f392f', 'Section H', '7d51e611-4d4a-496b-b895-fb6ece49ac66', '2025-07-13 15:24:22.035306+00'),
	('a8a27f44-7030-43e5-b84e-550d7315741a', 'Section I', '7d51e611-4d4a-496b-b895-fb6ece49ac66', '2025-07-13 15:24:22.035306+00'),
	('666f1245-9d0d-4dfe-a939-8c2a0837eb69', 'Section J', '7d51e611-4d4a-496b-b895-fb6ece49ac66', '2025-07-13 15:24:22.035306+00'),
	('98bcb287-ea74-4b50-9c11-7e055e1208b3', 'Section K', '7d51e611-4d4a-496b-b895-fb6ece49ac66', '2025-07-13 15:24:22.035306+00'),
	('26f5ab82-167a-4ee1-8b88-9608b47a3be3', 'Section L', '7d51e611-4d4a-496b-b895-fb6ece49ac66', '2025-07-13 15:24:22.035306+00'),
	('ee28ef66-264f-43c0-96d2-d6d1879a1b5f', 'Section M', '7d51e611-4d4a-496b-b895-fb6ece49ac66', '2025-07-13 15:24:22.035306+00'),
	('ed0d553e-0a7f-4746-b50c-80b9b5bcedf5', 'Section N', '7d51e611-4d4a-496b-b895-fb6ece49ac66', '2025-07-13 15:24:22.035306+00'),
	('3e8904ae-339b-4acf-b5a3-8a931dd65ec7', 'Section O', '7d51e611-4d4a-496b-b895-fb6ece49ac66', '2025-07-13 15:24:22.035306+00'),
	('ac85f850-4d91-4a31-a91b-aade9661b1cb', 'Section P', '7d51e611-4d4a-496b-b895-fb6ece49ac66', '2025-07-13 15:24:22.035306+00'),
	('f479ea7c-0733-4395-874e-b23173a09936', 'Section Q', '7d51e611-4d4a-496b-b895-fb6ece49ac66', '2025-07-13 15:24:22.035306+00'),
	('9f8afc94-ac51-4c04-9d7d-bf1440328b17', 'Section R', '7d51e611-4d4a-496b-b895-fb6ece49ac66', '2025-07-13 15:24:22.035306+00'),
	('b9f619f1-cebe-4b1f-8b67-ba4c31612896', 'Section S', '7d51e611-4d4a-496b-b895-fb6ece49ac66', '2025-07-13 15:24:22.035306+00'),
	('b87acf47-d132-440d-b2a6-79534006eff2', 'Section T', '7d51e611-4d4a-496b-b895-fb6ece49ac66', '2025-07-13 15:24:22.035306+00'),
	('b802f72e-e6c0-4f80-8fbe-8c6a4bd7c418', 'Section U', '7d51e611-4d4a-496b-b895-fb6ece49ac66', '2025-07-13 15:24:22.035306+00'),
	('6521c761-0cdd-4749-8435-ac367ac82888', 'Section V', '7d51e611-4d4a-496b-b895-fb6ece49ac66', '2025-07-13 15:24:22.035306+00'),
	('3b893dfe-f099-4050-a21f-b2b6562b642b', 'Section W', '7d51e611-4d4a-496b-b895-fb6ece49ac66', '2025-07-13 15:24:22.035306+00'),
	('b7ad662f-0193-472f-bfce-99d2ccba344f', 'Section X', '7d51e611-4d4a-496b-b895-fb6ece49ac66', '2025-07-13 15:24:22.035306+00'),
	('b443bddc-1c2f-4735-85fb-5ec2991805cb', 'Section Y', '7d51e611-4d4a-496b-b895-fb6ece49ac66', '2025-07-13 15:24:22.035306+00'),
	('6b9c6dfa-954b-46f6-9beb-6b55135d3e76', 'Section Z', '7d51e611-4d4a-496b-b895-fb6ece49ac66', '2025-07-13 15:24:22.035306+00'),
	('6332cb52-8d0f-4052-b778-77aff5abda19', 'Section A', 'b5fe63ff-4f47-4b08-818d-60b69d10e0a8', '2025-07-13 15:24:22.035306+00'),
	('4f8faad5-5274-4a1d-863c-e2bb5b374c61', 'Section B', 'b5fe63ff-4f47-4b08-818d-60b69d10e0a8', '2025-07-13 15:24:22.035306+00'),
	('4db1743e-06fa-4173-9708-538c8fe53388', 'Section C', 'b5fe63ff-4f47-4b08-818d-60b69d10e0a8', '2025-07-13 15:24:22.035306+00'),
	('d4d0d135-8da5-4583-b403-0d228c77c06b', 'Section D', 'b5fe63ff-4f47-4b08-818d-60b69d10e0a8', '2025-07-13 15:24:22.035306+00'),
	('401fd8b9-7ff0-4359-9231-c37abcf2bcfa', 'Section E', 'b5fe63ff-4f47-4b08-818d-60b69d10e0a8', '2025-07-13 15:24:22.035306+00'),
	('c1751f58-8d85-40c3-9451-76cb1007467d', 'Section F', 'b5fe63ff-4f47-4b08-818d-60b69d10e0a8', '2025-07-13 15:24:22.035306+00'),
	('89c8e116-9515-4083-b570-771369de5c16', 'Section G', 'b5fe63ff-4f47-4b08-818d-60b69d10e0a8', '2025-07-13 15:24:22.035306+00'),
	('fce52932-ed0f-4000-b4b4-4bbdf728d2ef', 'Section H', 'b5fe63ff-4f47-4b08-818d-60b69d10e0a8', '2025-07-13 15:24:22.035306+00'),
	('3f2fe47c-ac3a-42c5-a227-fd5bdcb6f46c', 'Section I', 'b5fe63ff-4f47-4b08-818d-60b69d10e0a8', '2025-07-13 15:24:22.035306+00'),
	('128bd48c-6a9c-4d2b-854c-63dc919cfa48', 'Section J', 'b5fe63ff-4f47-4b08-818d-60b69d10e0a8', '2025-07-13 15:24:22.035306+00'),
	('d1014d35-4cd4-4fb5-9407-124407d90334', 'Section K', 'b5fe63ff-4f47-4b08-818d-60b69d10e0a8', '2025-07-13 15:24:22.035306+00'),
	('27dac07b-0d3b-40b3-b919-88046e84fd5d', 'Section L', 'b5fe63ff-4f47-4b08-818d-60b69d10e0a8', '2025-07-13 15:24:22.035306+00'),
	('b27384ff-5983-4d8c-9f57-f948becc2888', 'Section M', 'b5fe63ff-4f47-4b08-818d-60b69d10e0a8', '2025-07-13 15:24:22.035306+00'),
	('09ed4f1b-4e4d-43d6-9ff0-eee9c514eb75', 'Section N', 'b5fe63ff-4f47-4b08-818d-60b69d10e0a8', '2025-07-13 15:24:22.035306+00'),
	('7483194f-fcf3-4c11-9c04-423c71a932c8', 'Section O', 'b5fe63ff-4f47-4b08-818d-60b69d10e0a8', '2025-07-13 15:24:22.035306+00'),
	('1bc96c1d-38b9-40ca-ad91-73e1b87452b0', 'Section P', 'b5fe63ff-4f47-4b08-818d-60b69d10e0a8', '2025-07-13 15:24:22.035306+00'),
	('def49071-e000-4eb4-b473-4ac7ad8b7958', 'Section Q', 'b5fe63ff-4f47-4b08-818d-60b69d10e0a8', '2025-07-13 15:24:22.035306+00'),
	('812be441-715e-4c87-9dee-df5f3639d14e', 'Section R', 'b5fe63ff-4f47-4b08-818d-60b69d10e0a8', '2025-07-13 15:24:22.035306+00'),
	('923a9442-2d1e-4497-9beb-2bca8d2c6594', 'Section S', 'b5fe63ff-4f47-4b08-818d-60b69d10e0a8', '2025-07-13 15:24:22.035306+00'),
	('59fc5ad3-e268-46db-8460-58c70e0a65a8', 'Section T', 'b5fe63ff-4f47-4b08-818d-60b69d10e0a8', '2025-07-13 15:24:22.035306+00'),
	('67b4f529-e3cc-4d53-9772-440ce63afbfc', 'Section U', 'b5fe63ff-4f47-4b08-818d-60b69d10e0a8', '2025-07-13 15:24:22.035306+00'),
	('d9f7b6ee-07f2-47c5-9320-6e8fe4a3ece8', 'Section V', 'b5fe63ff-4f47-4b08-818d-60b69d10e0a8', '2025-07-13 15:24:22.035306+00'),
	('e3d9d73f-be40-47b7-8b1d-8c4a4367eea0', 'Section W', 'b5fe63ff-4f47-4b08-818d-60b69d10e0a8', '2025-07-13 15:24:22.035306+00'),
	('d7e144b6-ca3d-4508-8903-87d12f54e919', 'Section X', 'b5fe63ff-4f47-4b08-818d-60b69d10e0a8', '2025-07-13 15:24:22.035306+00'),
	('e25316ed-3336-4d97-a034-df75196a5244', 'Section Y', 'b5fe63ff-4f47-4b08-818d-60b69d10e0a8', '2025-07-13 15:24:22.035306+00'),
	('599b195f-fe7f-4ccd-a50d-73fea335f8ae', 'Section Z', 'b5fe63ff-4f47-4b08-818d-60b69d10e0a8', '2025-07-13 15:24:22.035306+00'),
	('6229e55b-ae83-4016-a866-16005003f705', 'Section A', '23d05281-ad6d-40de-9a59-c12fae303f4e', '2025-07-13 15:24:22.035306+00'),
	('72ac3bdb-badc-4ee4-80f4-d1be1cf7c5ab', 'Section B', '23d05281-ad6d-40de-9a59-c12fae303f4e', '2025-07-13 15:24:22.035306+00'),
	('268efb14-8629-4ce6-89e8-32103a958c83', 'Section C', '23d05281-ad6d-40de-9a59-c12fae303f4e', '2025-07-13 15:24:22.035306+00'),
	('16ac98aa-6bb8-4aa9-8183-13397975534c', 'Section D', '23d05281-ad6d-40de-9a59-c12fae303f4e', '2025-07-13 15:24:22.035306+00'),
	('a255bec5-2510-4075-9bd7-fe6f72b10e62', 'Section E', '23d05281-ad6d-40de-9a59-c12fae303f4e', '2025-07-13 15:24:22.035306+00'),
	('da619e78-8a99-4bb1-84f5-6ae9a9ef95c6', 'Section F', '23d05281-ad6d-40de-9a59-c12fae303f4e', '2025-07-13 15:24:22.035306+00'),
	('3ad535e2-0bd9-401a-9c18-a1361294bfae', 'Section G', '23d05281-ad6d-40de-9a59-c12fae303f4e', '2025-07-13 15:24:22.035306+00'),
	('8d2f67ce-649e-4dce-9acd-878be0b62ebf', 'Section H', '23d05281-ad6d-40de-9a59-c12fae303f4e', '2025-07-13 15:24:22.035306+00'),
	('acaf52a3-bbcd-4266-9377-e45abe414a29', 'Section I', '23d05281-ad6d-40de-9a59-c12fae303f4e', '2025-07-13 15:24:22.035306+00'),
	('941da491-873f-4737-a63d-2eb3c0fdc6e0', 'Section J', '23d05281-ad6d-40de-9a59-c12fae303f4e', '2025-07-13 15:24:22.035306+00'),
	('0132fdf4-d974-465e-b73b-c4cce27b5628', 'Section K', '23d05281-ad6d-40de-9a59-c12fae303f4e', '2025-07-13 15:24:22.035306+00'),
	('db8485b8-5b29-4fc6-afe6-01c96a73f27b', 'Section L', '23d05281-ad6d-40de-9a59-c12fae303f4e', '2025-07-13 15:24:22.035306+00'),
	('804ab97d-ca9f-4333-a748-adec9e0669e1', 'Section M', '23d05281-ad6d-40de-9a59-c12fae303f4e', '2025-07-13 15:24:22.035306+00'),
	('d67a4baf-5dd7-4676-bb04-de95bffc9a32', 'Section N', '23d05281-ad6d-40de-9a59-c12fae303f4e', '2025-07-13 15:24:22.035306+00'),
	('168c3a3d-ad4f-458a-8507-16ce5d8f3f17', 'Section O', '23d05281-ad6d-40de-9a59-c12fae303f4e', '2025-07-13 15:24:22.035306+00'),
	('b8706784-3ad4-4146-84c8-601551d2d4c2', 'Section P', '23d05281-ad6d-40de-9a59-c12fae303f4e', '2025-07-13 15:24:22.035306+00'),
	('41ccd8d7-2cc9-4dae-b4dc-67999ae6f5db', 'Section Q', '23d05281-ad6d-40de-9a59-c12fae303f4e', '2025-07-13 15:24:22.035306+00'),
	('1ba06cfd-a453-47eb-9aa2-c0f74645a9b9', 'Section R', '23d05281-ad6d-40de-9a59-c12fae303f4e', '2025-07-13 15:24:22.035306+00'),
	('6d64d8ab-58cc-4009-8aff-39fb5af44caf', 'Section S', '23d05281-ad6d-40de-9a59-c12fae303f4e', '2025-07-13 15:24:22.035306+00'),
	('27072e5c-8244-4e08-a507-a8b53aa779fd', 'Section T', '23d05281-ad6d-40de-9a59-c12fae303f4e', '2025-07-13 15:24:22.035306+00'),
	('bf4b079c-7b8d-4d35-b9e5-0ed61f05ddff', 'Section U', '23d05281-ad6d-40de-9a59-c12fae303f4e', '2025-07-13 15:24:22.035306+00'),
	('2adff187-f4fc-4e54-bbb2-2ef8abbd9d78', 'Section V', '23d05281-ad6d-40de-9a59-c12fae303f4e', '2025-07-13 15:24:22.035306+00'),
	('ed11c347-a140-4ae1-bac8-83c7422f58df', 'Section W', '23d05281-ad6d-40de-9a59-c12fae303f4e', '2025-07-13 15:24:22.035306+00'),
	('39cb996b-4e6f-4197-bd10-89d201d8ca2f', 'Section X', '23d05281-ad6d-40de-9a59-c12fae303f4e', '2025-07-13 15:24:22.035306+00'),
	('992ae66d-c2c8-450f-917e-a0cad2887eb1', 'Section Y', '23d05281-ad6d-40de-9a59-c12fae303f4e', '2025-07-13 15:24:22.035306+00'),
	('ba4ecf92-b478-40c5-990c-731d86787871', 'Section Z', '23d05281-ad6d-40de-9a59-c12fae303f4e', '2025-07-13 15:24:22.035306+00'),
	('495024d0-b977-4e9a-a5a3-bbbaddd419c2', 'Section A', '667cd96f-b917-4fc6-a941-07983050b995', '2025-07-13 15:24:22.035306+00'),
	('c4a7a738-5bca-44b2-803a-8eb3f34eb29d', 'Section B', '667cd96f-b917-4fc6-a941-07983050b995', '2025-07-13 15:24:22.035306+00'),
	('dfd32815-f565-40d2-88a3-a5677a94f3ae', 'Section C', '667cd96f-b917-4fc6-a941-07983050b995', '2025-07-13 15:24:22.035306+00'),
	('30aa0a38-27d2-4acb-a617-4f0b74970bb3', 'Section D', '667cd96f-b917-4fc6-a941-07983050b995', '2025-07-13 15:24:22.035306+00'),
	('3267c9c2-ceb2-4a8e-bcea-6b5cae6985e9', 'Section E', '667cd96f-b917-4fc6-a941-07983050b995', '2025-07-13 15:24:22.035306+00'),
	('3ae7ed3c-d612-4d67-b7c9-8d6885a7f8dd', 'Section F', '667cd96f-b917-4fc6-a941-07983050b995', '2025-07-13 15:24:22.035306+00'),
	('1468b02b-7768-46c3-8d0c-078a0b52b1d6', 'Section G', '667cd96f-b917-4fc6-a941-07983050b995', '2025-07-13 15:24:22.035306+00'),
	('88d05251-deec-4d00-b9eb-7cc52377bf0f', 'Section H', '667cd96f-b917-4fc6-a941-07983050b995', '2025-07-13 15:24:22.035306+00'),
	('b7e55da1-742d-423d-a811-1368bce66bfa', 'Section I', '667cd96f-b917-4fc6-a941-07983050b995', '2025-07-13 15:24:22.035306+00'),
	('27cb4df8-f0f4-4d69-b96e-27bc74ada5d8', 'Section J', '667cd96f-b917-4fc6-a941-07983050b995', '2025-07-13 15:24:22.035306+00'),
	('0b38453f-dcc0-4b85-a70c-acf4037d869c', 'Section K', '667cd96f-b917-4fc6-a941-07983050b995', '2025-07-13 15:24:22.035306+00'),
	('d58242c3-4817-4884-a2f5-fcfa957712a4', 'Section L', '667cd96f-b917-4fc6-a941-07983050b995', '2025-07-13 15:24:22.035306+00'),
	('41ca707c-e717-4e9d-9094-78b42600ad01', 'Section M', '667cd96f-b917-4fc6-a941-07983050b995', '2025-07-13 15:24:22.035306+00'),
	('6dde6f5b-0b5f-4c42-a579-37e20476f100', 'Section N', '667cd96f-b917-4fc6-a941-07983050b995', '2025-07-13 15:24:22.035306+00'),
	('83f50f20-2b5d-4b8e-b9c2-e70508225c81', 'Section O', '667cd96f-b917-4fc6-a941-07983050b995', '2025-07-13 15:24:22.035306+00'),
	('477eccca-b919-4a9a-914f-0b00956ea798', 'Section P', '667cd96f-b917-4fc6-a941-07983050b995', '2025-07-13 15:24:22.035306+00'),
	('4271fb91-b404-4247-aa0b-1b43e84134cc', 'Section Q', '667cd96f-b917-4fc6-a941-07983050b995', '2025-07-13 15:24:22.035306+00'),
	('0f2262a4-e85d-4890-841b-5b3b573b1fe4', 'Section R', '667cd96f-b917-4fc6-a941-07983050b995', '2025-07-13 15:24:22.035306+00'),
	('c6b6d115-d220-426d-9486-3d3f6714b3c7', 'Section S', '667cd96f-b917-4fc6-a941-07983050b995', '2025-07-13 15:24:22.035306+00'),
	('36dfa2bf-adaf-485c-b429-3d9747f347dd', 'Section T', '667cd96f-b917-4fc6-a941-07983050b995', '2025-07-13 15:24:22.035306+00'),
	('df7aeafb-cac5-4010-83e0-696728e5c7b0', 'Section U', '667cd96f-b917-4fc6-a941-07983050b995', '2025-07-13 15:24:22.035306+00'),
	('f4d02f20-c922-4119-98a6-b64e15bafb02', 'Section V', '667cd96f-b917-4fc6-a941-07983050b995', '2025-07-13 15:24:22.035306+00'),
	('1d666495-e74f-4f03-a40e-d7ea6596e9c6', 'Section W', '667cd96f-b917-4fc6-a941-07983050b995', '2025-07-13 15:24:22.035306+00'),
	('05a8c9e5-d675-4ee7-bb2a-26056e13d451', 'Section X', '667cd96f-b917-4fc6-a941-07983050b995', '2025-07-13 15:24:22.035306+00'),
	('2375eeff-4e75-4cde-95e7-077057eb9c2f', 'Section Y', '667cd96f-b917-4fc6-a941-07983050b995', '2025-07-13 15:24:22.035306+00'),
	('dc197866-98fe-4d86-ad82-2492a86a6db2', 'Section Z', '667cd96f-b917-4fc6-a941-07983050b995', '2025-07-13 15:24:22.035306+00'),
	('1d203a34-872e-4fef-8b94-3b2acba01d86', 'Section A', '26fb0c7b-a2c9-4d4a-a3e2-9425a46057cc', '2025-07-13 15:24:22.035306+00'),
	('7ca832b2-1166-47b8-a2f5-5b1ec1a27f63', 'Section B', '26fb0c7b-a2c9-4d4a-a3e2-9425a46057cc', '2025-07-13 15:24:22.035306+00'),
	('93bae6d6-5b0f-4aa8-a609-4933c7613889', 'Section C', '26fb0c7b-a2c9-4d4a-a3e2-9425a46057cc', '2025-07-13 15:24:22.035306+00'),
	('479bcf4b-66b4-465d-8b74-b6abd6c7b2d0', 'Section D', '26fb0c7b-a2c9-4d4a-a3e2-9425a46057cc', '2025-07-13 15:24:22.035306+00'),
	('2db4b88e-ed8f-40fd-bed7-941d0ac71718', 'Section E', '26fb0c7b-a2c9-4d4a-a3e2-9425a46057cc', '2025-07-13 15:24:22.035306+00'),
	('cf4819f0-ce42-4045-9318-5842dea54079', 'Section F', '26fb0c7b-a2c9-4d4a-a3e2-9425a46057cc', '2025-07-13 15:24:22.035306+00'),
	('67b6a8ee-87ae-403c-8aaa-591b52a55df9', 'Section G', '26fb0c7b-a2c9-4d4a-a3e2-9425a46057cc', '2025-07-13 15:24:22.035306+00'),
	('1076c1e5-2ab7-46aa-b193-773b55eddbb6', 'Section H', '26fb0c7b-a2c9-4d4a-a3e2-9425a46057cc', '2025-07-13 15:24:22.035306+00'),
	('722a8a1c-40c0-4e00-aa1f-26203ec5ca5e', 'Section I', '26fb0c7b-a2c9-4d4a-a3e2-9425a46057cc', '2025-07-13 15:24:22.035306+00'),
	('fc8f92df-8075-4b7b-827d-a53e98ac039c', 'Section J', '26fb0c7b-a2c9-4d4a-a3e2-9425a46057cc', '2025-07-13 15:24:22.035306+00'),
	('6e80ab5f-e6e5-45cc-bdfa-3b8d50fa907f', 'Section K', '26fb0c7b-a2c9-4d4a-a3e2-9425a46057cc', '2025-07-13 15:24:22.035306+00'),
	('5c3ffaf6-6dc3-4f4f-945e-17e71d0aa39d', 'Section L', '26fb0c7b-a2c9-4d4a-a3e2-9425a46057cc', '2025-07-13 15:24:22.035306+00'),
	('09dd1978-30f5-4a9a-930b-37161ebce321', 'Section M', '26fb0c7b-a2c9-4d4a-a3e2-9425a46057cc', '2025-07-13 15:24:22.035306+00'),
	('1a1fc46f-b2d9-43a5-9d20-607dc5a5e185', 'Section N', '26fb0c7b-a2c9-4d4a-a3e2-9425a46057cc', '2025-07-13 15:24:22.035306+00'),
	('590cbdbe-d1b4-465a-949d-2cf53ad61e7b', 'Section O', '26fb0c7b-a2c9-4d4a-a3e2-9425a46057cc', '2025-07-13 15:24:22.035306+00'),
	('b1dc4dc9-43ed-42a4-bfb5-7ce110c144ce', 'Section P', '26fb0c7b-a2c9-4d4a-a3e2-9425a46057cc', '2025-07-13 15:24:22.035306+00'),
	('85ccb2b6-b6f9-4e62-9ab5-e425f0edcfb0', 'Section Q', '26fb0c7b-a2c9-4d4a-a3e2-9425a46057cc', '2025-07-13 15:24:22.035306+00'),
	('e1d1ff2a-8bc9-43de-8d88-24f017f5f495', 'Section R', '26fb0c7b-a2c9-4d4a-a3e2-9425a46057cc', '2025-07-13 15:24:22.035306+00'),
	('f6db0c51-6e07-4104-a684-873a6a670e61', 'Section S', '26fb0c7b-a2c9-4d4a-a3e2-9425a46057cc', '2025-07-13 15:24:22.035306+00'),
	('4479d0f1-d076-4dad-a410-50d0bfd6725e', 'Section T', '26fb0c7b-a2c9-4d4a-a3e2-9425a46057cc', '2025-07-13 15:24:22.035306+00'),
	('a778e297-2e4b-436a-813e-fd6042ccb4c2', 'Section U', '26fb0c7b-a2c9-4d4a-a3e2-9425a46057cc', '2025-07-13 15:24:22.035306+00'),
	('bca4fe51-3eee-4e5c-9eae-2eedc2b9d33c', 'Section V', '26fb0c7b-a2c9-4d4a-a3e2-9425a46057cc', '2025-07-13 15:24:22.035306+00'),
	('94d76d62-7a7d-4dde-a8a4-dd34073ab297', 'Section W', '26fb0c7b-a2c9-4d4a-a3e2-9425a46057cc', '2025-07-13 15:24:22.035306+00'),
	('07903ca6-844c-4a3d-a85b-b511b9bdf1e3', 'Section X', '26fb0c7b-a2c9-4d4a-a3e2-9425a46057cc', '2025-07-13 15:24:22.035306+00'),
	('5faa6cbc-d7a3-453f-bde1-c328eaae3586', 'Section Y', '26fb0c7b-a2c9-4d4a-a3e2-9425a46057cc', '2025-07-13 15:24:22.035306+00'),
	('5e7fb010-8564-4029-b793-651c41dcf6f3', 'Section Z', '26fb0c7b-a2c9-4d4a-a3e2-9425a46057cc', '2025-07-13 15:24:22.035306+00'),
	('d0483510-27c9-45f9-aba1-4954e23f3a72', 'Section A', '4893b77e-ebb2-438b-aede-38a928dff077', '2025-07-13 15:24:22.035306+00'),
	('b3a2ecb5-f833-407e-a8d2-fd2be6bc6289', 'Section B', '4893b77e-ebb2-438b-aede-38a928dff077', '2025-07-13 15:24:22.035306+00'),
	('4960a0eb-2b21-4a69-9f53-a912fb0a31f2', 'Section C', '4893b77e-ebb2-438b-aede-38a928dff077', '2025-07-13 15:24:22.035306+00'),
	('ec0dba6a-640c-4950-b96f-01d355b9ab9f', 'Section D', '4893b77e-ebb2-438b-aede-38a928dff077', '2025-07-13 15:24:22.035306+00'),
	('cf829a33-1ccc-4f68-8bde-824bb654c2e8', 'Section E', '4893b77e-ebb2-438b-aede-38a928dff077', '2025-07-13 15:24:22.035306+00'),
	('0501fe20-00d0-422a-bcc8-048ad8e7e3d1', 'Section F', '4893b77e-ebb2-438b-aede-38a928dff077', '2025-07-13 15:24:22.035306+00'),
	('d567aaf0-ae0f-4a05-8986-14636fc1acb0', 'Section G', '4893b77e-ebb2-438b-aede-38a928dff077', '2025-07-13 15:24:22.035306+00'),
	('9e3bd9d0-2096-44dc-ac28-1212784126e5', 'Section H', '4893b77e-ebb2-438b-aede-38a928dff077', '2025-07-13 15:24:22.035306+00'),
	('378704ec-afbe-4796-a158-edaba6b1e6d0', 'Section I', '4893b77e-ebb2-438b-aede-38a928dff077', '2025-07-13 15:24:22.035306+00'),
	('b77a6bd3-c8f4-4ee4-8f56-bae908ea2a03', 'Section J', '4893b77e-ebb2-438b-aede-38a928dff077', '2025-07-13 15:24:22.035306+00'),
	('44c6cad7-40e8-475f-b640-ae7d34520b49', 'Section K', '4893b77e-ebb2-438b-aede-38a928dff077', '2025-07-13 15:24:22.035306+00'),
	('43c50771-4938-44af-ae89-3b146a5754af', 'Section L', '4893b77e-ebb2-438b-aede-38a928dff077', '2025-07-13 15:24:22.035306+00'),
	('83d11104-de66-442f-99b1-5845a4c87a92', 'Section M', '4893b77e-ebb2-438b-aede-38a928dff077', '2025-07-13 15:24:22.035306+00'),
	('86e78239-3b60-44d5-b206-ed85edc67375', 'Section N', '4893b77e-ebb2-438b-aede-38a928dff077', '2025-07-13 15:24:22.035306+00'),
	('0aba5542-d64c-447f-8f6d-abe4d18dba4a', 'Section O', '4893b77e-ebb2-438b-aede-38a928dff077', '2025-07-13 15:24:22.035306+00'),
	('66a525ed-41b1-4f98-958f-b74de6a9376f', 'Section P', '4893b77e-ebb2-438b-aede-38a928dff077', '2025-07-13 15:24:22.035306+00'),
	('e8215bfb-7050-416f-83de-c55ae0c07795', 'Section Q', '4893b77e-ebb2-438b-aede-38a928dff077', '2025-07-13 15:24:22.035306+00'),
	('ea0d69b4-aca6-4935-aaa8-819c1dfa8c77', 'Section R', '4893b77e-ebb2-438b-aede-38a928dff077', '2025-07-13 15:24:22.035306+00'),
	('62c7aefc-a100-4506-abcc-6f758ce04338', 'Section S', '4893b77e-ebb2-438b-aede-38a928dff077', '2025-07-13 15:24:22.035306+00'),
	('c7462e97-6e67-49fb-a408-3eda5ccd72bc', 'Section T', '4893b77e-ebb2-438b-aede-38a928dff077', '2025-07-13 15:24:22.035306+00'),
	('7d5c4945-060f-44d0-9579-b3b728d8790c', 'Section U', '4893b77e-ebb2-438b-aede-38a928dff077', '2025-07-13 15:24:22.035306+00'),
	('36a3eb34-87c4-4484-b0a3-89315ed59c2e', 'Section V', '4893b77e-ebb2-438b-aede-38a928dff077', '2025-07-13 15:24:22.035306+00'),
	('50c652d9-5d6d-4aab-8d88-a86375807519', 'Section W', '4893b77e-ebb2-438b-aede-38a928dff077', '2025-07-13 15:24:22.035306+00'),
	('4301b85d-0e8b-44c0-b71f-fafd5a29f6c4', 'Section X', '4893b77e-ebb2-438b-aede-38a928dff077', '2025-07-13 15:24:22.035306+00'),
	('b9dfc79f-c504-4e04-8652-989c68d3a96e', 'Section Y', '4893b77e-ebb2-438b-aede-38a928dff077', '2025-07-13 15:24:22.035306+00'),
	('34450e8d-e763-4241-8138-8ba93432d5c1', 'Section Z', '4893b77e-ebb2-438b-aede-38a928dff077', '2025-07-13 15:24:22.035306+00'),
	('7eead9de-92d5-42b4-ab8a-affeb8903733', 'Section A', 'de7c83e5-6ab1-4f6c-8dbc-595c489d602e', '2025-07-13 15:24:22.035306+00'),
	('c98dbdd5-3f61-495a-b9b7-38240b719d5e', 'Section B', 'de7c83e5-6ab1-4f6c-8dbc-595c489d602e', '2025-07-13 15:24:22.035306+00'),
	('675f3cc2-80b7-4a21-8681-3eec902f1d2a', 'Section C', 'de7c83e5-6ab1-4f6c-8dbc-595c489d602e', '2025-07-13 15:24:22.035306+00'),
	('b504758f-fd0b-4817-9437-c6b0527f28ea', 'Section D', 'de7c83e5-6ab1-4f6c-8dbc-595c489d602e', '2025-07-13 15:24:22.035306+00'),
	('a9796586-1a2b-4931-980d-2ca900103f2c', 'Section E', 'de7c83e5-6ab1-4f6c-8dbc-595c489d602e', '2025-07-13 15:24:22.035306+00'),
	('219ad5e8-a74d-4bd0-a31c-c0e6cdcdefcf', 'Section F', 'de7c83e5-6ab1-4f6c-8dbc-595c489d602e', '2025-07-13 15:24:22.035306+00'),
	('7700f3dd-2120-47d1-a826-115ce449951d', 'Section G', 'de7c83e5-6ab1-4f6c-8dbc-595c489d602e', '2025-07-13 15:24:22.035306+00'),
	('2aa9a7d6-a431-4363-a2d2-510a92fec189', 'Section H', 'de7c83e5-6ab1-4f6c-8dbc-595c489d602e', '2025-07-13 15:24:22.035306+00'),
	('746c35e8-74f7-45c0-94f9-2ea5f361d442', 'Section I', 'de7c83e5-6ab1-4f6c-8dbc-595c489d602e', '2025-07-13 15:24:22.035306+00'),
	('5e68ad5c-7f40-48f3-90ad-87a29b548d5c', 'Section J', 'de7c83e5-6ab1-4f6c-8dbc-595c489d602e', '2025-07-13 15:24:22.035306+00'),
	('4fa195eb-8646-411a-859e-c9532eae2acd', 'Section K', 'de7c83e5-6ab1-4f6c-8dbc-595c489d602e', '2025-07-13 15:24:22.035306+00'),
	('93265d8d-66bb-4c1b-9029-be9ab6289b03', 'Section L', 'de7c83e5-6ab1-4f6c-8dbc-595c489d602e', '2025-07-13 15:24:22.035306+00'),
	('a7d66606-ca18-4ce0-8b7c-4918da17da3f', 'Section M', 'de7c83e5-6ab1-4f6c-8dbc-595c489d602e', '2025-07-13 15:24:22.035306+00'),
	('2bea29a7-466a-45ee-9cec-8b4ccd5e4ffe', 'Section N', 'de7c83e5-6ab1-4f6c-8dbc-595c489d602e', '2025-07-13 15:24:22.035306+00'),
	('831bae44-a819-4b89-b661-99d1175d57bd', 'Section O', 'de7c83e5-6ab1-4f6c-8dbc-595c489d602e', '2025-07-13 15:24:22.035306+00'),
	('c939c14c-71d3-4a50-ab46-19b9e0e993e2', 'Section P', 'de7c83e5-6ab1-4f6c-8dbc-595c489d602e', '2025-07-13 15:24:22.035306+00'),
	('9cabec58-2d7a-4bf7-bb7e-977f90aa3c25', 'Section Q', 'de7c83e5-6ab1-4f6c-8dbc-595c489d602e', '2025-07-13 15:24:22.035306+00'),
	('3befce3e-7313-453d-9c26-6db57d178f62', 'Section R', 'de7c83e5-6ab1-4f6c-8dbc-595c489d602e', '2025-07-13 15:24:22.035306+00'),
	('ce58efe4-0397-4d4d-a5b5-13f2f4dcdf2e', 'Section S', 'de7c83e5-6ab1-4f6c-8dbc-595c489d602e', '2025-07-13 15:24:22.035306+00'),
	('58121ad6-4d26-406c-947d-d7625a712d55', 'Section T', 'de7c83e5-6ab1-4f6c-8dbc-595c489d602e', '2025-07-13 15:24:22.035306+00'),
	('a6d89666-e454-49c4-a939-28e67c039e2a', 'Section U', 'de7c83e5-6ab1-4f6c-8dbc-595c489d602e', '2025-07-13 15:24:22.035306+00'),
	('379db2cf-b54e-4a95-a7ec-f9dd6cd7a3d2', 'Section V', 'de7c83e5-6ab1-4f6c-8dbc-595c489d602e', '2025-07-13 15:24:22.035306+00'),
	('95aaf956-d565-458d-b0c1-b49774982d27', 'Section W', 'de7c83e5-6ab1-4f6c-8dbc-595c489d602e', '2025-07-13 15:24:22.035306+00'),
	('bab38095-46c6-4823-9fe2-d36d4b296adc', 'Section X', 'de7c83e5-6ab1-4f6c-8dbc-595c489d602e', '2025-07-13 15:24:22.035306+00'),
	('3d5815ae-c67f-49a6-ba66-1948cbb83995', 'Section Y', 'de7c83e5-6ab1-4f6c-8dbc-595c489d602e', '2025-07-13 15:24:22.035306+00'),
	('f4960478-5719-4b0c-b98f-dde2c2ce1c54', 'Section Z', 'de7c83e5-6ab1-4f6c-8dbc-595c489d602e', '2025-07-13 15:24:22.035306+00'),
	('352abf9e-5d4b-468f-a383-794baa436308', 'Section A', 'cda8737f-56b5-4ba4-949e-30066cf7f6da', '2025-07-13 15:24:22.035306+00'),
	('6bbb0e14-3a31-4f25-8034-263a522dbc2f', 'Section B', 'cda8737f-56b5-4ba4-949e-30066cf7f6da', '2025-07-13 15:24:22.035306+00'),
	('5919ea6f-e63a-4f8e-84eb-9e24de5548dd', 'Section C', 'cda8737f-56b5-4ba4-949e-30066cf7f6da', '2025-07-13 15:24:22.035306+00'),
	('1ed33521-a5e4-49f1-9764-be08c37661d2', 'Section D', 'cda8737f-56b5-4ba4-949e-30066cf7f6da', '2025-07-13 15:24:22.035306+00'),
	('d662123d-270a-40a9-bb31-d5183c879841', 'Section E', 'cda8737f-56b5-4ba4-949e-30066cf7f6da', '2025-07-13 15:24:22.035306+00'),
	('9fffdf11-303b-415f-b1d9-304a0f01a2ad', 'Section F', 'cda8737f-56b5-4ba4-949e-30066cf7f6da', '2025-07-13 15:24:22.035306+00'),
	('c1fa1c97-cee7-4c79-9f8c-fb8f9f72490f', 'Section G', 'cda8737f-56b5-4ba4-949e-30066cf7f6da', '2025-07-13 15:24:22.035306+00'),
	('b4bd6f1b-162f-40fd-8c8e-ef5e6eb7c437', 'Section H', 'cda8737f-56b5-4ba4-949e-30066cf7f6da', '2025-07-13 15:24:22.035306+00'),
	('cc3f4302-7bde-4cec-9efd-479405e07f10', 'Section I', 'cda8737f-56b5-4ba4-949e-30066cf7f6da', '2025-07-13 15:24:22.035306+00'),
	('fe43f1c7-0186-4622-85d7-a5cd8eee7c89', 'Section J', 'cda8737f-56b5-4ba4-949e-30066cf7f6da', '2025-07-13 15:24:22.035306+00'),
	('066c6bb5-bcfb-49fc-a979-53823efca4f2', 'Section K', 'cda8737f-56b5-4ba4-949e-30066cf7f6da', '2025-07-13 15:24:22.035306+00'),
	('4d820d5c-31e9-4f37-a8a7-cdf5d516014f', 'Section L', 'cda8737f-56b5-4ba4-949e-30066cf7f6da', '2025-07-13 15:24:22.035306+00'),
	('1b7c82c3-1574-4b67-b1ab-38d8197da3db', 'Section M', 'cda8737f-56b5-4ba4-949e-30066cf7f6da', '2025-07-13 15:24:22.035306+00'),
	('c8526b73-3fbc-4bed-979c-8c121fd24bba', 'Section N', 'cda8737f-56b5-4ba4-949e-30066cf7f6da', '2025-07-13 15:24:22.035306+00'),
	('78a18cf5-325e-4960-9bdf-676b742e47aa', 'Section O', 'cda8737f-56b5-4ba4-949e-30066cf7f6da', '2025-07-13 15:24:22.035306+00'),
	('e3906dd0-a87a-48f9-b2f8-9e93b5979f81', 'Section P', 'cda8737f-56b5-4ba4-949e-30066cf7f6da', '2025-07-13 15:24:22.035306+00'),
	('5b26a4e1-8e17-415b-929c-3e2bf07da743', 'Section Q', 'cda8737f-56b5-4ba4-949e-30066cf7f6da', '2025-07-13 15:24:22.035306+00'),
	('09db4230-65fa-45d0-b2f9-a3554b5a84c9', 'Section R', 'cda8737f-56b5-4ba4-949e-30066cf7f6da', '2025-07-13 15:24:22.035306+00'),
	('1dfbd80c-c546-430c-a758-4349bc0f5365', 'Section S', 'cda8737f-56b5-4ba4-949e-30066cf7f6da', '2025-07-13 15:24:22.035306+00'),
	('5154a0bc-a365-4e70-9f15-b5cb26b3d059', 'Section T', 'cda8737f-56b5-4ba4-949e-30066cf7f6da', '2025-07-13 15:24:22.035306+00'),
	('0ff1ef68-eaaf-4b49-9df7-59e1fefa9675', 'Section U', 'cda8737f-56b5-4ba4-949e-30066cf7f6da', '2025-07-13 15:24:22.035306+00'),
	('bed7401d-a066-4f1f-9e03-e3d8476c65a8', 'Section V', 'cda8737f-56b5-4ba4-949e-30066cf7f6da', '2025-07-13 15:24:22.035306+00'),
	('bb51a031-6b55-4416-8ef9-7fb0d8e36b31', 'Section W', 'cda8737f-56b5-4ba4-949e-30066cf7f6da', '2025-07-13 15:24:22.035306+00'),
	('b07f3c26-9700-40bf-a02f-a631da5dc5ce', 'Section X', 'cda8737f-56b5-4ba4-949e-30066cf7f6da', '2025-07-13 15:24:22.035306+00'),
	('b8621a60-af0b-4530-8eac-0c8ad3fa2f63', 'Section Y', 'cda8737f-56b5-4ba4-949e-30066cf7f6da', '2025-07-13 15:24:22.035306+00'),
	('06cc9650-f75a-4273-a6ee-aa7b8b8335b7', 'Section Z', 'cda8737f-56b5-4ba4-949e-30066cf7f6da', '2025-07-13 15:24:22.035306+00'),
	('b6e4839f-dfc8-4d5d-93f3-da0ed0283ae2', 'Section A', 'ba982a5c-25ad-474e-a1af-7799ce623747', '2025-07-13 15:24:22.035306+00'),
	('56e84114-a6aa-446b-98d4-3e22676e4ab9', 'Section B', 'ba982a5c-25ad-474e-a1af-7799ce623747', '2025-07-13 15:24:22.035306+00'),
	('2db4f90c-e847-482c-ba43-7bd8e0a3bd06', 'Section C', 'ba982a5c-25ad-474e-a1af-7799ce623747', '2025-07-13 15:24:22.035306+00'),
	('7710e258-ef21-4301-be98-dd61b79d88fb', 'Section D', 'ba982a5c-25ad-474e-a1af-7799ce623747', '2025-07-13 15:24:22.035306+00'),
	('b326bc6d-e250-42b9-b8cc-41f8a1f01f5f', 'Section E', 'ba982a5c-25ad-474e-a1af-7799ce623747', '2025-07-13 15:24:22.035306+00'),
	('6936026d-a754-4f68-a609-2fa85819b3df', 'Section F', 'ba982a5c-25ad-474e-a1af-7799ce623747', '2025-07-13 15:24:22.035306+00'),
	('b322d9da-a745-428c-aac6-57fad9de3e54', 'Section G', 'ba982a5c-25ad-474e-a1af-7799ce623747', '2025-07-13 15:24:22.035306+00'),
	('0e3c2e7b-4731-43fd-b623-86ca528082ef', 'Section H', 'ba982a5c-25ad-474e-a1af-7799ce623747', '2025-07-13 15:24:22.035306+00'),
	('896b3f1c-3195-4b95-ae21-8e7b68e68601', 'Section I', 'ba982a5c-25ad-474e-a1af-7799ce623747', '2025-07-13 15:24:22.035306+00'),
	('f57f22d3-1709-4e5a-b87c-5e8728061284', 'Section J', 'ba982a5c-25ad-474e-a1af-7799ce623747', '2025-07-13 15:24:22.035306+00'),
	('1c941568-216f-4577-9597-a29815d5c2a8', 'Section K', 'ba982a5c-25ad-474e-a1af-7799ce623747', '2025-07-13 15:24:22.035306+00'),
	('2b06cf83-d028-473d-be9b-bc36920a070d', 'Section L', 'ba982a5c-25ad-474e-a1af-7799ce623747', '2025-07-13 15:24:22.035306+00'),
	('b12d8a8e-aeb5-439a-bccf-1c3d04d5e481', 'Section M', 'ba982a5c-25ad-474e-a1af-7799ce623747', '2025-07-13 15:24:22.035306+00'),
	('d55fce62-e02b-417d-8474-1ec225f4b2bd', 'Section N', 'ba982a5c-25ad-474e-a1af-7799ce623747', '2025-07-13 15:24:22.035306+00'),
	('f2ba8129-a51c-41a7-8c20-a57f9157df9f', 'Section O', 'ba982a5c-25ad-474e-a1af-7799ce623747', '2025-07-13 15:24:22.035306+00'),
	('3efbb072-01f0-485f-b452-e2caecf42133', 'Section P', 'ba982a5c-25ad-474e-a1af-7799ce623747', '2025-07-13 15:24:22.035306+00'),
	('50553381-517e-497c-9b0e-ce6ee2116ff5', 'Section Q', 'ba982a5c-25ad-474e-a1af-7799ce623747', '2025-07-13 15:24:22.035306+00'),
	('449c2e94-9bcb-44ba-b53b-6939c0229f6d', 'Section R', 'ba982a5c-25ad-474e-a1af-7799ce623747', '2025-07-13 15:24:22.035306+00'),
	('81d1d348-1914-444a-b410-5dfcdc9ed9b8', 'Section S', 'ba982a5c-25ad-474e-a1af-7799ce623747', '2025-07-13 15:24:22.035306+00'),
	('62387002-93ea-47f2-8a51-8a1f05b2d754', 'Section T', 'ba982a5c-25ad-474e-a1af-7799ce623747', '2025-07-13 15:24:22.035306+00'),
	('722a688e-5c5e-407d-8957-aba9b98f55b8', 'Section U', 'ba982a5c-25ad-474e-a1af-7799ce623747', '2025-07-13 15:24:22.035306+00'),
	('2841c25f-40b5-4488-9020-864e78fd6db9', 'Section V', 'ba982a5c-25ad-474e-a1af-7799ce623747', '2025-07-13 15:24:22.035306+00'),
	('8a5c5946-ea38-401b-8894-9322e0c15dac', 'Section W', 'ba982a5c-25ad-474e-a1af-7799ce623747', '2025-07-13 15:24:22.035306+00'),
	('434c76d4-2b94-4577-bf42-b45fc8c2f3b8', 'Section X', 'ba982a5c-25ad-474e-a1af-7799ce623747', '2025-07-13 15:24:22.035306+00'),
	('18cc6fd2-3584-402a-9d33-ea284af36135', 'Section Y', 'ba982a5c-25ad-474e-a1af-7799ce623747', '2025-07-13 15:24:22.035306+00'),
	('7991898d-2846-4b1b-a3ba-2893fbb4280f', 'Section Z', 'ba982a5c-25ad-474e-a1af-7799ce623747', '2025-07-13 15:24:22.035306+00'),
	('e183efc2-160c-4930-b79b-8a9de0885bfe', 'Section A', '2015f5e6-faaa-4e46-80e8-9f39f8c564f7', '2025-07-13 15:24:22.035306+00'),
	('5f238b7d-441b-4dd2-a2af-18da34ddc803', 'Section B', '2015f5e6-faaa-4e46-80e8-9f39f8c564f7', '2025-07-13 15:24:22.035306+00'),
	('120ee091-5885-4f57-9616-343b6d04162c', 'Section C', '2015f5e6-faaa-4e46-80e8-9f39f8c564f7', '2025-07-13 15:24:22.035306+00'),
	('290073e6-5347-4737-b54c-51f0eb83c08b', 'Section D', '2015f5e6-faaa-4e46-80e8-9f39f8c564f7', '2025-07-13 15:24:22.035306+00'),
	('417f0401-961d-4782-93b9-e2604a45339e', 'Section E', '2015f5e6-faaa-4e46-80e8-9f39f8c564f7', '2025-07-13 15:24:22.035306+00'),
	('f93e9aa2-7ab4-4efc-a9dd-058b13666519', 'Section F', '2015f5e6-faaa-4e46-80e8-9f39f8c564f7', '2025-07-13 15:24:22.035306+00'),
	('7d603d11-bdb5-4947-8649-f123d33bfca4', 'Section G', '2015f5e6-faaa-4e46-80e8-9f39f8c564f7', '2025-07-13 15:24:22.035306+00'),
	('22eb65eb-bc17-4542-a686-6e7ff1cb24af', 'Section H', '2015f5e6-faaa-4e46-80e8-9f39f8c564f7', '2025-07-13 15:24:22.035306+00'),
	('f0db8e4d-73eb-4392-a3fd-6bf9bcf6e561', 'Section I', '2015f5e6-faaa-4e46-80e8-9f39f8c564f7', '2025-07-13 15:24:22.035306+00'),
	('434d797e-64b3-4b49-88fe-2227de5e567d', 'Section J', '2015f5e6-faaa-4e46-80e8-9f39f8c564f7', '2025-07-13 15:24:22.035306+00'),
	('45edfeb4-8d3f-4741-aa9b-a8db96057ed7', 'Section K', '2015f5e6-faaa-4e46-80e8-9f39f8c564f7', '2025-07-13 15:24:22.035306+00'),
	('308348a6-808f-461c-9e95-34f4ce0382c4', 'Section L', '2015f5e6-faaa-4e46-80e8-9f39f8c564f7', '2025-07-13 15:24:22.035306+00'),
	('0d48150c-24f8-4ebb-a783-1fd9c167898a', 'Section M', '2015f5e6-faaa-4e46-80e8-9f39f8c564f7', '2025-07-13 15:24:22.035306+00'),
	('3ee5a205-3019-4892-9310-8ddf59776458', 'Section N', '2015f5e6-faaa-4e46-80e8-9f39f8c564f7', '2025-07-13 15:24:22.035306+00'),
	('2ebb60e2-9cff-464b-8056-687d9f51d9f4', 'Section O', '2015f5e6-faaa-4e46-80e8-9f39f8c564f7', '2025-07-13 15:24:22.035306+00'),
	('74c647a8-a104-4dd0-802a-d4631fd345d2', 'Section P', '2015f5e6-faaa-4e46-80e8-9f39f8c564f7', '2025-07-13 15:24:22.035306+00'),
	('d1b14c50-9abd-49f6-8923-7d9729510582', 'Section Q', '2015f5e6-faaa-4e46-80e8-9f39f8c564f7', '2025-07-13 15:24:22.035306+00'),
	('a9492347-58b9-4b19-a112-9af55aab1e70', 'Section R', '2015f5e6-faaa-4e46-80e8-9f39f8c564f7', '2025-07-13 15:24:22.035306+00'),
	('fab6e853-482a-4135-92f5-ea38b5e7eb05', 'Section S', '2015f5e6-faaa-4e46-80e8-9f39f8c564f7', '2025-07-13 15:24:22.035306+00'),
	('c4af1b46-5645-401e-bc9f-034eb3fce226', 'Section T', '2015f5e6-faaa-4e46-80e8-9f39f8c564f7', '2025-07-13 15:24:22.035306+00'),
	('994c4779-889f-49cd-8002-54f723cea825', 'Section U', '2015f5e6-faaa-4e46-80e8-9f39f8c564f7', '2025-07-13 15:24:22.035306+00'),
	('53167cfc-6671-4e53-abbe-6add3aca1bf1', 'Section V', '2015f5e6-faaa-4e46-80e8-9f39f8c564f7', '2025-07-13 15:24:22.035306+00'),
	('6e8c0fb6-454e-4815-88cb-2f3e726c4921', 'Section W', '2015f5e6-faaa-4e46-80e8-9f39f8c564f7', '2025-07-13 15:24:22.035306+00'),
	('55bb603d-d95f-434d-9030-b4f06f294f3e', 'Section X', '2015f5e6-faaa-4e46-80e8-9f39f8c564f7', '2025-07-13 15:24:22.035306+00'),
	('f59ca175-8076-40df-b5f5-c0610dfca945', 'Section Y', '2015f5e6-faaa-4e46-80e8-9f39f8c564f7', '2025-07-13 15:24:22.035306+00'),
	('546892e4-1070-425f-8fbc-9173d73243b8', 'Section Z', '2015f5e6-faaa-4e46-80e8-9f39f8c564f7', '2025-07-13 15:24:22.035306+00'),
	('f796c6a3-fe3b-432c-a7ff-6c84044f169f', 'Section A', 'ed13a38c-33a5-4f8f-9f0f-5ff39bba5733', '2025-07-13 15:24:22.035306+00'),
	('433f5b3e-8616-4031-9250-ed7533cbe6f3', 'Section B', 'ed13a38c-33a5-4f8f-9f0f-5ff39bba5733', '2025-07-13 15:24:22.035306+00'),
	('3df41143-4871-4276-9424-75c572b1ce67', 'Section C', 'ed13a38c-33a5-4f8f-9f0f-5ff39bba5733', '2025-07-13 15:24:22.035306+00'),
	('8f49175b-a7ed-4c18-a029-9deb2dc50583', 'Section D', 'ed13a38c-33a5-4f8f-9f0f-5ff39bba5733', '2025-07-13 15:24:22.035306+00'),
	('f9222871-8a29-4760-80e5-1e368751324a', 'Section E', 'ed13a38c-33a5-4f8f-9f0f-5ff39bba5733', '2025-07-13 15:24:22.035306+00'),
	('80a3fc72-6a83-40af-8322-6848675ce121', 'Section F', 'ed13a38c-33a5-4f8f-9f0f-5ff39bba5733', '2025-07-13 15:24:22.035306+00'),
	('4ca87dc6-e086-4ff9-98c9-523505dcda86', 'Section G', 'ed13a38c-33a5-4f8f-9f0f-5ff39bba5733', '2025-07-13 15:24:22.035306+00'),
	('cfd5c719-9a14-402a-ba55-0918406de7ef', 'Section H', 'ed13a38c-33a5-4f8f-9f0f-5ff39bba5733', '2025-07-13 15:24:22.035306+00'),
	('08ff8adf-21d0-4cf3-97eb-df57f6f42397', 'Section I', 'ed13a38c-33a5-4f8f-9f0f-5ff39bba5733', '2025-07-13 15:24:22.035306+00'),
	('2bd03f45-54ea-4931-bf5e-3a6272b262a0', 'Section J', 'ed13a38c-33a5-4f8f-9f0f-5ff39bba5733', '2025-07-13 15:24:22.035306+00'),
	('248f0a5a-6764-4372-bed2-57ac1bf65817', 'Section K', 'ed13a38c-33a5-4f8f-9f0f-5ff39bba5733', '2025-07-13 15:24:22.035306+00'),
	('7c7df950-2623-4ef8-993f-a29441cc6c95', 'Section L', 'ed13a38c-33a5-4f8f-9f0f-5ff39bba5733', '2025-07-13 15:24:22.035306+00'),
	('dbfd2632-a058-433c-9e41-0fa6717ab94a', 'Section M', 'ed13a38c-33a5-4f8f-9f0f-5ff39bba5733', '2025-07-13 15:24:22.035306+00'),
	('d0336b8e-8db9-45cb-8188-2fb8cd682039', 'Section N', 'ed13a38c-33a5-4f8f-9f0f-5ff39bba5733', '2025-07-13 15:24:22.035306+00'),
	('d8785c0e-5380-4beb-a7cd-fbbe66a64a31', 'Section O', 'ed13a38c-33a5-4f8f-9f0f-5ff39bba5733', '2025-07-13 15:24:22.035306+00'),
	('602d8177-856f-46b7-b5de-267bbb29a2df', 'Section P', 'ed13a38c-33a5-4f8f-9f0f-5ff39bba5733', '2025-07-13 15:24:22.035306+00'),
	('47b634d7-8d2f-42b1-8213-943e6a453d7b', 'Section Q', 'ed13a38c-33a5-4f8f-9f0f-5ff39bba5733', '2025-07-13 15:24:22.035306+00'),
	('3cafa5da-dd0f-4528-ae0e-8da203542904', 'Section R', 'ed13a38c-33a5-4f8f-9f0f-5ff39bba5733', '2025-07-13 15:24:22.035306+00'),
	('c9dce22d-3872-4a19-9d9a-b81e3eea4dbb', 'Section S', 'ed13a38c-33a5-4f8f-9f0f-5ff39bba5733', '2025-07-13 15:24:22.035306+00'),
	('5abb0fa1-df68-42a5-a896-3696f0ebff84', 'Section T', 'ed13a38c-33a5-4f8f-9f0f-5ff39bba5733', '2025-07-13 15:24:22.035306+00'),
	('35d58734-d228-4b3c-9aae-863289bbccc1', 'Section U', 'ed13a38c-33a5-4f8f-9f0f-5ff39bba5733', '2025-07-13 15:24:22.035306+00'),
	('41e275e8-fdd8-4404-a111-21d4fc70e42f', 'Section V', 'ed13a38c-33a5-4f8f-9f0f-5ff39bba5733', '2025-07-13 15:24:22.035306+00'),
	('e171e02c-8966-4308-b929-0479a99b3bea', 'Section W', 'ed13a38c-33a5-4f8f-9f0f-5ff39bba5733', '2025-07-13 15:24:22.035306+00'),
	('795ad9a8-4b2f-4a51-a437-772ba338ac99', 'Section X', 'ed13a38c-33a5-4f8f-9f0f-5ff39bba5733', '2025-07-13 15:24:22.035306+00'),
	('0dcc7a42-6e0b-44c9-9d63-4d44cbb044f8', 'Section Y', 'ed13a38c-33a5-4f8f-9f0f-5ff39bba5733', '2025-07-13 15:24:22.035306+00'),
	('107e9302-908b-401c-b533-7482053f80fe', 'Section Z', 'ed13a38c-33a5-4f8f-9f0f-5ff39bba5733', '2025-07-13 15:24:22.035306+00'),
	('b73b7797-591b-4af5-82be-b25bfe24f442', 'Section A', '8dcc8d8c-7f7f-47f2-be96-f341e2d9fb92', '2025-07-13 15:24:22.035306+00'),
	('1575771d-26a3-4076-ad3d-86c0f6119893', 'Section B', '8dcc8d8c-7f7f-47f2-be96-f341e2d9fb92', '2025-07-13 15:24:22.035306+00'),
	('b3b6eaab-0d05-4b34-a2bc-d96f3f03db8b', 'Section C', '8dcc8d8c-7f7f-47f2-be96-f341e2d9fb92', '2025-07-13 15:24:22.035306+00'),
	('cd8adc18-af41-4a0f-9ac1-f090b5190463', 'Section D', '8dcc8d8c-7f7f-47f2-be96-f341e2d9fb92', '2025-07-13 15:24:22.035306+00'),
	('31344d4a-ec52-43e6-b451-53b0f0c8c4ef', 'Section E', '8dcc8d8c-7f7f-47f2-be96-f341e2d9fb92', '2025-07-13 15:24:22.035306+00'),
	('f9422d7d-e5a7-4b95-9ddc-f0f508e01d88', 'Section F', '8dcc8d8c-7f7f-47f2-be96-f341e2d9fb92', '2025-07-13 15:24:22.035306+00'),
	('b9324739-073b-405a-a8a6-5606247300a3', 'Section G', '8dcc8d8c-7f7f-47f2-be96-f341e2d9fb92', '2025-07-13 15:24:22.035306+00'),
	('f1d140dd-cb58-454d-b54a-aaf164ae7e56', 'Section H', '8dcc8d8c-7f7f-47f2-be96-f341e2d9fb92', '2025-07-13 15:24:22.035306+00'),
	('dda88491-d401-406a-b1d4-7fa247f4e8ac', 'Section I', '8dcc8d8c-7f7f-47f2-be96-f341e2d9fb92', '2025-07-13 15:24:22.035306+00'),
	('11bec0e1-4efa-488d-880b-1fd97f062242', 'Section J', '8dcc8d8c-7f7f-47f2-be96-f341e2d9fb92', '2025-07-13 15:24:22.035306+00'),
	('62512206-c72d-4084-846b-dd5ea9cefa75', 'Section K', '8dcc8d8c-7f7f-47f2-be96-f341e2d9fb92', '2025-07-13 15:24:22.035306+00'),
	('352b3ac9-0d11-434a-8959-5edb1c525c84', 'Section L', '8dcc8d8c-7f7f-47f2-be96-f341e2d9fb92', '2025-07-13 15:24:22.035306+00'),
	('8fac03eb-5364-48e3-835d-512f27c7d3af', 'Section M', '8dcc8d8c-7f7f-47f2-be96-f341e2d9fb92', '2025-07-13 15:24:22.035306+00'),
	('031a183e-e18f-457b-a7ae-f482f592014c', 'Section N', '8dcc8d8c-7f7f-47f2-be96-f341e2d9fb92', '2025-07-13 15:24:22.035306+00'),
	('d6a3b6fd-b55b-4b5d-8adf-70566366a1c7', 'Section O', '8dcc8d8c-7f7f-47f2-be96-f341e2d9fb92', '2025-07-13 15:24:22.035306+00'),
	('cd1e027d-7e31-46de-b569-fe871977fd95', 'Section P', '8dcc8d8c-7f7f-47f2-be96-f341e2d9fb92', '2025-07-13 15:24:22.035306+00'),
	('064535d2-0bbb-4afd-8c86-c63654ddf657', 'Section Q', '8dcc8d8c-7f7f-47f2-be96-f341e2d9fb92', '2025-07-13 15:24:22.035306+00'),
	('12209bad-bea9-4dad-b482-5f7b0c2fc2a8', 'Section R', '8dcc8d8c-7f7f-47f2-be96-f341e2d9fb92', '2025-07-13 15:24:22.035306+00'),
	('dd80f584-3a33-4895-8414-f578a82da129', 'Section S', '8dcc8d8c-7f7f-47f2-be96-f341e2d9fb92', '2025-07-13 15:24:22.035306+00'),
	('400db2ee-0232-4492-a7fd-9221708666e2', 'Section T', '8dcc8d8c-7f7f-47f2-be96-f341e2d9fb92', '2025-07-13 15:24:22.035306+00'),
	('39231de7-cb06-45ec-87df-1b9006a90fa5', 'Section U', '8dcc8d8c-7f7f-47f2-be96-f341e2d9fb92', '2025-07-13 15:24:22.035306+00'),
	('b3228a30-589c-40ea-8471-26825f3884ac', 'Section V', '8dcc8d8c-7f7f-47f2-be96-f341e2d9fb92', '2025-07-13 15:24:22.035306+00'),
	('67c437e5-2dde-4b28-a75d-b573ebb0fb94', 'Section W', '8dcc8d8c-7f7f-47f2-be96-f341e2d9fb92', '2025-07-13 15:24:22.035306+00'),
	('47e36f49-827c-424c-8b7e-644197e5ae3f', 'Section X', '8dcc8d8c-7f7f-47f2-be96-f341e2d9fb92', '2025-07-13 15:24:22.035306+00'),
	('24e8eaad-87f4-4e5e-b385-77a4a0981c59', 'Section Y', '8dcc8d8c-7f7f-47f2-be96-f341e2d9fb92', '2025-07-13 15:24:22.035306+00'),
	('a680cc50-42e5-4363-a099-5172b1912c6e', 'Section Z', '8dcc8d8c-7f7f-47f2-be96-f341e2d9fb92', '2025-07-13 15:24:22.035306+00'),
	('38455f96-34d8-47a4-b426-046ab3e8c24a', 'Section A', 'ef1d3269-1511-4d70-a7f6-8559055c3022', '2025-07-13 15:24:22.035306+00'),
	('7ffd4093-08c5-4c38-98fa-4928b74e5c44', 'Section B', 'ef1d3269-1511-4d70-a7f6-8559055c3022', '2025-07-13 15:24:22.035306+00'),
	('1a056172-716e-4d28-8c7d-07e503847bb2', 'Section C', 'ef1d3269-1511-4d70-a7f6-8559055c3022', '2025-07-13 15:24:22.035306+00'),
	('cbc2cf20-8632-43a0-9b49-3edf370bcf98', 'Section D', 'ef1d3269-1511-4d70-a7f6-8559055c3022', '2025-07-13 15:24:22.035306+00'),
	('33c1b9fc-130a-492f-b52b-b1190285277a', 'Section E', 'ef1d3269-1511-4d70-a7f6-8559055c3022', '2025-07-13 15:24:22.035306+00'),
	('5e27aaef-00c9-4b35-8202-a68071e9f95e', 'Section F', 'ef1d3269-1511-4d70-a7f6-8559055c3022', '2025-07-13 15:24:22.035306+00'),
	('4566f1aa-6fbe-41cd-a04d-1e2764b27fff', 'Section G', 'ef1d3269-1511-4d70-a7f6-8559055c3022', '2025-07-13 15:24:22.035306+00'),
	('93b57bc4-3d66-4dad-bfb4-df441c959162', 'Section H', 'ef1d3269-1511-4d70-a7f6-8559055c3022', '2025-07-13 15:24:22.035306+00'),
	('1b261dd0-df9f-4b82-81de-978f5e7796f5', 'Section I', 'ef1d3269-1511-4d70-a7f6-8559055c3022', '2025-07-13 15:24:22.035306+00'),
	('ec01f9cb-3720-4d5e-924d-783b484557ff', 'Section J', 'ef1d3269-1511-4d70-a7f6-8559055c3022', '2025-07-13 15:24:22.035306+00'),
	('0b361d3c-ad00-47d5-ae90-16dc2896d466', 'Section K', 'ef1d3269-1511-4d70-a7f6-8559055c3022', '2025-07-13 15:24:22.035306+00'),
	('22482e2f-148e-4539-a23f-1e0ab1640161', 'Section L', 'ef1d3269-1511-4d70-a7f6-8559055c3022', '2025-07-13 15:24:22.035306+00'),
	('6b4b70f8-4778-4eca-aab6-0053b2491211', 'Section M', 'ef1d3269-1511-4d70-a7f6-8559055c3022', '2025-07-13 15:24:22.035306+00'),
	('844ec7d4-66b9-460c-b32e-390a8edd63a2', 'Section N', 'ef1d3269-1511-4d70-a7f6-8559055c3022', '2025-07-13 15:24:22.035306+00'),
	('42dff343-dbc7-4dd0-98d1-d7a4abe55884', 'Section O', 'ef1d3269-1511-4d70-a7f6-8559055c3022', '2025-07-13 15:24:22.035306+00'),
	('6fd3a037-7c9f-43cb-a456-c392c5b05440', 'Section P', 'ef1d3269-1511-4d70-a7f6-8559055c3022', '2025-07-13 15:24:22.035306+00'),
	('272ee215-2c66-4cb0-8234-6ce6b3328034', 'Section Q', 'ef1d3269-1511-4d70-a7f6-8559055c3022', '2025-07-13 15:24:22.035306+00'),
	('03b555bc-13f4-4c2b-8241-0f2aeb746c9f', 'Section R', 'ef1d3269-1511-4d70-a7f6-8559055c3022', '2025-07-13 15:24:22.035306+00'),
	('1b02053d-eb96-418d-b878-421367f9fe17', 'Section S', 'ef1d3269-1511-4d70-a7f6-8559055c3022', '2025-07-13 15:24:22.035306+00'),
	('edd1a090-cea5-453e-b169-bb275045ac5a', 'Section T', 'ef1d3269-1511-4d70-a7f6-8559055c3022', '2025-07-13 15:24:22.035306+00'),
	('ff4dff30-a4c9-4107-bded-af708121a9be', 'Section U', 'ef1d3269-1511-4d70-a7f6-8559055c3022', '2025-07-13 15:24:22.035306+00'),
	('15d0fc34-a3ca-42e5-8686-ca39b50c9558', 'Section V', 'ef1d3269-1511-4d70-a7f6-8559055c3022', '2025-07-13 15:24:22.035306+00'),
	('08c79660-4e9a-46db-ac49-9be872d5276e', 'Section W', 'ef1d3269-1511-4d70-a7f6-8559055c3022', '2025-07-13 15:24:22.035306+00'),
	('288f91eb-7e22-4cf3-8d93-89106aa6f401', 'Section X', 'ef1d3269-1511-4d70-a7f6-8559055c3022', '2025-07-13 15:24:22.035306+00'),
	('192bb300-2124-4961-b4a0-7ad230a0039e', 'Section Y', 'ef1d3269-1511-4d70-a7f6-8559055c3022', '2025-07-13 15:24:22.035306+00'),
	('9b934150-6c4d-4520-826f-00624ddf4677', 'Section Z', 'ef1d3269-1511-4d70-a7f6-8559055c3022', '2025-07-13 15:24:22.035306+00'),
	('1cd443f0-fd3e-4a05-9f30-5bfebb5c550b', 'Section A', '90ed8594-23bd-4608-b811-eec02bcd72f3', '2025-07-13 15:24:22.035306+00'),
	('fc3086c9-9fa0-4282-9c0c-c3695b561702', 'Section B', '90ed8594-23bd-4608-b811-eec02bcd72f3', '2025-07-13 15:24:22.035306+00'),
	('f51555bb-0005-4ccf-8cdb-8fb664764736', 'Section C', '90ed8594-23bd-4608-b811-eec02bcd72f3', '2025-07-13 15:24:22.035306+00'),
	('1b58c5cc-81ab-474e-835d-a46578d16052', 'Section D', '90ed8594-23bd-4608-b811-eec02bcd72f3', '2025-07-13 15:24:22.035306+00'),
	('4bac056f-ea66-4364-8327-2deedd45ac55', 'Section E', '90ed8594-23bd-4608-b811-eec02bcd72f3', '2025-07-13 15:24:22.035306+00'),
	('371126d8-ea25-497c-b8f0-1e8a7d1c4539', 'Section F', '90ed8594-23bd-4608-b811-eec02bcd72f3', '2025-07-13 15:24:22.035306+00'),
	('6c382109-3e8a-43d4-a048-b2730cbd93da', 'Section G', '90ed8594-23bd-4608-b811-eec02bcd72f3', '2025-07-13 15:24:22.035306+00'),
	('d05e8811-0edd-4bc9-ab25-18a84d47b998', 'Section H', '90ed8594-23bd-4608-b811-eec02bcd72f3', '2025-07-13 15:24:22.035306+00'),
	('b53b06dd-f828-4260-88a5-5803b5b0470c', 'Section I', '90ed8594-23bd-4608-b811-eec02bcd72f3', '2025-07-13 15:24:22.035306+00'),
	('aa40563d-edd5-460a-ba0d-299c3a0752d9', 'Section J', '90ed8594-23bd-4608-b811-eec02bcd72f3', '2025-07-13 15:24:22.035306+00'),
	('e7ca11cd-30b3-4a12-b0f3-228d03af91bc', 'Section K', '90ed8594-23bd-4608-b811-eec02bcd72f3', '2025-07-13 15:24:22.035306+00'),
	('13d44876-9ab3-4232-b7ac-db26721f5a0c', 'Section L', '90ed8594-23bd-4608-b811-eec02bcd72f3', '2025-07-13 15:24:22.035306+00'),
	('589e7bb6-55c1-433b-bf27-afe811a25d3c', 'Section M', '90ed8594-23bd-4608-b811-eec02bcd72f3', '2025-07-13 15:24:22.035306+00'),
	('f0f03e64-fece-4bc6-aeb1-c4325bc2dc91', 'Section N', '90ed8594-23bd-4608-b811-eec02bcd72f3', '2025-07-13 15:24:22.035306+00'),
	('6bb36e96-6dee-41a9-9c76-f461da7c58e7', 'Section O', '90ed8594-23bd-4608-b811-eec02bcd72f3', '2025-07-13 15:24:22.035306+00'),
	('5d49c240-8e1b-41d6-bab5-fd59525c7f5f', 'Section P', '90ed8594-23bd-4608-b811-eec02bcd72f3', '2025-07-13 15:24:22.035306+00'),
	('b4a09fca-7eab-4f4e-9b75-e219bff8d447', 'Section Q', '90ed8594-23bd-4608-b811-eec02bcd72f3', '2025-07-13 15:24:22.035306+00'),
	('fca563fd-a532-4290-bbb8-d55b730db255', 'Section R', '90ed8594-23bd-4608-b811-eec02bcd72f3', '2025-07-13 15:24:22.035306+00'),
	('aa07a655-1382-4220-9d46-90754181868c', 'Section S', '90ed8594-23bd-4608-b811-eec02bcd72f3', '2025-07-13 15:24:22.035306+00'),
	('0b613645-3a09-4a67-acbc-7a198c4d0e54', 'Section T', '90ed8594-23bd-4608-b811-eec02bcd72f3', '2025-07-13 15:24:22.035306+00'),
	('6ab13b38-16ee-4763-86c0-6af7c37d0026', 'Section U', '90ed8594-23bd-4608-b811-eec02bcd72f3', '2025-07-13 15:24:22.035306+00'),
	('73f62584-0772-4e6d-989b-88b8cb70eff4', 'Section V', '90ed8594-23bd-4608-b811-eec02bcd72f3', '2025-07-13 15:24:22.035306+00'),
	('f110562e-b7bc-4f3e-8a73-d1bce4417a98', 'Section W', '90ed8594-23bd-4608-b811-eec02bcd72f3', '2025-07-13 15:24:22.035306+00'),
	('9d892ffe-7543-4a3a-89f7-4982bb116cc6', 'Section X', '90ed8594-23bd-4608-b811-eec02bcd72f3', '2025-07-13 15:24:22.035306+00'),
	('671a6137-30b9-4cae-8a15-7df94553d691', 'Section Y', '90ed8594-23bd-4608-b811-eec02bcd72f3', '2025-07-13 15:24:22.035306+00'),
	('84e6135a-d772-4f36-899f-e3c942b71811', 'Section Z', '90ed8594-23bd-4608-b811-eec02bcd72f3', '2025-07-13 15:24:22.035306+00'),
	('e500524c-91b6-4687-9976-8b5619e2a60a', 'Section A', 'a8149099-65b2-4d54-ad2a-5415757980d5', '2025-07-13 15:24:22.035306+00'),
	('db16ad6d-33ce-4030-8ecf-b0423cdcc47a', 'Section B', 'a8149099-65b2-4d54-ad2a-5415757980d5', '2025-07-13 15:24:22.035306+00'),
	('b6517d34-1126-4f10-8c28-47c93a1d17eb', 'Section C', 'a8149099-65b2-4d54-ad2a-5415757980d5', '2025-07-13 15:24:22.035306+00'),
	('41f094fc-8f74-4689-9648-d1f30e7ce853', 'Section D', 'a8149099-65b2-4d54-ad2a-5415757980d5', '2025-07-13 15:24:22.035306+00'),
	('aed31309-af24-4da1-aca9-5083b4f98fb2', 'Section E', 'a8149099-65b2-4d54-ad2a-5415757980d5', '2025-07-13 15:24:22.035306+00'),
	('f1596428-120d-4fd4-b66d-f48071a88c21', 'Section F', 'a8149099-65b2-4d54-ad2a-5415757980d5', '2025-07-13 15:24:22.035306+00'),
	('6a26d8e6-287d-4990-929c-55ec6081b76d', 'Section G', 'a8149099-65b2-4d54-ad2a-5415757980d5', '2025-07-13 15:24:22.035306+00'),
	('b982aa77-584b-4ca7-bc66-3448dc565b32', 'Section H', 'a8149099-65b2-4d54-ad2a-5415757980d5', '2025-07-13 15:24:22.035306+00'),
	('334f0781-6eae-4a9b-a621-a79c96de9892', 'Section I', 'a8149099-65b2-4d54-ad2a-5415757980d5', '2025-07-13 15:24:22.035306+00'),
	('dac119a1-8341-4767-8091-c18af80e0732', 'Section J', 'a8149099-65b2-4d54-ad2a-5415757980d5', '2025-07-13 15:24:22.035306+00'),
	('66efd61c-bd13-462c-b29f-938cf2aa314d', 'Section K', 'a8149099-65b2-4d54-ad2a-5415757980d5', '2025-07-13 15:24:22.035306+00'),
	('59c7852e-0bea-441e-8604-c825a02cae1e', 'Section L', 'a8149099-65b2-4d54-ad2a-5415757980d5', '2025-07-13 15:24:22.035306+00'),
	('652480ff-77c5-491e-8787-b20bc72ec93b', 'Section M', 'a8149099-65b2-4d54-ad2a-5415757980d5', '2025-07-13 15:24:22.035306+00'),
	('c90ebf86-3f60-4736-bb86-0c22243a22d2', 'Section N', 'a8149099-65b2-4d54-ad2a-5415757980d5', '2025-07-13 15:24:22.035306+00'),
	('7824cf7e-d594-492c-9c47-b16e85b17e02', 'Section O', 'a8149099-65b2-4d54-ad2a-5415757980d5', '2025-07-13 15:24:22.035306+00'),
	('d95cce10-d078-49ef-a254-e5e6c8f332e3', 'Section P', 'a8149099-65b2-4d54-ad2a-5415757980d5', '2025-07-13 15:24:22.035306+00'),
	('9ffb4196-351f-486d-9977-be44fd16649b', 'Section Q', 'a8149099-65b2-4d54-ad2a-5415757980d5', '2025-07-13 15:24:22.035306+00'),
	('fef8c603-72c7-41b9-80e6-dcd1e7911f2c', 'Section R', 'a8149099-65b2-4d54-ad2a-5415757980d5', '2025-07-13 15:24:22.035306+00'),
	('0e996f57-5866-4bcc-a757-e7592150b03a', 'Section S', 'a8149099-65b2-4d54-ad2a-5415757980d5', '2025-07-13 15:24:22.035306+00'),
	('b8c4b055-9777-4637-8f37-5ba550132a6c', 'Section T', 'a8149099-65b2-4d54-ad2a-5415757980d5', '2025-07-13 15:24:22.035306+00'),
	('a14e08a9-68d0-4dff-b613-290aaaf0aa85', 'Section U', 'a8149099-65b2-4d54-ad2a-5415757980d5', '2025-07-13 15:24:22.035306+00'),
	('5e100c3d-2ed3-419c-a359-dfc7461b3ea4', 'Section V', 'a8149099-65b2-4d54-ad2a-5415757980d5', '2025-07-13 15:24:22.035306+00'),
	('74ab5c78-14d1-437e-a8ee-b41a54984671', 'Section W', 'a8149099-65b2-4d54-ad2a-5415757980d5', '2025-07-13 15:24:22.035306+00'),
	('7c302469-ac22-4e6c-90b9-05026fb1b7e3', 'Section X', 'a8149099-65b2-4d54-ad2a-5415757980d5', '2025-07-13 15:24:22.035306+00'),
	('00109346-6a64-4e3b-a309-b96daf734a77', 'Section Y', 'a8149099-65b2-4d54-ad2a-5415757980d5', '2025-07-13 15:24:22.035306+00'),
	('0b9549ff-6496-4d57-a797-f42fc6a81dc6', 'Section Z', 'a8149099-65b2-4d54-ad2a-5415757980d5', '2025-07-13 15:24:22.035306+00'),
	('5fb76576-4c71-40a4-8101-41907a9f693e', 'Section A', '6732ee1b-12c5-49c3-b63f-243ab957ec55', '2025-07-13 15:24:22.035306+00'),
	('7f8a3b99-8688-488e-a31f-18ea0cef541c', 'Section B', '6732ee1b-12c5-49c3-b63f-243ab957ec55', '2025-07-13 15:24:22.035306+00'),
	('5997a975-e02b-4607-8369-e4080e1857f1', 'Section C', '6732ee1b-12c5-49c3-b63f-243ab957ec55', '2025-07-13 15:24:22.035306+00'),
	('4afccebd-2d74-4c5f-abea-f7443cff37cf', 'Section D', '6732ee1b-12c5-49c3-b63f-243ab957ec55', '2025-07-13 15:24:22.035306+00'),
	('184a26df-1858-4bbb-9850-e4be04fd40d2', 'Section E', '6732ee1b-12c5-49c3-b63f-243ab957ec55', '2025-07-13 15:24:22.035306+00'),
	('fcd8ab4d-69d0-4cd3-9ef6-3657748dafbb', 'Section F', '6732ee1b-12c5-49c3-b63f-243ab957ec55', '2025-07-13 15:24:22.035306+00'),
	('5f7d0b47-2fc6-4ba7-b37e-9a0c2d67c19e', 'Section G', '6732ee1b-12c5-49c3-b63f-243ab957ec55', '2025-07-13 15:24:22.035306+00'),
	('9519270a-ecd0-4b8f-8a62-2a651b03177b', 'Section H', '6732ee1b-12c5-49c3-b63f-243ab957ec55', '2025-07-13 15:24:22.035306+00'),
	('da851ef5-00f7-46b8-9fa6-d8ca1ccec8b4', 'Section I', '6732ee1b-12c5-49c3-b63f-243ab957ec55', '2025-07-13 15:24:22.035306+00'),
	('f35ae773-98f3-49cd-bac3-9b23b08c7eeb', 'Section J', '6732ee1b-12c5-49c3-b63f-243ab957ec55', '2025-07-13 15:24:22.035306+00'),
	('017c6246-7576-41dc-b9d3-386137c97f4e', 'Section K', '6732ee1b-12c5-49c3-b63f-243ab957ec55', '2025-07-13 15:24:22.035306+00'),
	('003ce1f1-9b5a-4d06-85ab-916461c436d0', 'Section L', '6732ee1b-12c5-49c3-b63f-243ab957ec55', '2025-07-13 15:24:22.035306+00'),
	('7aca9964-7b21-43be-a581-f6f3d3cea07e', 'Section M', '6732ee1b-12c5-49c3-b63f-243ab957ec55', '2025-07-13 15:24:22.035306+00'),
	('f7804123-b66f-4586-b1e8-fab030857978', 'Section N', '6732ee1b-12c5-49c3-b63f-243ab957ec55', '2025-07-13 15:24:22.035306+00'),
	('a5de50e0-5809-4bba-b305-683f01ccdea0', 'Section O', '6732ee1b-12c5-49c3-b63f-243ab957ec55', '2025-07-13 15:24:22.035306+00'),
	('d1f35b0c-7f42-406d-9277-b9859c164024', 'Section P', '6732ee1b-12c5-49c3-b63f-243ab957ec55', '2025-07-13 15:24:22.035306+00'),
	('e54954aa-8bd3-4600-947e-5b2b5982bc9a', 'Section Q', '6732ee1b-12c5-49c3-b63f-243ab957ec55', '2025-07-13 15:24:22.035306+00'),
	('d78ae89e-cb09-4a27-8ba0-935db7cf2479', 'Section R', '6732ee1b-12c5-49c3-b63f-243ab957ec55', '2025-07-13 15:24:22.035306+00'),
	('bb9cdbc2-f420-46bb-97e2-ba3d2b05e837', 'Section S', '6732ee1b-12c5-49c3-b63f-243ab957ec55', '2025-07-13 15:24:22.035306+00'),
	('3e104c34-4317-4ae5-b935-23de629ffc80', 'Section T', '6732ee1b-12c5-49c3-b63f-243ab957ec55', '2025-07-13 15:24:22.035306+00'),
	('705828b1-573f-4f7c-bf69-dfd90a58fbf3', 'Section U', '6732ee1b-12c5-49c3-b63f-243ab957ec55', '2025-07-13 15:24:22.035306+00'),
	('23a6ac17-d7c3-461d-b3c9-481242a372b7', 'Section V', '6732ee1b-12c5-49c3-b63f-243ab957ec55', '2025-07-13 15:24:22.035306+00'),
	('1277736f-a774-43f9-8d8e-fd57fd1713e6', 'Section W', '6732ee1b-12c5-49c3-b63f-243ab957ec55', '2025-07-13 15:24:22.035306+00'),
	('44831907-a7fe-47ea-85c3-e9998b1df9e4', 'Section X', '6732ee1b-12c5-49c3-b63f-243ab957ec55', '2025-07-13 15:24:22.035306+00'),
	('5c5ffb78-6dfd-410d-bc3b-cd136b1ade11', 'Section Y', '6732ee1b-12c5-49c3-b63f-243ab957ec55', '2025-07-13 15:24:22.035306+00'),
	('4591f9df-9008-443f-b588-25c372732a5d', 'Section Z', '6732ee1b-12c5-49c3-b63f-243ab957ec55', '2025-07-13 15:24:22.035306+00'),
	('3740df35-b2ee-4cf6-8a5f-dce406966e66', 'Section A', '3cb0cede-b749-4667-a836-7dfc90b495fd', '2025-07-13 15:24:22.035306+00'),
	('b3c704cf-dd80-4434-8462-e51527016f6e', 'Section B', '3cb0cede-b749-4667-a836-7dfc90b495fd', '2025-07-13 15:24:22.035306+00'),
	('058ceecf-dd2f-4af7-925c-51f2ca9b5a5e', 'Section C', '3cb0cede-b749-4667-a836-7dfc90b495fd', '2025-07-13 15:24:22.035306+00'),
	('ba192354-99d1-4a1b-9598-04141da7a503', 'Section D', '3cb0cede-b749-4667-a836-7dfc90b495fd', '2025-07-13 15:24:22.035306+00'),
	('5ec42d31-8b57-4a43-a1f9-96cb5c1395de', 'Section E', '3cb0cede-b749-4667-a836-7dfc90b495fd', '2025-07-13 15:24:22.035306+00'),
	('712c7f82-bbc6-4741-97fe-f34135ef15c8', 'Section F', '3cb0cede-b749-4667-a836-7dfc90b495fd', '2025-07-13 15:24:22.035306+00'),
	('0ee99a3c-0f10-4856-b94d-b60ed4b94aa0', 'Section G', '3cb0cede-b749-4667-a836-7dfc90b495fd', '2025-07-13 15:24:22.035306+00'),
	('0a430191-d33b-4e20-9c11-cdd7408be9d8', 'Section H', '3cb0cede-b749-4667-a836-7dfc90b495fd', '2025-07-13 15:24:22.035306+00'),
	('b42456de-0536-4836-9d6a-b866f9a39ffd', 'Section I', '3cb0cede-b749-4667-a836-7dfc90b495fd', '2025-07-13 15:24:22.035306+00'),
	('b6c0fa65-ff80-49cb-b95b-bec41cd50c6c', 'Section J', '3cb0cede-b749-4667-a836-7dfc90b495fd', '2025-07-13 15:24:22.035306+00'),
	('4daf16ba-820f-4b51-9b66-8bfad58d1c04', 'Section K', '3cb0cede-b749-4667-a836-7dfc90b495fd', '2025-07-13 15:24:22.035306+00'),
	('ea506b5f-47fe-4d8d-8444-11c83a56f0d9', 'Section L', '3cb0cede-b749-4667-a836-7dfc90b495fd', '2025-07-13 15:24:22.035306+00'),
	('8cc0f4c9-c6b2-4a08-b27d-19836435b6b4', 'Section M', '3cb0cede-b749-4667-a836-7dfc90b495fd', '2025-07-13 15:24:22.035306+00'),
	('c3e80e5b-b91d-4897-9d38-8c77cf797c9b', 'Section N', '3cb0cede-b749-4667-a836-7dfc90b495fd', '2025-07-13 15:24:22.035306+00'),
	('bb6963e0-8599-417c-904d-48fadc040dc0', 'Section O', '3cb0cede-b749-4667-a836-7dfc90b495fd', '2025-07-13 15:24:22.035306+00'),
	('e220c45b-b915-44c1-8384-be305a56efdf', 'Section P', '3cb0cede-b749-4667-a836-7dfc90b495fd', '2025-07-13 15:24:22.035306+00'),
	('3af75a8e-9fa8-4c13-8d0b-7ae68a8b43a1', 'Section Q', '3cb0cede-b749-4667-a836-7dfc90b495fd', '2025-07-13 15:24:22.035306+00'),
	('2485d3a0-cacd-4b22-924e-6adbaefde779', 'Section R', '3cb0cede-b749-4667-a836-7dfc90b495fd', '2025-07-13 15:24:22.035306+00'),
	('9a158f6c-016d-4224-909c-7527be4a171f', 'Section S', '3cb0cede-b749-4667-a836-7dfc90b495fd', '2025-07-13 15:24:22.035306+00'),
	('7c5456a3-5636-418f-92a7-a7e6ea3be78c', 'Section T', '3cb0cede-b749-4667-a836-7dfc90b495fd', '2025-07-13 15:24:22.035306+00'),
	('6393ea64-9c32-4c77-917c-614b123781cd', 'Section U', '3cb0cede-b749-4667-a836-7dfc90b495fd', '2025-07-13 15:24:22.035306+00'),
	('d8af305a-0a75-4b78-b043-56215bc9796c', 'Section V', '3cb0cede-b749-4667-a836-7dfc90b495fd', '2025-07-13 15:24:22.035306+00'),
	('c5c12f78-1d0f-4b1f-81cd-9fbffabce314', 'Section W', '3cb0cede-b749-4667-a836-7dfc90b495fd', '2025-07-13 15:24:22.035306+00'),
	('35b8882b-ad94-4806-bbd4-2e1846667ef5', 'Section X', '3cb0cede-b749-4667-a836-7dfc90b495fd', '2025-07-13 15:24:22.035306+00'),
	('ad6f8c61-dc44-4d2c-bbda-8a51ac47db53', 'Section Y', '3cb0cede-b749-4667-a836-7dfc90b495fd', '2025-07-13 15:24:22.035306+00'),
	('c24ccf30-327e-4f13-8fe9-c6400aafed21', 'Section Z', '3cb0cede-b749-4667-a836-7dfc90b495fd', '2025-07-13 15:24:22.035306+00'),
	('3a863347-0c71-4488-aca0-34a707fa7ab9', 'Section A', 'e08eacd1-9660-4b69-8fd3-5bd6974a4cde', '2025-07-13 15:24:22.035306+00'),
	('789b43e2-534a-4263-9693-5b68d3a2af9e', 'Section B', 'e08eacd1-9660-4b69-8fd3-5bd6974a4cde', '2025-07-13 15:24:22.035306+00'),
	('5dd17a26-8507-4682-8aec-9cdd004e8752', 'Section C', 'e08eacd1-9660-4b69-8fd3-5bd6974a4cde', '2025-07-13 15:24:22.035306+00'),
	('1708d285-0d1e-43c4-87a0-fb3d6e3fa43f', 'Section D', 'e08eacd1-9660-4b69-8fd3-5bd6974a4cde', '2025-07-13 15:24:22.035306+00'),
	('0c970cc7-9efc-45fa-a4e1-a372f682b08c', 'Section E', 'e08eacd1-9660-4b69-8fd3-5bd6974a4cde', '2025-07-13 15:24:22.035306+00'),
	('c52b4eda-8853-41b3-b326-2ec3ed6db9bb', 'Section F', 'e08eacd1-9660-4b69-8fd3-5bd6974a4cde', '2025-07-13 15:24:22.035306+00'),
	('c55df952-c95d-4015-a39f-81efa547c218', 'Section G', 'e08eacd1-9660-4b69-8fd3-5bd6974a4cde', '2025-07-13 15:24:22.035306+00'),
	('110d9aca-b774-44df-81b7-6c17067121b3', 'Section H', 'e08eacd1-9660-4b69-8fd3-5bd6974a4cde', '2025-07-13 15:24:22.035306+00'),
	('8f67cd5c-c45c-41b2-a6d1-4ecef520eb16', 'Section I', 'e08eacd1-9660-4b69-8fd3-5bd6974a4cde', '2025-07-13 15:24:22.035306+00'),
	('28b14efc-c56d-4fcf-93ac-ebf10a2207d3', 'Section J', 'e08eacd1-9660-4b69-8fd3-5bd6974a4cde', '2025-07-13 15:24:22.035306+00'),
	('e41b68c9-05d5-4ae7-bb2a-7ca2b21d29b4', 'Section K', 'e08eacd1-9660-4b69-8fd3-5bd6974a4cde', '2025-07-13 15:24:22.035306+00'),
	('c56a817c-eba1-4daf-8513-7b59749cf7cc', 'Section L', 'e08eacd1-9660-4b69-8fd3-5bd6974a4cde', '2025-07-13 15:24:22.035306+00'),
	('2f7866b5-421c-474c-8ac6-8b1ee4c47823', 'Section M', 'e08eacd1-9660-4b69-8fd3-5bd6974a4cde', '2025-07-13 15:24:22.035306+00'),
	('ae3b8b02-7454-42ed-b9a7-1579983b6511', 'Section N', 'e08eacd1-9660-4b69-8fd3-5bd6974a4cde', '2025-07-13 15:24:22.035306+00'),
	('7c3ee005-1590-46b3-9f56-4cec00067da3', 'Section O', 'e08eacd1-9660-4b69-8fd3-5bd6974a4cde', '2025-07-13 15:24:22.035306+00'),
	('66424c22-643b-48de-8e4d-11a529f74dc5', 'Section P', 'e08eacd1-9660-4b69-8fd3-5bd6974a4cde', '2025-07-13 15:24:22.035306+00'),
	('7b6240fa-6420-4e19-bbba-ddb182464b5f', 'Section Q', 'e08eacd1-9660-4b69-8fd3-5bd6974a4cde', '2025-07-13 15:24:22.035306+00'),
	('990e26bf-2edf-4308-b86a-69ef07c2107f', 'Section R', 'e08eacd1-9660-4b69-8fd3-5bd6974a4cde', '2025-07-13 15:24:22.035306+00'),
	('ca15b7b8-353c-423c-9bce-259c42ad2fe3', 'Section S', 'e08eacd1-9660-4b69-8fd3-5bd6974a4cde', '2025-07-13 15:24:22.035306+00'),
	('1b527c3b-5a0b-40a6-8fc7-50287d8ce51b', 'Section T', 'e08eacd1-9660-4b69-8fd3-5bd6974a4cde', '2025-07-13 15:24:22.035306+00'),
	('996cd496-bb8e-4eb8-a96f-1558b9d128e4', 'Section U', 'e08eacd1-9660-4b69-8fd3-5bd6974a4cde', '2025-07-13 15:24:22.035306+00'),
	('3beeab35-cd51-4b19-a220-ade70b085fcd', 'Section V', 'e08eacd1-9660-4b69-8fd3-5bd6974a4cde', '2025-07-13 15:24:22.035306+00'),
	('453538b5-1774-4beb-a267-bb04690e3805', 'Section W', 'e08eacd1-9660-4b69-8fd3-5bd6974a4cde', '2025-07-13 15:24:22.035306+00'),
	('fd38b00d-e988-4249-aa09-99e6edaef25e', 'Section X', 'e08eacd1-9660-4b69-8fd3-5bd6974a4cde', '2025-07-13 15:24:22.035306+00'),
	('41d6b1d8-2697-46d6-b740-3a80a11222cd', 'Section Y', 'e08eacd1-9660-4b69-8fd3-5bd6974a4cde', '2025-07-13 15:24:22.035306+00'),
	('69fc3ea8-e4ff-47c3-a158-70f89ef07f44', 'Section Z', 'e08eacd1-9660-4b69-8fd3-5bd6974a4cde', '2025-07-13 15:24:22.035306+00'),
	('aaa821d1-855f-4685-bdfa-5cf359ce445b', 'Section A', 'eb5a876e-f0d5-40b7-9f44-46541bf20a04', '2025-07-13 15:24:22.035306+00'),
	('f4278967-9c6e-40f9-999b-c0ec41874f8c', 'Section B', 'eb5a876e-f0d5-40b7-9f44-46541bf20a04', '2025-07-13 15:24:22.035306+00'),
	('78546efb-bd42-4b4d-a62b-87c7ab6f2775', 'Section C', 'eb5a876e-f0d5-40b7-9f44-46541bf20a04', '2025-07-13 15:24:22.035306+00'),
	('4173d615-5d6d-4307-bc04-4a6d7b4d84d6', 'Section D', 'eb5a876e-f0d5-40b7-9f44-46541bf20a04', '2025-07-13 15:24:22.035306+00'),
	('ba6aa2aa-eb8b-41bd-bf8e-70f304861325', 'Section E', 'eb5a876e-f0d5-40b7-9f44-46541bf20a04', '2025-07-13 15:24:22.035306+00'),
	('835d38bf-1b7b-4875-94e6-d4979cfa4926', 'Section F', 'eb5a876e-f0d5-40b7-9f44-46541bf20a04', '2025-07-13 15:24:22.035306+00'),
	('4224b37d-0af9-41ef-b557-5ea466f11ee4', 'Section G', 'eb5a876e-f0d5-40b7-9f44-46541bf20a04', '2025-07-13 15:24:22.035306+00'),
	('268625cc-865b-4f3d-8d27-a7e68d32909a', 'Section H', 'eb5a876e-f0d5-40b7-9f44-46541bf20a04', '2025-07-13 15:24:22.035306+00'),
	('f0eabe0f-0219-4c2f-9cd5-f63f558f8315', 'Section I', 'eb5a876e-f0d5-40b7-9f44-46541bf20a04', '2025-07-13 15:24:22.035306+00'),
	('d8043faa-19a5-4df3-b49a-468423607dee', 'Section J', 'eb5a876e-f0d5-40b7-9f44-46541bf20a04', '2025-07-13 15:24:22.035306+00'),
	('995ee5da-c029-4187-80a0-6877a81e32f5', 'Section K', 'eb5a876e-f0d5-40b7-9f44-46541bf20a04', '2025-07-13 15:24:22.035306+00'),
	('63367cd5-16e1-4f2d-80c2-f28b13cffa5a', 'Section L', 'eb5a876e-f0d5-40b7-9f44-46541bf20a04', '2025-07-13 15:24:22.035306+00'),
	('5c69b722-c071-4e77-a92a-14527a6d5009', 'Section M', 'eb5a876e-f0d5-40b7-9f44-46541bf20a04', '2025-07-13 15:24:22.035306+00'),
	('37e147e6-541d-4d2c-8ff3-105656bd9a13', 'Section N', 'eb5a876e-f0d5-40b7-9f44-46541bf20a04', '2025-07-13 15:24:22.035306+00'),
	('98789815-cdca-4543-a863-869e530a87d3', 'Section O', 'eb5a876e-f0d5-40b7-9f44-46541bf20a04', '2025-07-13 15:24:22.035306+00'),
	('f40d332c-d33b-4ac2-aa97-2ea0f53af3e6', 'Section P', 'eb5a876e-f0d5-40b7-9f44-46541bf20a04', '2025-07-13 15:24:22.035306+00'),
	('d2352d20-e31c-41dc-ad82-7b5aa10e7343', 'Section Q', 'eb5a876e-f0d5-40b7-9f44-46541bf20a04', '2025-07-13 15:24:22.035306+00'),
	('2223fa3d-7ca5-463d-90b2-56ad7b4f06a7', 'Section R', 'eb5a876e-f0d5-40b7-9f44-46541bf20a04', '2025-07-13 15:24:22.035306+00'),
	('05c93110-6783-48b8-972e-11f6045af071', 'Section S', 'eb5a876e-f0d5-40b7-9f44-46541bf20a04', '2025-07-13 15:24:22.035306+00'),
	('9ef05ac0-71ac-4337-b221-cdd1dc3372d0', 'Section T', 'eb5a876e-f0d5-40b7-9f44-46541bf20a04', '2025-07-13 15:24:22.035306+00'),
	('c3621513-3bc8-48e8-8fe8-925e8eb4b166', 'Section U', 'eb5a876e-f0d5-40b7-9f44-46541bf20a04', '2025-07-13 15:24:22.035306+00'),
	('daf45ac8-1584-44de-8568-4d3888ae784b', 'Section V', 'eb5a876e-f0d5-40b7-9f44-46541bf20a04', '2025-07-13 15:24:22.035306+00'),
	('edb8bb5e-34ff-41bb-9d16-ee8e22d6a549', 'Section W', 'eb5a876e-f0d5-40b7-9f44-46541bf20a04', '2025-07-13 15:24:22.035306+00'),
	('55b4bb14-998a-4d11-90fa-1c37ef7c8c3d', 'Section X', 'eb5a876e-f0d5-40b7-9f44-46541bf20a04', '2025-07-13 15:24:22.035306+00'),
	('f4dab24a-2930-4d33-a78e-2de10e2bb27d', 'Section Y', 'eb5a876e-f0d5-40b7-9f44-46541bf20a04', '2025-07-13 15:24:22.035306+00'),
	('0cc96e9b-b098-45bf-a592-dd64a57cfdb5', 'Section Z', 'eb5a876e-f0d5-40b7-9f44-46541bf20a04', '2025-07-13 15:24:22.035306+00'),
	('3b3cc49c-9740-43f5-8c79-7b8434f07e7c', 'Section A', 'ad9fb56e-dfd1-4c52-a833-4d1b942f9ef4', '2025-07-13 15:24:22.035306+00'),
	('db30dcbe-54eb-4613-94b2-6434324a0648', 'Section B', 'ad9fb56e-dfd1-4c52-a833-4d1b942f9ef4', '2025-07-13 15:24:22.035306+00'),
	('b20231b8-ee3a-4494-8f5d-853d346c3036', 'Section C', 'ad9fb56e-dfd1-4c52-a833-4d1b942f9ef4', '2025-07-13 15:24:22.035306+00'),
	('d309c6d8-5604-45cb-9f52-58e6c0a3bab8', 'Section D', 'ad9fb56e-dfd1-4c52-a833-4d1b942f9ef4', '2025-07-13 15:24:22.035306+00'),
	('1867d3ad-5424-42de-ab78-86227b5f07ca', 'Section E', 'ad9fb56e-dfd1-4c52-a833-4d1b942f9ef4', '2025-07-13 15:24:22.035306+00'),
	('6f3a1788-740d-48c4-b5e1-deb248ea5de9', 'Section F', 'ad9fb56e-dfd1-4c52-a833-4d1b942f9ef4', '2025-07-13 15:24:22.035306+00'),
	('2337beab-0c82-42f4-a5f4-f2555c48528b', 'Section G', 'ad9fb56e-dfd1-4c52-a833-4d1b942f9ef4', '2025-07-13 15:24:22.035306+00'),
	('af758c82-2b08-4f6f-a151-e3c6e9f6694c', 'Section H', 'ad9fb56e-dfd1-4c52-a833-4d1b942f9ef4', '2025-07-13 15:24:22.035306+00'),
	('ab613592-f704-48fc-b03e-faa4e9129366', 'Section I', 'ad9fb56e-dfd1-4c52-a833-4d1b942f9ef4', '2025-07-13 15:24:22.035306+00'),
	('2073da90-6bdb-404f-a36e-d0ddf89410e0', 'Section J', 'ad9fb56e-dfd1-4c52-a833-4d1b942f9ef4', '2025-07-13 15:24:22.035306+00'),
	('e30b7969-cedc-4202-8d1a-12748490a28d', 'Section K', 'ad9fb56e-dfd1-4c52-a833-4d1b942f9ef4', '2025-07-13 15:24:22.035306+00'),
	('7b94968c-56cc-4245-a6b5-04ae2ff4f378', 'Section L', 'ad9fb56e-dfd1-4c52-a833-4d1b942f9ef4', '2025-07-13 15:24:22.035306+00'),
	('0e4ad8fe-e2f1-47f1-ae40-46352c3ccef4', 'Section M', 'ad9fb56e-dfd1-4c52-a833-4d1b942f9ef4', '2025-07-13 15:24:22.035306+00'),
	('89031fa8-8e84-4d85-b384-dd08690388f7', 'Section N', 'ad9fb56e-dfd1-4c52-a833-4d1b942f9ef4', '2025-07-13 15:24:22.035306+00'),
	('bfc94122-4592-442b-bc01-65cb8378f199', 'Section O', 'ad9fb56e-dfd1-4c52-a833-4d1b942f9ef4', '2025-07-13 15:24:22.035306+00'),
	('f6eb01ac-e8e8-4c1e-8e0d-741d3bd24bf6', 'Section P', 'ad9fb56e-dfd1-4c52-a833-4d1b942f9ef4', '2025-07-13 15:24:22.035306+00'),
	('f9ab1bc1-9670-4fc6-b0f3-cb52013c2a42', 'Section Q', 'ad9fb56e-dfd1-4c52-a833-4d1b942f9ef4', '2025-07-13 15:24:22.035306+00'),
	('57d59f53-ab13-43ab-8686-2e84af7e83ae', 'Section R', 'ad9fb56e-dfd1-4c52-a833-4d1b942f9ef4', '2025-07-13 15:24:22.035306+00'),
	('c68754ac-e156-469d-835b-35b040e23f14', 'Section S', 'ad9fb56e-dfd1-4c52-a833-4d1b942f9ef4', '2025-07-13 15:24:22.035306+00'),
	('36fa1048-700a-4969-930a-79919bb99f91', 'Section T', 'ad9fb56e-dfd1-4c52-a833-4d1b942f9ef4', '2025-07-13 15:24:22.035306+00'),
	('b66a1c44-2714-41ec-82fb-633a2d1434d6', 'Section U', 'ad9fb56e-dfd1-4c52-a833-4d1b942f9ef4', '2025-07-13 15:24:22.035306+00'),
	('9d3b1ae2-cebc-4daf-a894-92b209112e36', 'Section V', 'ad9fb56e-dfd1-4c52-a833-4d1b942f9ef4', '2025-07-13 15:24:22.035306+00'),
	('a70000ba-9b0e-42fb-aea2-9608a79fd9a1', 'Section W', 'ad9fb56e-dfd1-4c52-a833-4d1b942f9ef4', '2025-07-13 15:24:22.035306+00'),
	('b8db6771-e0ca-4719-b03c-6871139e8cca', 'Section X', 'ad9fb56e-dfd1-4c52-a833-4d1b942f9ef4', '2025-07-13 15:24:22.035306+00'),
	('4c1538b2-5b2f-4468-b660-bb69a3af3e1d', 'Section Y', 'ad9fb56e-dfd1-4c52-a833-4d1b942f9ef4', '2025-07-13 15:24:22.035306+00'),
	('72e26406-e851-483e-8d3a-87fbef427ded', 'Section Z', 'ad9fb56e-dfd1-4c52-a833-4d1b942f9ef4', '2025-07-13 15:24:22.035306+00'),
	('85e42dab-3291-45bb-92b6-89379b3be21c', 'Section A', 'aee8fde0-76ae-4a1e-affc-4c5ea44f5fce', '2025-07-13 15:24:22.035306+00'),
	('e0df7aef-1832-4c0f-8621-e5ae11e67f1e', 'Section B', 'aee8fde0-76ae-4a1e-affc-4c5ea44f5fce', '2025-07-13 15:24:22.035306+00'),
	('e8850ae8-2f84-45e9-b324-bb30367ab114', 'Section C', 'aee8fde0-76ae-4a1e-affc-4c5ea44f5fce', '2025-07-13 15:24:22.035306+00'),
	('43e99c3a-89d1-49d6-b3c9-3ee67fc1bf8c', 'Section D', 'aee8fde0-76ae-4a1e-affc-4c5ea44f5fce', '2025-07-13 15:24:22.035306+00'),
	('06cdf302-2acc-47f0-b13d-d1fdc6d87133', 'Section E', 'aee8fde0-76ae-4a1e-affc-4c5ea44f5fce', '2025-07-13 15:24:22.035306+00'),
	('ef7295e1-c2ff-4563-a186-c472c660c17b', 'Section F', 'aee8fde0-76ae-4a1e-affc-4c5ea44f5fce', '2025-07-13 15:24:22.035306+00'),
	('1fbf4ab3-dbdb-4f1e-a3c8-4edf5afe1d1d', 'Section G', 'aee8fde0-76ae-4a1e-affc-4c5ea44f5fce', '2025-07-13 15:24:22.035306+00'),
	('173737a4-bf60-466b-bd36-a0278133d203', 'Section H', 'aee8fde0-76ae-4a1e-affc-4c5ea44f5fce', '2025-07-13 15:24:22.035306+00'),
	('a069cfe0-8899-4e6f-9f4f-1f4d7b8143c0', 'Section I', 'aee8fde0-76ae-4a1e-affc-4c5ea44f5fce', '2025-07-13 15:24:22.035306+00'),
	('14858761-89c3-44dc-ba59-c296d037b52a', 'Section J', 'aee8fde0-76ae-4a1e-affc-4c5ea44f5fce', '2025-07-13 15:24:22.035306+00'),
	('d904344a-7b1e-4ed4-aea0-d818e43df8be', 'Section K', 'aee8fde0-76ae-4a1e-affc-4c5ea44f5fce', '2025-07-13 15:24:22.035306+00'),
	('ae8e5765-b739-4cef-9b66-465866164635', 'Section L', 'aee8fde0-76ae-4a1e-affc-4c5ea44f5fce', '2025-07-13 15:24:22.035306+00'),
	('89945365-86d9-43d1-979f-718b17f3195e', 'Section M', 'aee8fde0-76ae-4a1e-affc-4c5ea44f5fce', '2025-07-13 15:24:22.035306+00'),
	('581c03a0-acc5-408b-8352-f7316c30585a', 'Section N', 'aee8fde0-76ae-4a1e-affc-4c5ea44f5fce', '2025-07-13 15:24:22.035306+00'),
	('ef881b2d-1ec4-4eb3-bbcf-567f40f062f8', 'Section O', 'aee8fde0-76ae-4a1e-affc-4c5ea44f5fce', '2025-07-13 15:24:22.035306+00'),
	('9e2aa5fd-36f9-4afc-832e-c425fd45fb41', 'Section P', 'aee8fde0-76ae-4a1e-affc-4c5ea44f5fce', '2025-07-13 15:24:22.035306+00'),
	('335efd5f-4881-4dd1-b16a-0e2b78afae5b', 'Section Q', 'aee8fde0-76ae-4a1e-affc-4c5ea44f5fce', '2025-07-13 15:24:22.035306+00'),
	('caa5ea99-d552-4335-8751-755a0a4f5d18', 'Section R', 'aee8fde0-76ae-4a1e-affc-4c5ea44f5fce', '2025-07-13 15:24:22.035306+00'),
	('d60204e3-e313-44ac-a129-9f0dbff3e45c', 'Section S', 'aee8fde0-76ae-4a1e-affc-4c5ea44f5fce', '2025-07-13 15:24:22.035306+00'),
	('dbfabe8f-0702-4ff8-8c89-75e9727d5263', 'Section T', 'aee8fde0-76ae-4a1e-affc-4c5ea44f5fce', '2025-07-13 15:24:22.035306+00'),
	('8dbfe6ee-e0ce-4754-ba78-7cf981029146', 'Section U', 'aee8fde0-76ae-4a1e-affc-4c5ea44f5fce', '2025-07-13 15:24:22.035306+00'),
	('fa6db7d0-6136-46c7-90c3-68108b7f3cd0', 'Section V', 'aee8fde0-76ae-4a1e-affc-4c5ea44f5fce', '2025-07-13 15:24:22.035306+00'),
	('ae4fa504-459a-4da0-b9d3-63a0679173b2', 'Section W', 'aee8fde0-76ae-4a1e-affc-4c5ea44f5fce', '2025-07-13 15:24:22.035306+00'),
	('e8498616-6829-46d5-8592-8e6453a25ec9', 'Section X', 'aee8fde0-76ae-4a1e-affc-4c5ea44f5fce', '2025-07-13 15:24:22.035306+00'),
	('87f127c9-f7e3-47e8-9952-33a5e72e54c8', 'Section Y', 'aee8fde0-76ae-4a1e-affc-4c5ea44f5fce', '2025-07-13 15:24:22.035306+00'),
	('236f5c2e-3c06-4d6f-ac5e-39bb81fa1942', 'Section Z', 'aee8fde0-76ae-4a1e-affc-4c5ea44f5fce', '2025-07-13 15:24:22.035306+00');


--
-- Data for Name: users; Type: TABLE DATA; Schema: public; Owner: postgres
--

INSERT INTO "public"."users" ("id", "email", "name", "role", "created_at", "last_active", "phone", "student_id", "department_id", "batch_id", "section_id", "avatar") VALUES
	('6b19133a-e3d9-44d3-86b3-165aaad09968', 'jhghhgh@diu.edu.bd', 'kjh', 'user', '2026-01-05 09:04:51.164942+00', '2026-01-05 09:04:51.164942+00', '', '', '82cc95f6-a4c2-474d-8c6a-1272fc0dd19e', '2dd89ae0-3745-4bba-a806-88f5bab20bb4', 'e5ba5920-2584-4a21-9d5e-3846b700133f', NULL),
	('fb40ae1d-9197-4611-8c64-fc34e4740d08', 'nnnn@diu.edu.bd', 'nnnn', 'user', '2026-01-05 09:08:32.31802+00', '2026-01-05 09:08:32.31802+00', '', '', '82cc95f6-a4c2-474d-8c6a-1272fc0dd19e', '3af718fb-174d-4b3c-85fe-a30394dd5396', '15d297b5-f442-43ed-ab98-68c104ef6754', NULL),
	('c81efd02-27ed-48d7-9d8a-917bed2faf52', 'superadmin@diu.edu.bd', 'SUPER ADMIN', 'super-admin', '2026-01-05 09:10:51.867445+00', '2026-01-05 09:15:00.708687+00', '', '', '82cc95f6-a4c2-474d-8c6a-1272fc0dd19e', 'a11b2ad5-2137-471b-b859-6f6ba611e52d', '86556e98-4f4d-4541-b0a9-77091114086b', NULL),
	('63db9f94-6c5b-48db-841c-68b60f037f4a', 'gadmin@diu.edu.bd', 'admin', 'section_admin', '2026-01-05 09:09:26.351993+00', '2026-01-05 09:18:27.658004+00', '', '', '82cc95f6-a4c2-474d-8c6a-1272fc0dd19e', 'a11b2ad5-2137-471b-b859-6f6ba611e52d', '86556e98-4f4d-4541-b0a9-77091114086b', NULL),
	('f21fa145-2d73-449a-8b1b-aeeeedc6ab54', 'guser1@diu.edu.bd', 'userG', 'user', '2026-01-05 09:31:47.916669+00', '2026-01-05 09:38:38.441979+00', NULL, NULL, '82cc95f6-a4c2-474d-8c6a-1272fc0dd19e', 'a11b2ad5-2137-471b-b859-6f6ba611e52d', '86556e98-4f4d-4541-b0a9-77091114086b', NULL),
	('61c67875-4251-439a-8aeb-71fa735ec96c', 'guser3@diu.edu.bd', 'user', 'user', '2026-01-05 09:53:55.29514+00', '2026-01-05 09:53:55.29514+00', '', '', '82cc95f6-a4c2-474d-8c6a-1272fc0dd19e', 'a11b2ad5-2137-471b-b859-6f6ba611e52d', '86556e98-4f4d-4541-b0a9-77091114086b', NULL),
	('7b0f0233-2f6c-446d-b40b-d489903090e5', 'cuser@diu.edu.bd', 'user', 'user', '2026-01-05 11:01:27.041877+00', '2026-01-05 11:01:27.041877+00', '', '', '82cc95f6-a4c2-474d-8c6a-1272fc0dd19e', 'a11b2ad5-2137-471b-b859-6f6ba611e52d', '7bb7c9aa-edd2-4350-849b-7970b80efb50', NULL),
	('aaba5d50-142c-4439-aa6d-84dc6d59b81b', 'user9886@diu.edu.bd', 'User', 'user', '2026-01-05 11:20:59.931547+00', '2026-01-05 11:20:59.931547+00', '', '', '82cc95f6-a4c2-474d-8c6a-1272fc0dd19e', 'a11b2ad5-2137-471b-b859-6f6ba611e52d', '86556e98-4f4d-4541-b0a9-77091114086b', NULL),
	('fedecd44-aba5-4336-8e12-57eb0dc4b40f', 'nfnfn@diu.edu.bd', 'Nznnx', 'user', '2026-01-05 11:34:48.851498+00', '2026-01-05 11:34:48.851498+00', '', '', '82cc95f6-a4c2-474d-8c6a-1272fc0dd19e', 'a11b2ad5-2137-471b-b859-6f6ba611e52d', '86556e98-4f4d-4541-b0a9-77091114086b', NULL),
	('c0dab19d-1f8b-4554-876d-fb8b5d8837ef', 'nxndb@diu.edu.bd', 'Ooooo', 'user', '2026-01-05 11:42:45.13381+00', '2026-01-05 11:42:45.13381+00', '', '', '82cc95f6-a4c2-474d-8c6a-1272fc0dd19e', 'a11b2ad5-2137-471b-b859-6f6ba611e52d', '86556e98-4f4d-4541-b0a9-77091114086b', NULL),
	('7539f980-07b4-41fd-a24a-84784e714a13', 'bdbbfbc@diu.edu.bd', 'Nxbbx', 'user', '2026-01-05 11:59:42.70213+00', '2026-01-05 11:59:42.70213+00', '', '', '82cc95f6-a4c2-474d-8c6a-1272fc0dd19e', 'a11b2ad5-2137-471b-b859-6f6ba611e52d', '86556e98-4f4d-4541-b0a9-77091114086b', NULL),
	('8cb2798e-f2ca-4729-9764-c5e2ee38f0d2', 'cadmin@diu.edu.bd', 'adminc', 'section_admin', '2026-01-05 12:04:08.565787+00', '2026-01-05 12:04:58.771368+00', '', '', '82cc95f6-a4c2-474d-8c6a-1272fc0dd19e', 'a11b2ad5-2137-471b-b859-6f6ba611e52d', '7bb7c9aa-edd2-4350-849b-7970b80efb50', NULL),
	('441ad560-e9db-4f5f-97b2-1c32ee1c4e4d', 'nehal@diu.edu.bd', 'Nehal', 'user', '2026-01-06 16:57:25.468548+00', '2026-01-06 16:57:25.468548+00', '', '', '82cc95f6-a4c2-474d-8c6a-1272fc0dd19e', 'a11b2ad5-2137-471b-b859-6f6ba611e52d', '86556e98-4f4d-4541-b0a9-77091114086b', NULL),
	('287853ad-dd61-4a28-b8fe-69c8b9a400a9', 'dfjhjdshhf@diu.edu.bd', 'bfhbg', 'user', '2026-01-07 14:14:22.505919+00', '2026-01-07 14:14:22.505919+00', '', '', '82cc95f6-a4c2-474d-8c6a-1272fc0dd19e', 'a11b2ad5-2137-471b-b859-6f6ba611e52d', '86556e98-4f4d-4541-b0a9-77091114086b', NULL),
	('c3ffc27b-0a8a-47da-9ef9-38ad2aecb034', 'tadmin34@diu.edu.bd', 'tadmin', 'section_admin', '2026-01-08 14:45:54.46983+00', '2026-01-08 14:47:39.576879+00', '', '', '82cc95f6-a4c2-474d-8c6a-1272fc0dd19e', 'a11b2ad5-2137-471b-b859-6f6ba611e52d', '7bb7c9aa-edd2-4350-849b-7970b80efb50', NULL),
	('503b37c3-a602-4bfa-b4df-139ddd16885a', 'gnehal876@diu.edu.bd', 'User', 'user', '2026-01-08 15:59:12.857248+00', '2026-01-09 13:46:22.84282+00', '', '', '82cc95f6-a4c2-474d-8c6a-1272fc0dd19e', 'a11b2ad5-2137-471b-b859-6f6ba611e52d', '86556e98-4f4d-4541-b0a9-77091114086b', 'https://nglfbbdoyyfslzyjarqs.supabase.co/storage/v1/object/public/profile-photos/503b37c3-a602-4bfa-b4df-139ddd16885a/avatar-1767966380758.png'),
	('6fd095ca-826a-486b-897e-d51318a2e2e0', 'guser2@diu.edu.bd', 'USERG', 'user', '2026-01-05 09:42:47.288524+00', '2026-01-07 16:44:03.421299+00', '', '', '82cc95f6-a4c2-474d-8c6a-1272fc0dd19e', 'a11b2ad5-2137-471b-b859-6f6ba611e52d', '86556e98-4f4d-4541-b0a9-77091114086b', 'https://nglfbbdoyyfslzyjarqs.supabase.co/storage/v1/object/public/profile-photos/6fd095ca-826a-486b-897e-d51318a2e2e0/avatar-1767804255754.png'),
	('f77c3d81-dba0-495f-b0fa-a76de051d52c', 'test@diu.edu.bd', 'Test', 'user', '2026-01-07 19:23:34.232558+00', '2026-01-07 20:01:10.341731+00', '', '', '82cc95f6-a4c2-474d-8c6a-1272fc0dd19e', 'a11b2ad5-2137-471b-b859-6f6ba611e52d', '86556e98-4f4d-4541-b0a9-77091114086b', 'https://nglfbbdoyyfslzyjarqs.supabase.co/storage/v1/object/public/profile-photos/f77c3d81-dba0-495f-b0fa-a76de051d52c/avatar-1767816067204.png'),
	('2f401058-149e-4d3d-be02-51f9472d37da', 'guser6@diu.edu.bd', 'user', 'user', '2026-01-08 06:04:27.197098+00', '2026-01-08 06:04:27.197098+00', NULL, NULL, NULL, NULL, NULL, NULL),
	('65ee4789-8104-449e-9f54-1a47e37d5e0d', 'ewrewrwer@diu.edu.bd', 'uhuder', 'user', '2026-01-08 06:05:11.180114+00', '2026-01-08 06:05:11.180114+00', '', '', '82cc95f6-a4c2-474d-8c6a-1272fc0dd19e', 'a11b2ad5-2137-471b-b859-6f6ba611e52d', '3b5111b7-09b0-4790-bd38-f4e59fcccb45', NULL),
	('56d4f21b-a615-4227-aaf5-c15f608fe104', 'urmi@diu.edu.bd', 'Urmi', 'user', '2026-01-08 08:31:06.97358+00', '2026-01-09 17:43:55.817509+00', '', '', '82cc95f6-a4c2-474d-8c6a-1272fc0dd19e', 'a11b2ad5-2137-471b-b859-6f6ba611e52d', '86556e98-4f4d-4541-b0a9-77091114086b', 'https://nglfbbdoyyfslzyjarqs.supabase.co/storage/v1/object/public/profile-photos/56d4f21b-a615-4227-aaf5-c15f608fe104/avatar-1767980573985.jpg'),
	('e271fef5-f353-4008-9336-3909c970affc', 'bxbbd8@diu.edu.bd', 'Ndnnd', 'user', '2026-01-11 12:23:24.180012+00', '2026-01-11 12:24:31.914207+00', '', '', '82cc95f6-a4c2-474d-8c6a-1272fc0dd19e', 'a11b2ad5-2137-471b-b859-6f6ba611e52d', '86556e98-4f4d-4541-b0a9-77091114086b', 'https://nglfbbdoyyfslzyjarqs.supabase.co/storage/v1/object/public/profile-photos/e271fef5-f353-4008-9336-3909c970affc/avatar-1768134270063.png'),
	('537008dd-12a4-485b-b3d2-3feff5936d7e', 'guser9@diu.edu.bd', 'nehal', 'user', '2026-01-08 06:06:03.057927+00', '2026-01-08 06:15:58.040486+00', '01750627421', '1260hd', '82cc95f6-a4c2-474d-8c6a-1272fc0dd19e', 'a11b2ad5-2137-471b-b859-6f6ba611e52d', '86556e98-4f4d-4541-b0a9-77091114086b', NULL),
	('235aea81-4205-48d0-acc8-97c2647eca39', 'guser5@diu.edu.bd', 'user', 'user', '2026-01-08 10:57:32.658536+00', '2026-01-08 11:00:03.112006+00', '', '', '82cc95f6-a4c2-474d-8c6a-1272fc0dd19e', 'a11b2ad5-2137-471b-b859-6f6ba611e52d', '86556e98-4f4d-4541-b0a9-77091114086b', 'https://nglfbbdoyyfslzyjarqs.supabase.co/storage/v1/object/public/profile-photos/235aea81-4205-48d0-acc8-97c2647eca39/avatar-1767870016843.webp'),
	('08243edc-7b1c-4730-b271-e94a388d2396', 'dsfjhdsf@diu.edu.bd', 'fhjghd', 'user', '2026-01-08 14:45:16.466352+00', '2026-01-08 14:45:16.466352+00', '', '', '82cc95f6-a4c2-474d-8c6a-1272fc0dd19e', 'a11b2ad5-2137-471b-b859-6f6ba611e52d', '7bb7c9aa-edd2-4350-849b-7970b80efb50', NULL),
	('28b1b99c-90d3-4009-be95-6da09aa685f1', 'oiuyy@diu.edu.bd', 'IYUYFTD', 'user', '2026-01-12 08:45:05.71239+00', '2026-01-12 08:45:05.71239+00', '', '', '82cc95f6-a4c2-474d-8c6a-1272fc0dd19e', 'a11b2ad5-2137-471b-b859-6f6ba611e52d', '86556e98-4f4d-4541-b0a9-77091114086b', NULL);


--
-- Data for Name: activities; Type: TABLE DATA; Schema: public; Owner: postgres
--

INSERT INTO "public"."activities" ("id", "type", "title", "user_id", "created_at", "metadata") VALUES
	('14ca32c4-3f77-446a-a47e-9db0fe9f0b0d', 'role_change', 'User role changed: user  section_admin', 'c81efd02-27ed-48d7-9d8a-917bed2faf52', '2026-01-05 09:18:28.050003+00', '{"new_role": "section_admin", "section_id": "86556e98-4f4d-4541-b0a9-77091114086b", "previous_role": "user", "target_user_id": "63db9f94-6c5b-48db-841c-68b60f037f4a"}'),
	('2f4346e2-0641-4c54-8d18-fa4251a7de4f', 'task', 'New task created: khjhgdfg', '63db9f94-6c5b-48db-841c-68b60f037f4a', '2026-01-05 09:55:32.355922+00', '{"task_id": "5a83f3cb-86b4-4043-b6be-fa33918b822f", "operation": "INSERT"}'),
	('b3c7caf6-4d7a-43d4-a88f-ed6a55a8a07f', 'task', 'New task created: hffy', '63db9f94-6c5b-48db-841c-68b60f037f4a', '2026-01-05 10:18:14.682065+00', '{"task_id": "b368e48f-c99d-4ba3-b7a5-19c03c0988e3", "operation": "INSERT"}'),
	('c8d82f36-d0ca-470e-9a10-d7f533a1c008', 'task', 'New task created: NJBJF', '63db9f94-6c5b-48db-841c-68b60f037f4a', '2026-01-05 11:27:26.126629+00', '{"task_id": "62806a9f-4f0d-4657-aee9-c6fd74f38d12", "operation": "INSERT"}'),
	('db040fe0-8b6d-4363-8f0f-e069403bde40', 'task', 'New task created: jhuret', '63db9f94-6c5b-48db-841c-68b60f037f4a', '2026-01-05 12:00:51.058789+00', '{"task_id": "7a1423e0-39a9-46c0-b0df-99cae4f6907b", "operation": "INSERT"}'),
	('c14fc600-d554-4eec-bacb-4efc1827bc71', 'task', 'New task created: jhjfhg', '63db9f94-6c5b-48db-841c-68b60f037f4a', '2026-01-05 12:01:46.414926+00', '{"task_id": "2570ffdd-188c-4d1e-8256-5d36ce7af4f5", "operation": "INSERT"}'),
	('399324d8-4399-4fd3-9608-d4b5d249ea00', 'role_change', 'User role changed: user  section_admin', 'c81efd02-27ed-48d7-9d8a-917bed2faf52', '2026-01-05 12:04:59.166916+00', '{"new_role": "section_admin", "section_id": "7bb7c9aa-edd2-4350-849b-7970b80efb50", "previous_role": "user", "target_user_id": "8cb2798e-f2ca-4729-9764-c5e2ee38f0d2"}'),
	('c115fa68-8066-4cff-86d1-f0a6c25efa21', 'task', 'New task created: task', '8cb2798e-f2ca-4729-9764-c5e2ee38f0d2', '2026-01-05 12:05:37.282708+00', '{"task_id": "e86eef00-df99-41b3-b366-491a9a168ae5", "operation": "INSERT"}'),
	('e4dbf2da-6736-48c7-8f76-8862980f5dae', 'task', 'New task created: nehal', '8cb2798e-f2ca-4729-9764-c5e2ee38f0d2', '2026-01-05 15:55:21.026326+00', '{"task_id": "46843ee0-3bf1-4ee1-b5ad-4a744df2b691", "operation": "INSERT"}'),
	('8eb6ab58-e1f4-4e33-a063-b42fd184e256', 'task', 'New task created: task of is', '63db9f94-6c5b-48db-841c-68b60f037f4a', '2026-01-05 15:59:17.651897+00', '{"task_id": "25f3542c-3858-4cdc-804d-59993a7056db", "operation": "INSERT"}'),
	('8bc2081f-3b45-46d6-9cd7-3fbc3ec67fd8', 'task', 'New task created: IUI', '63db9f94-6c5b-48db-841c-68b60f037f4a', '2026-01-05 16:25:32.56058+00', '{"task_id": "12ec1f64-817f-4b8b-8b01-5aa387c352e9", "operation": "INSERT"}'),
	('9e59039c-91c9-49fb-a678-811d32b97b9e', 'task', 'New task created: JVHFJHGIHDIGFGFDGDFG', '63db9f94-6c5b-48db-841c-68b60f037f4a', '2026-01-05 16:27:17.342251+00', '{"task_id": "2f22c611-734e-4e6b-a58b-f2da96316e4f", "operation": "INSERT"}'),
	('ba9cbf0c-6233-4b55-992a-472f644c83d6', 'task', 'New task created: HJGG', '63db9f94-6c5b-48db-841c-68b60f037f4a', '2026-01-05 16:42:30.233628+00', '{"task_id": "22b6c62d-915e-422c-a9da-cb4813042e30", "operation": "INSERT"}'),
	('97c3c8b7-71d9-4b5f-805a-d2eb54e86e6f', 'task', 'New task created: test remonder today', '63db9f94-6c5b-48db-841c-68b60f037f4a', '2026-01-06 13:42:36.526051+00', '{"task_id": "c8151aed-70cc-4a00-9d0f-0757224b9e7a", "operation": "INSERT"}'),
	('705dbe18-2121-4839-b263-81f58a574fad', 'task', 'New task created: remonder test 2', '63db9f94-6c5b-48db-841c-68b60f037f4a', '2026-01-06 13:44:24.401278+00', '{"task_id": "d5bd4ee2-dca9-4f12-9d8f-2f9298f85c79", "operation": "INSERT"}'),
	('ee632615-cd4e-481a-bdbb-1485871bf81c', 'task', 'New task created: kjkk', '63db9f94-6c5b-48db-841c-68b60f037f4a', '2026-01-06 16:58:49.014453+00', '{"task_id": "48fbdb79-4e40-4985-abdf-2349a6df6aea", "operation": "INSERT"}'),
	('18a36b3f-41fc-41c0-8227-f46458c55e6a', 'task', 'Task updated: remonder test 2', '63db9f94-6c5b-48db-841c-68b60f037f4a', '2026-01-06 17:23:28.951605+00', '{"task_id": "d5bd4ee2-dca9-4f12-9d8f-2f9298f85c79", "operation": "UPDATE"}'),
	('cfd8273a-083d-497f-9bb1-384f230fbcea', 'task', 'Task updated:  Decide spelling for registrations or certificates', '63db9f94-6c5b-48db-841c-68b60f037f4a', '2026-01-06 17:24:11.778192+00', '{"task_id": "48fbdb79-4e40-4985-abdf-2349a6df6aea", "operation": "UPDATE"}'),
	('35c26132-67aa-49c1-b34c-66c8fc555353', 'task', 'Task updated:  Decide spelling for registrations or certificates', '63db9f94-6c5b-48db-841c-68b60f037f4a', '2026-01-06 17:24:23.899574+00', '{"task_id": "48fbdb79-4e40-4985-abdf-2349a6df6aea", "operation": "UPDATE"}'),
	('2d7ad132-1fc4-46b5-a91e-1b6022e2e84b', 'task', 'New task created: ihihdf', '63db9f94-6c5b-48db-841c-68b60f037f4a', '2026-01-07 07:21:46.616167+00', '{"task_id": "991d11b3-aaa6-4da8-9c74-16c8e33f6f5f", "operation": "INSERT"}'),
	('8834eea1-b4f8-4085-a9a7-32dc2dc886c1', 'task', 'New task created: test notification', '63db9f94-6c5b-48db-841c-68b60f037f4a', '2026-01-07 18:23:59.01647+00', '{"task_id": "bc941b86-259b-473d-8fc3-38f52ad13e4a", "operation": "INSERT"}'),
	('a1bb4b34-fefb-4179-aa2c-d8a037b1c104', 'task', 'New task created: test', '63db9f94-6c5b-48db-841c-68b60f037f4a', '2026-01-07 18:24:26.206622+00', '{"task_id": "e20c0e03-b4be-475b-9010-8708fb115390", "operation": "INSERT"}'),
	('60fd47ba-33d8-4154-82de-a6a62d39804f', 'task', 'New task created: Data Structures & Algorithms', '63db9f94-6c5b-48db-841c-68b60f037f4a', '2026-01-07 18:27:45.411784+00', '{"task_id": "32ce7650-8a33-4a00-84fd-6ba6988f197a", "operation": "INSERT"}'),
	('272441e6-244c-4403-9bd7-fca2daddd094', 'task', 'New task created: test', '63db9f94-6c5b-48db-841c-68b60f037f4a', '2026-01-07 18:28:51.074193+00', '{"task_id": "9af168fa-bd57-4baa-bb8c-658a0ec19155", "operation": "INSERT"}'),
	('10c4184a-343c-4b88-bad0-265ed045b2c3', 'task', 'New task created: huhu', '63db9f94-6c5b-48db-841c-68b60f037f4a', '2026-01-07 18:29:17.417287+00', '{"task_id": "0d1c3667-eb7c-4957-8a64-3ff08df4f5cd", "operation": "INSERT"}'),
	('4857a21f-d548-48c2-8d44-abb581723f0b', 'task', 'New task created: uh', '63db9f94-6c5b-48db-841c-68b60f037f4a', '2026-01-07 18:31:22.274505+00', '{"task_id": "89b34e3e-1aa7-4df7-b6e3-442a86657df2", "operation": "INSERT"}'),
	('dfa9300d-1832-49b3-838f-44f4a5798468', 'task', 'New task created: jfjdfsjd', '63db9f94-6c5b-48db-841c-68b60f037f4a', '2026-01-07 18:44:13.100621+00', '{"task_id": "a8d5dece-8deb-49e6-a89f-dc85db681e8b", "operation": "INSERT"}'),
	('44f85893-1af9-4a26-94ed-b2376d424461', 'task', 'New task created: dksjfksd', '63db9f94-6c5b-48db-841c-68b60f037f4a', '2026-01-07 18:44:30.685028+00', '{"task_id": "2fc269ba-73a2-4c4d-892e-6798bfaeb8e3", "operation": "INSERT"}'),
	('e6c56628-049d-416a-9aaf-bdb2c0afab3e', 'task', 'New task created: Data Structures & Algorithms', '63db9f94-6c5b-48db-841c-68b60f037f4a', '2026-01-07 18:46:16.14395+00', '{"task_id": "dc0327ed-81c2-4bfe-90ff-cfd770d7a658", "operation": "INSERT"}'),
	('f38f29c2-8685-4a50-a1b7-16b4dafeba52', 'task', 'New task created: Data Structures 2', '63db9f94-6c5b-48db-841c-68b60f037f4a', '2026-01-07 18:56:25.626699+00', '{"task_id": "8a3e60af-f409-409a-a581-6504e3f13347", "operation": "INSERT"}'),
	('fd5142ef-6e49-472b-af38-e503f59530fa', 'task', 'New task created: test notification chaeaking', '63db9f94-6c5b-48db-841c-68b60f037f4a', '2026-01-08 08:46:05.599383+00', '{"task_id": "4df36ff2-2cc0-457a-874b-2e02c28a8cb5", "operation": "INSERT"}'),
	('c7ff303b-280f-466d-b4cb-d850d376b32c', 'role_change', 'User role changed: user  section_admin', 'c81efd02-27ed-48d7-9d8a-917bed2faf52', '2026-01-08 14:47:39.949184+00', '{"new_role": "section_admin", "section_id": "7bb7c9aa-edd2-4350-849b-7970b80efb50", "previous_role": "user", "target_user_id": "c3ffc27b-0a8a-47da-9ef9-38ad2aecb034"}'),
	('e8439862-eeee-47f0-9ef7-0d76b7e76f07', 'task', 'New task created: jhjdhfs', 'c3ffc27b-0a8a-47da-9ef9-38ad2aecb034', '2026-01-08 14:48:14.400369+00', '{"task_id": "5d9856df-de0a-437a-aef9-8a61dc2e9252", "operation": "INSERT"}'),
	('78465d07-57d7-427f-95b3-7c7ea04e6328', 'task', 'New task created: us333333333333', '63db9f94-6c5b-48db-841c-68b60f037f4a', '2026-01-09 12:49:34.961104+00', '{"task_id": "56337d6c-2c9f-4af9-ba65-948b518205c4", "operation": "INSERT"}'),
	('fb661e75-84dd-447f-a656-3df2761d660b', 'task', 'New task created: test1', '63db9f94-6c5b-48db-841c-68b60f037f4a', '2026-01-09 13:37:01.813584+00', '{"task_id": "e2310b86-7bf7-4054-9c60-a94e0aa2b345", "operation": "INSERT"}'),
	('c6540c27-7af1-48d9-8c6a-c5d5a6effae1', 'task', 'New task created: upabase auth session restoration timing during cold start', '63db9f94-6c5b-48db-841c-68b60f037f4a', '2026-01-09 13:37:35.921272+00', '{"task_id": "31fd67a3-1aa9-4db6-96dd-7f8e27e22b7a", "operation": "INSERT"}'),
	('66e801d3-3050-442e-884c-f0dd3fb28178', 'task', 'New task created: Exploring The Magical Valley Of Uttarakhand ', '63db9f94-6c5b-48db-841c-68b60f037f4a', '2026-01-10 11:41:02.124132+00', '{"task_id": "36e7264c-4270-4645-bf7a-3ad82832a9ee", "operation": "INSERT"}'),
	('8c6d3a56-93c8-4e61-9e5b-b74359b04fef', 'task', 'New task created: reminder test course', '63db9f94-6c5b-48db-841c-68b60f037f4a', '2026-01-11 14:57:32.033894+00', '{"task_id": "dfa7b1a2-13c0-40fe-b58d-cd2fced29764", "operation": "INSERT"}');


--
-- Data for Name: announcements; Type: TABLE DATA; Schema: public; Owner: postgres
--



--
-- Data for Name: teachers; Type: TABLE DATA; Schema: public; Owner: postgres
--



--
-- Data for Name: courses; Type: TABLE DATA; Schema: public; Owner: postgres
--



--
-- Data for Name: fcm_tokens; Type: TABLE DATA; Schema: public; Owner: postgres
--

INSERT INTO "public"."fcm_tokens" ("id", "user_id", "token", "platform", "device_info", "is_active", "created_at", "updated_at") VALUES
	('ec035592-3947-412f-9bbd-6a8ce3588ba2', 'f77c3d81-dba0-495f-b0fa-a76de051d52c', 'cG2RU5-BSR6HUeJzCqPQS0:APA91bEEis8kEBySQfhldpPo0d5peiHU6gQ9fLfC_fqiYOFWjlOWhjDA5qBA8pIK0I-iZ_2j3-RQmw3FpiykbgZu6-Yrc7LSzGS8UPj2U8Z77xoJxL0Qxkk', 'android', '{"model": "unknown", "platform": "android", "osVersion": "unknown", "appVersion": "1.0.0"}', false, '2026-01-07 19:23:36.603832+00', '2026-01-09 12:49:37.877205+00'),
	('e509ab83-293c-4a9c-ab38-1a6efb5e2c67', '503b37c3-a602-4bfa-b4df-139ddd16885a', 'e-wzL0ghR5iwxHBjb5xpPP:APA91bHwh349UPONMqiggf1A0QYreUNBiTLdTmrh-ZW-mtDujpPlTOZkmpxD_sgj3ot8LulYcjbqhQRp4hdxKiBHCu2etAaBTmdhV8NJb7biKfTdYEiE9to', 'android', '{"model": "unknown", "platform": "android", "osVersion": "unknown", "appVersion": "1.0.0"}', true, '2026-01-08 15:59:15.722041+00', '2026-01-13 09:09:10.925573+00'),
	('a67eb0de-e1f8-4d1e-b6ce-871b37979478', '441ad560-e9db-4f5f-97b2-1c32ee1c4e4d', 'eUGZQyA6SeGXMXYvrNb0Nl:APA91bEAn-VfFhcSgUkfUeC8XPlbhf2UNZLH1mLpFkEM8slKZDpBoMC2U8XJqZbIboqaO_PVlH2HATHy1R3C_ixW3MeCS6EHjm5frpmW6wgVx_kBwFYwK_U', 'android', '{"model": "unknown", "platform": "android", "osVersion": "unknown", "appVersion": "1.0.0"}', false, '2026-01-06 16:57:28.379892+00', '2026-01-07 19:43:02.391872+00'),
	('ebe2a82e-9a38-4d28-9289-c39e38d6489c', '7539f980-07b4-41fd-a24a-84784e714a13', 'duHIPW-9SiefjJ0jLyPb2m:APA91bHjPZ8UsbcL6idVo-Ofo3KjoTeXTdpKX7LV3KdfBzKPf_lTjKmYLdM8hYJf4XeqMUiKoq6VqOk3bGogyoaHxrTZYrUU2D5_MQijLnnVfqCU9QXcih4', 'android', '{"model": "unknown", "platform": "android", "osVersion": "unknown", "appVersion": "1.0.0"}', false, '2026-01-05 11:59:54.316713+00', '2026-01-06 16:58:52.348486+00'),
	('608838bd-1c2a-48a8-ab1f-3ecaad980743', '56d4f21b-a615-4227-aaf5-c15f608fe104', 'fVA5Oy91RJ2jEN0QEAlX6L:APA91bGOZJAm4ixUTFicMgRDH_5tIuYbWw0pfG5Qu5Sof5qqKazodxhH94iW0IH02wASwOkAvABT__zs_hAlUOxBsR6rHHfk1Wrgr89Nr4-0_IlCY0Tts8E', 'android', '{"model": "unknown", "platform": "android", "osVersion": "unknown", "appVersion": "1.0.0"}', true, '2026-01-08 08:31:08.649393+00', '2026-01-09 17:57:56.348927+00');


--
-- Data for Name: lecture_slides; Type: TABLE DATA; Schema: public; Owner: postgres
--



--
-- Data for Name: section_admins; Type: TABLE DATA; Schema: public; Owner: postgres
--

INSERT INTO "public"."section_admins" ("id", "user_id", "section_id", "assigned_by", "created_at") VALUES
	('76a8c24b-232f-4799-8b2a-eea56164ab2a', '63db9f94-6c5b-48db-841c-68b60f037f4a', '86556e98-4f4d-4541-b0a9-77091114086b', 'c81efd02-27ed-48d7-9d8a-917bed2faf52', '2026-01-05 09:18:27.915001+00'),
	('b196df27-f316-4ee9-a6bc-8fb2b2865aa0', '8cb2798e-f2ca-4729-9764-c5e2ee38f0d2', '7bb7c9aa-edd2-4350-849b-7970b80efb50', 'c81efd02-27ed-48d7-9d8a-917bed2faf52', '2026-01-05 12:04:59.03271+00'),
	('082418e6-5961-4ee3-be85-df77938689dd', 'c3ffc27b-0a8a-47da-9ef9-38ad2aecb034', '7bb7c9aa-edd2-4350-849b-7970b80efb50', 'c81efd02-27ed-48d7-9d8a-917bed2faf52', '2026-01-08 14:47:39.823612+00');


--
-- Data for Name: section_routines; Type: TABLE DATA; Schema: public; Owner: postgres
--



--
-- Data for Name: study_materials; Type: TABLE DATA; Schema: public; Owner: postgres
--



--
-- Data for Name: tasks; Type: TABLE DATA; Schema: public; Owner: postgres
--

INSERT INTO "public"."tasks" ("id", "name", "category", "due_date", "description", "status", "user_id", "created_at", "is_admin_task", "section_id", "google_drive_links", "priority", "tags", "assigned_to", "assigned_by", "completed_at", "completed_by", "updated_at", "attachments", "is_template", "template_name", "department_id", "batch_id", "original_file_names") VALUES
	('5a83f3cb-86b4-4043-b6be-fa33918b822f', 'khjhgdfg', 'assignment', '2026-02-04', 'fdgfdg', 'pending', '63db9f94-6c5b-48db-841c-68b60f037f4a', '2026-01-05 09:55:32.355922+00', true, '86556e98-4f4d-4541-b0a9-77091114086b', '{}', 'medium', '{}', NULL, NULL, NULL, NULL, '2026-01-05 09:55:32.355922+00', '{}', false, NULL, '82cc95f6-a4c2-474d-8c6a-1272fc0dd19e', 'a11b2ad5-2137-471b-b859-6f6ba611e52d', '{}'),
	('b368e48f-c99d-4ba3-b7a5-19c03c0988e3', 'hffy', 'assignment', '2026-01-22', 'hg', 'pending', '63db9f94-6c5b-48db-841c-68b60f037f4a', '2026-01-05 10:18:14.682065+00', true, '86556e98-4f4d-4541-b0a9-77091114086b', '{}', 'medium', '{}', NULL, NULL, NULL, NULL, '2026-01-05 10:18:14.682065+00', '{https://nglfbbdoyyfslzyjarqs.supabase.co/storage/v1/object/public/task-attachments/temp/Certificate_of_Bachelor_o_1767557906004_fjtp6n.pdf}', false, NULL, '82cc95f6-a4c2-474d-8c6a-1272fc0dd19e', 'a11b2ad5-2137-471b-b859-6f6ba611e52d', '{}'),
	('62806a9f-4f0d-4657-aee9-c6fd74f38d12', 'NJBJF', 'assignment', '2026-01-21', 'DSFDS', 'pending', '63db9f94-6c5b-48db-841c-68b60f037f4a', '2026-01-05 11:27:26.126629+00', true, '86556e98-4f4d-4541-b0a9-77091114086b', '{}', 'medium', '{}', NULL, NULL, NULL, NULL, '2026-01-05 11:27:26.126629+00', '{}', false, NULL, '82cc95f6-a4c2-474d-8c6a-1272fc0dd19e', 'a11b2ad5-2137-471b-b859-6f6ba611e52d', '{}'),
	('7a1423e0-39a9-46c0-b0df-99cae4f6907b', 'jhuret', 'assignment', '2026-01-08', 'jsihdfd', 'pending', '63db9f94-6c5b-48db-841c-68b60f037f4a', '2026-01-05 12:00:51.058789+00', true, '86556e98-4f4d-4541-b0a9-77091114086b', '{}', 'medium', '{}', NULL, NULL, NULL, NULL, '2026-01-05 12:00:51.058789+00', '{https://nglfbbdoyyfslzyjarqs.supabase.co/storage/v1/object/public/task-attachments/temp/Class-Routine-CSE-Fall-2025_v3.0_1767564062550_ypso4q.pdf}', false, NULL, '82cc95f6-a4c2-474d-8c6a-1272fc0dd19e', 'a11b2ad5-2137-471b-b859-6f6ba611e52d', '{}'),
	('2570ffdd-188c-4d1e-8256-5d36ce7af4f5', 'jhjfhg', 'assignment', '2026-01-21', 'fjdh', 'pending', '63db9f94-6c5b-48db-841c-68b60f037f4a', '2026-01-05 12:01:46.414926+00', true, '86556e98-4f4d-4541-b0a9-77091114086b', '{}', 'medium', '{}', NULL, NULL, NULL, NULL, '2026-01-05 12:01:46.414926+00', '{}', false, NULL, '82cc95f6-a4c2-474d-8c6a-1272fc0dd19e', 'a11b2ad5-2137-471b-b859-6f6ba611e52d', '{}'),
	('e86eef00-df99-41b3-b366-491a9a168ae5', 'task', 'assignment', '2026-01-27', 'hfd', 'pending', '8cb2798e-f2ca-4729-9764-c5e2ee38f0d2', '2026-01-05 12:05:37.282708+00', true, '7bb7c9aa-edd2-4350-849b-7970b80efb50', '{}', 'medium', '{}', NULL, NULL, NULL, NULL, '2026-01-05 12:05:37.282708+00', '{}', false, NULL, '82cc95f6-a4c2-474d-8c6a-1272fc0dd19e', 'a11b2ad5-2137-471b-b859-6f6ba611e52d', '{}'),
	('46843ee0-3bf1-4ee1-b5ad-4a744df2b691', 'nehal', 'assignment', '2026-01-27', 'dfhjsf', 'in-progress', '8cb2798e-f2ca-4729-9764-c5e2ee38f0d2', '2026-01-05 15:55:21.026326+00', true, '7bb7c9aa-edd2-4350-849b-7970b80efb50', '{}', 'medium', '{}', NULL, NULL, NULL, NULL, '2026-01-05 15:55:21.026326+00', '{}', false, NULL, '82cc95f6-a4c2-474d-8c6a-1272fc0dd19e', 'a11b2ad5-2137-471b-b859-6f6ba611e52d', '{}'),
	('25f3542c-3858-4cdc-804d-59993a7056db', 'task of is', 'lab-final', '2026-01-14', '', 'in-progress', '63db9f94-6c5b-48db-841c-68b60f037f4a', '2026-01-05 15:59:17.651897+00', true, '86556e98-4f4d-4541-b0a9-77091114086b', '{}', 'medium', '{}', NULL, NULL, NULL, NULL, '2026-01-05 15:59:17.651897+00', '{}', false, NULL, '82cc95f6-a4c2-474d-8c6a-1272fc0dd19e', 'a11b2ad5-2137-471b-b859-6f6ba611e52d', '{}'),
	('12ec1f64-817f-4b8b-8b01-5aa387c352e9', 'IUI', 'assignment', '2026-01-16', '', 'in-progress', '63db9f94-6c5b-48db-841c-68b60f037f4a', '2026-01-05 16:25:32.56058+00', true, '86556e98-4f4d-4541-b0a9-77091114086b', '{}', 'medium', '{}', NULL, NULL, NULL, NULL, '2026-01-05 16:25:32.56058+00', '{}', false, NULL, '82cc95f6-a4c2-474d-8c6a-1272fc0dd19e', 'a11b2ad5-2137-471b-b859-6f6ba611e52d', '{}'),
	('2f22c611-734e-4e6b-a58b-f2da96316e4f', 'JVHFJHGIHDIGFGFDGDFG', 'assignment', '2026-01-29', '00000000000000000000000000233333333333333JNNBJBDFIJGBJFG FDJGJFD', 'in-progress', '63db9f94-6c5b-48db-841c-68b60f037f4a', '2026-01-05 16:27:17.342251+00', true, '86556e98-4f4d-4541-b0a9-77091114086b', '{}', 'medium', '{}', NULL, NULL, NULL, NULL, '2026-01-05 16:27:17.342251+00', '{}', false, NULL, '82cc95f6-a4c2-474d-8c6a-1272fc0dd19e', 'a11b2ad5-2137-471b-b859-6f6ba611e52d', '{}'),
	('22b6c62d-915e-422c-a9da-cb4813042e30', 'HJGG', 'assignment', '2026-01-14', 'JJH', 'in-progress', '63db9f94-6c5b-48db-841c-68b60f037f4a', '2026-01-05 16:42:30.233628+00', true, '86556e98-4f4d-4541-b0a9-77091114086b', '{}', 'medium', '{}', NULL, NULL, NULL, NULL, '2026-01-05 16:42:30.233628+00', '{}', false, NULL, '82cc95f6-a4c2-474d-8c6a-1272fc0dd19e', 'a11b2ad5-2137-471b-b859-6f6ba611e52d', '{}'),
	('c8151aed-70cc-4a00-9d0f-0757224b9e7a', 'test remonder today', 'assignment', '2026-01-07', 'fdgfdg', 'in-progress', '63db9f94-6c5b-48db-841c-68b60f037f4a', '2026-01-06 13:42:36.526051+00', true, '86556e98-4f4d-4541-b0a9-77091114086b', '{}', 'medium', '{}', NULL, NULL, NULL, NULL, '2026-01-06 13:42:36.526051+00', '{}', false, NULL, '82cc95f6-a4c2-474d-8c6a-1272fc0dd19e', 'a11b2ad5-2137-471b-b859-6f6ba611e52d', '{}'),
	('d5bd4ee2-dca9-4f12-9d8f-2f9298f85c79', 'remonder test 2', 'assignment', '2026-01-14', 'Adjective
No one, after all, would be any the wiser: Hillary would coast to victory, so Democrats would continue running the government; FISA materials are highly classified, so theyd be kept under wraps.
Andrew C. McCarthy, National Review, 23 Dec. 2017
In another Tuesday morning tweet, the president denied even knowing any the women who have spoken out.
Benjamin Hart, Daily Intelligencer, 12 Dec. 2017
Adverb', 'in-progress', '63db9f94-6c5b-48db-841c-68b60f037f4a', '2026-01-06 13:44:24.401278+00', true, '86556e98-4f4d-4541-b0a9-77091114086b', '{}', 'medium', '{}', NULL, NULL, NULL, NULL, '2026-01-06 17:23:28.951605+00', '{https://nglfbbdoyyfslzyjarqs.supabase.co/storage/v1/object/public/task-attachments/tasks/d5bd4ee2-dca9-4f12-9d8f-2f9298f85c79/Web_Spring-24_1767720220132_q68pr5.pdf}', false, NULL, '82cc95f6-a4c2-474d-8c6a-1272fc0dd19e', 'a11b2ad5-2137-471b-b859-6f6ba611e52d', '{}'),
	('48fbdb79-4e40-4985-abdf-2349a6df6aea', ' Decide spelling for registrations or certificates', 'assignment', '2026-01-07', 'Check consistency across logo, website, and documents

Decide spelling for registrations or certificates

Translate the name properly into Bengali/English formats', 'in-progress', '63db9f94-6c5b-48db-841c-68b60f037f4a', '2026-01-06 16:58:49.014453+00', true, '86556e98-4f4d-4541-b0a9-77091114086b', '{}', 'medium', '{}', NULL, NULL, NULL, NULL, '2026-01-06 17:24:23.899574+00', '{https://nglfbbdoyyfslzyjarqs.supabase.co/storage/v1/object/public/task-attachments/tasks/48fbdb79-4e40-4985-abdf-2349a6df6aea/Web_Spring-24_1767720275279_calpic.pdf}', false, NULL, '82cc95f6-a4c2-474d-8c6a-1272fc0dd19e', 'a11b2ad5-2137-471b-b859-6f6ba611e52d', '{}'),
	('991d11b3-aaa6-4da8-9c74-16c8e33f6f5f', 'ihihdf', 'assignment', '2026-01-08', 'sjdhfdf', 'in-progress', '63db9f94-6c5b-48db-841c-68b60f037f4a', '2026-01-07 07:21:46.616167+00', true, '86556e98-4f4d-4541-b0a9-77091114086b', '{}', 'medium', '{}', NULL, NULL, NULL, NULL, '2026-01-07 07:21:46.616167+00', '{https://nglfbbdoyyfslzyjarqs.supabase.co/storage/v1/object/public/task-attachments/temp/Web_Spring-24_1767770518839_0ljsw4.pdf}', false, NULL, '82cc95f6-a4c2-474d-8c6a-1272fc0dd19e', 'a11b2ad5-2137-471b-b859-6f6ba611e52d', '{}'),
	('bc941b86-259b-473d-8fc3-38f52ad13e4a', 'test notification', 'assignment', '2026-01-29', 'nfjdg', 'in-progress', '63db9f94-6c5b-48db-841c-68b60f037f4a', '2026-01-07 18:23:59.01647+00', true, '86556e98-4f4d-4541-b0a9-77091114086b', '{}', 'medium', '{}', NULL, NULL, NULL, NULL, '2026-01-07 18:23:59.01647+00', '{}', false, NULL, '82cc95f6-a4c2-474d-8c6a-1272fc0dd19e', 'a11b2ad5-2137-471b-b859-6f6ba611e52d', '{}'),
	('e20c0e03-b4be-475b-9010-8708fb115390', 'test', 'assignment', '2026-01-14', 'sdfhd', 'in-progress', '63db9f94-6c5b-48db-841c-68b60f037f4a', '2026-01-07 18:24:26.206622+00', true, '86556e98-4f4d-4541-b0a9-77091114086b', '{}', 'medium', '{}', NULL, NULL, NULL, NULL, '2026-01-07 18:24:26.206622+00', '{}', false, NULL, '82cc95f6-a4c2-474d-8c6a-1272fc0dd19e', 'a11b2ad5-2137-471b-b859-6f6ba611e52d', '{}'),
	('32ce7650-8a33-4a00-84fd-6ba6988f197a', 'Data Structures & Algorithms', 'lab-report', '2026-01-09', ' Skill / Professional Course Names (CSE-based)

Full Stack Web Development

Python Programming

Java Programming

Data Science

Cyber Security

Mobile App Development

Cloud Computing', 'in-progress', '63db9f94-6c5b-48db-841c-68b60f037f4a', '2026-01-07 18:27:45.411784+00', true, '86556e98-4f4d-4541-b0a9-77091114086b', '{}', 'medium', '{}', NULL, NULL, NULL, NULL, '2026-01-07 18:27:45.411784+00', '{https://nglfbbdoyyfslzyjarqs.supabase.co/storage/v1/object/public/task-attachments/temp/Web_Spring-24_1767810467161_3xvqgl.pdf}', false, NULL, '82cc95f6-a4c2-474d-8c6a-1272fc0dd19e', 'a11b2ad5-2137-471b-b859-6f6ba611e52d', '{}'),
	('9af168fa-bd57-4baa-bb8c-658a0ec19155', 'test', 'midterm', '2026-01-15', 'jdnsfnd', 'in-progress', '63db9f94-6c5b-48db-841c-68b60f037f4a', '2026-01-07 18:28:51.074193+00', true, '86556e98-4f4d-4541-b0a9-77091114086b', '{}', 'medium', '{}', NULL, NULL, NULL, NULL, '2026-01-07 18:28:51.074193+00', '{}', false, NULL, '82cc95f6-a4c2-474d-8c6a-1272fc0dd19e', 'a11b2ad5-2137-471b-b859-6f6ba611e52d', '{}'),
	('0d1c3667-eb7c-4957-8a64-3ff08df4f5cd', 'huhu', 'assignment', '2026-01-08', 'jbn', 'in-progress', '63db9f94-6c5b-48db-841c-68b60f037f4a', '2026-01-07 18:29:17.417287+00', true, '86556e98-4f4d-4541-b0a9-77091114086b', '{}', 'medium', '{}', NULL, NULL, NULL, NULL, '2026-01-07 18:29:17.417287+00', '{}', false, NULL, '82cc95f6-a4c2-474d-8c6a-1272fc0dd19e', 'a11b2ad5-2137-471b-b859-6f6ba611e52d', '{}'),
	('89b34e3e-1aa7-4df7-b6e3-442a86657df2', 'uh', 'assignment', '2026-01-22', 'iji', 'in-progress', '63db9f94-6c5b-48db-841c-68b60f037f4a', '2026-01-07 18:31:22.274505+00', true, '86556e98-4f4d-4541-b0a9-77091114086b', '{}', 'medium', '{}', NULL, NULL, NULL, NULL, '2026-01-07 18:31:22.274505+00', '{}', false, NULL, '82cc95f6-a4c2-474d-8c6a-1272fc0dd19e', 'a11b2ad5-2137-471b-b859-6f6ba611e52d', '{}'),
	('a8d5dece-8deb-49e6-a89f-dc85db681e8b', 'jfjdfsjd', 'assignment', '2026-01-15', 'jdfbjd', 'in-progress', '63db9f94-6c5b-48db-841c-68b60f037f4a', '2026-01-07 18:44:13.100621+00', true, '86556e98-4f4d-4541-b0a9-77091114086b', '{}', 'medium', '{}', NULL, NULL, NULL, NULL, '2026-01-07 18:44:13.100621+00', '{}', false, NULL, '82cc95f6-a4c2-474d-8c6a-1272fc0dd19e', 'a11b2ad5-2137-471b-b859-6f6ba611e52d', '{}'),
	('2fc269ba-73a2-4c4d-892e-6798bfaeb8e3', 'dksjfksd', 'assignment', '2026-01-16', 'dskfdsf', 'in-progress', '63db9f94-6c5b-48db-841c-68b60f037f4a', '2026-01-07 18:44:30.685028+00', true, '86556e98-4f4d-4541-b0a9-77091114086b', '{}', 'medium', '{}', NULL, NULL, NULL, NULL, '2026-01-07 18:44:30.685028+00', '{}', false, NULL, '82cc95f6-a4c2-474d-8c6a-1272fc0dd19e', 'a11b2ad5-2137-471b-b859-6f6ba611e52d', '{}'),
	('dc0327ed-81c2-4bfe-90ff-cfd770d7a658', 'Data Structures & Algorithms', 'midterm', '2026-01-09', 'class="inline-flex items-center justify-center bg-gray-50/30 dark:bg-gray-800/30 rounded-xl px-1.5 py-1 gap-2.5 sm:gap-3 md:gap-4"', 'in-progress', '63db9f94-6c5b-48db-841c-68b60f037f4a', '2026-01-07 18:46:16.14395+00', true, '86556e98-4f4d-4541-b0a9-77091114086b', '{}', 'medium', '{}', NULL, NULL, NULL, NULL, '2026-01-07 18:46:16.14395+00', '{}', false, NULL, '82cc95f6-a4c2-474d-8c6a-1272fc0dd19e', 'a11b2ad5-2137-471b-b859-6f6ba611e52d', '{}'),
	('8a3e60af-f409-409a-a581-6504e3f13347', 'Data Structures 2', 'assignment', '2026-01-09', 'Data Structures & Algorithms', 'in-progress', '63db9f94-6c5b-48db-841c-68b60f037f4a', '2026-01-07 18:56:25.626699+00', true, '86556e98-4f4d-4541-b0a9-77091114086b', '{}', 'medium', '{}', NULL, NULL, NULL, NULL, '2026-01-07 18:56:25.626699+00', '{}', false, NULL, '82cc95f6-a4c2-474d-8c6a-1272fc0dd19e', 'a11b2ad5-2137-471b-b859-6f6ba611e52d', '{}'),
	('4df36ff2-2cc0-457a-874b-2e02c28a8cb5', 'test notification chaeaking', 'assignment', '2026-01-27', 'bjfbggdg', 'in-progress', '63db9f94-6c5b-48db-841c-68b60f037f4a', '2026-01-08 08:46:05.599383+00', true, '86556e98-4f4d-4541-b0a9-77091114086b', '{}', 'medium', '{}', NULL, NULL, NULL, NULL, '2026-01-08 08:46:05.599383+00', '{}', false, NULL, '82cc95f6-a4c2-474d-8c6a-1272fc0dd19e', 'a11b2ad5-2137-471b-b859-6f6ba611e52d', '{}'),
	('5d9856df-de0a-437a-aef9-8a61dc2e9252', 'jhjdhfs', 'assignment', '2026-01-14', 'sdfjbdsf', 'in-progress', 'c3ffc27b-0a8a-47da-9ef9-38ad2aecb034', '2026-01-08 14:48:14.400369+00', true, '7bb7c9aa-edd2-4350-849b-7970b80efb50', '{}', 'medium', '{}', NULL, NULL, NULL, NULL, '2026-01-08 14:48:14.400369+00', '{https://nglfbbdoyyfslzyjarqs.supabase.co/storage/v1/object/public/task-attachments/temp/Web_Spring-24_1767883706044_s3sqpx.pdf}', false, NULL, '82cc95f6-a4c2-474d-8c6a-1272fc0dd19e', 'a11b2ad5-2137-471b-b859-6f6ba611e52d', '{}'),
	('56337d6c-2c9f-4af9-ba65-948b518205c4', 'us333333333333', 'project', '2026-01-09', 'kk', 'in-progress', '63db9f94-6c5b-48db-841c-68b60f037f4a', '2026-01-09 12:49:34.961104+00', true, '86556e98-4f4d-4541-b0a9-77091114086b', '{}', 'medium', '{}', NULL, NULL, NULL, NULL, '2026-01-09 12:49:34.961104+00', '{https://nglfbbdoyyfslzyjarqs.supabase.co/storage/v1/object/public/task-attachments/temp/Web_Spring-24_1767962985914_jdy9pu.pdf}', false, NULL, '82cc95f6-a4c2-474d-8c6a-1272fc0dd19e', 'a11b2ad5-2137-471b-b859-6f6ba611e52d', '{}'),
	('e2310b86-7bf7-4054-9c60-a94e0aa2b345', 'test1', 'presentation', '2026-01-09', 'dkskjfsd', 'in-progress', '63db9f94-6c5b-48db-841c-68b60f037f4a', '2026-01-09 13:37:01.813584+00', true, '86556e98-4f4d-4541-b0a9-77091114086b', '{}', 'medium', '{}', NULL, NULL, NULL, NULL, '2026-01-09 13:37:01.813584+00', '{https://nglfbbdoyyfslzyjarqs.supabase.co/storage/v1/object/public/task-attachments/temp/Web_Spring-24_1767965832852_1lbem6.pdf}', false, NULL, '82cc95f6-a4c2-474d-8c6a-1272fc0dd19e', 'a11b2ad5-2137-471b-b859-6f6ba611e52d', '{}'),
	('31fd67a3-1aa9-4db6-96dd-7f8e27e22b7a', 'upabase auth session restoration timing during cold start', 'assignment', '2026-01-10', 'upabase auth session restoration timing during cold start', 'in-progress', '63db9f94-6c5b-48db-841c-68b60f037f4a', '2026-01-09 13:37:35.921272+00', true, '86556e98-4f4d-4541-b0a9-77091114086b', '{}', 'medium', '{}', NULL, NULL, NULL, NULL, '2026-01-09 13:37:35.921272+00', '{}', false, NULL, '82cc95f6-a4c2-474d-8c6a-1272fc0dd19e', 'a11b2ad5-2137-471b-b859-6f6ba611e52d', '{}'),
	('36e7264c-4270-4645-bf7a-3ad82832a9ee', 'Exploring The Magical Valley Of Uttarakhand ', 'presentation', '2026-01-11', 'Manage your academic
journey with ease.
Streamline your tasks, track your progress, and collaborate with peers in one unified platform designed for students.', 'in-progress', '63db9f94-6c5b-48db-841c-68b60f037f4a', '2026-01-10 11:41:02.124132+00', true, '86556e98-4f4d-4541-b0a9-77091114086b', '{}', 'medium', '{}', NULL, NULL, NULL, NULL, '2026-01-10 11:41:02.124132+00', '{https://nglfbbdoyyfslzyjarqs.supabase.co/storage/v1/object/public/task-attachments/temp/Web_Spring-24_1768045256907_uv677g.pdf}', false, NULL, '82cc95f6-a4c2-474d-8c6a-1272fc0dd19e', 'a11b2ad5-2137-471b-b859-6f6ba611e52d', '{}'),
	('dfa7b1a2-13c0-40fe-b58d-cd2fced29764', 'reminder test course', 'assignment', '2026-01-12', '', 'in-progress', '63db9f94-6c5b-48db-841c-68b60f037f4a', '2026-01-11 14:57:32.033894+00', true, '86556e98-4f4d-4541-b0a9-77091114086b', '{}', 'medium', '{}', NULL, NULL, NULL, NULL, '2026-01-11 14:57:32.033894+00', '{}', false, NULL, '82cc95f6-a4c2-474d-8c6a-1272fc0dd19e', 'a11b2ad5-2137-471b-b859-6f6ba611e52d', '{}');


--
-- Data for Name: task_assignments; Type: TABLE DATA; Schema: public; Owner: postgres
--

INSERT INTO "public"."task_assignments" ("id", "task_id", "user_id", "assigned_by", "assigned_at", "status", "completed_at", "notes", "created_at") VALUES
	('86771c18-72a1-4cd9-9805-58fd83f4e31b', '5a83f3cb-86b4-4043-b6be-fa33918b822f', 'c81efd02-27ed-48d7-9d8a-917bed2faf52', '63db9f94-6c5b-48db-841c-68b60f037f4a', '2026-01-05 09:55:32.355922+00', 'assigned', NULL, NULL, '2026-01-05 09:55:32.355922+00'),
	('cb81b941-2e15-4687-b5a5-b8e94627468e', '5a83f3cb-86b4-4043-b6be-fa33918b822f', 'f21fa145-2d73-449a-8b1b-aeeeedc6ab54', '63db9f94-6c5b-48db-841c-68b60f037f4a', '2026-01-05 09:55:32.355922+00', 'assigned', NULL, NULL, '2026-01-05 09:55:32.355922+00'),
	('2d21d76b-4d48-43ef-8da6-3ff1b7f2b231', '5a83f3cb-86b4-4043-b6be-fa33918b822f', '6fd095ca-826a-486b-897e-d51318a2e2e0', '63db9f94-6c5b-48db-841c-68b60f037f4a', '2026-01-05 09:55:32.355922+00', 'assigned', NULL, NULL, '2026-01-05 09:55:32.355922+00'),
	('366c226f-e135-4f3d-be68-3bb37cc8b21e', '5a83f3cb-86b4-4043-b6be-fa33918b822f', '61c67875-4251-439a-8aeb-71fa735ec96c', '63db9f94-6c5b-48db-841c-68b60f037f4a', '2026-01-05 09:55:32.355922+00', 'assigned', NULL, NULL, '2026-01-05 09:55:32.355922+00'),
	('9ed5129d-e1c0-4b78-8fc4-8978df571cad', 'b368e48f-c99d-4ba3-b7a5-19c03c0988e3', 'c81efd02-27ed-48d7-9d8a-917bed2faf52', '63db9f94-6c5b-48db-841c-68b60f037f4a', '2026-01-05 10:18:14.682065+00', 'assigned', NULL, NULL, '2026-01-05 10:18:14.682065+00'),
	('c5729510-29e2-4c72-9b1a-f966db0c09ff', 'b368e48f-c99d-4ba3-b7a5-19c03c0988e3', 'f21fa145-2d73-449a-8b1b-aeeeedc6ab54', '63db9f94-6c5b-48db-841c-68b60f037f4a', '2026-01-05 10:18:14.682065+00', 'assigned', NULL, NULL, '2026-01-05 10:18:14.682065+00'),
	('f4b7a67a-38ce-4837-bca1-b0b24e08f428', 'b368e48f-c99d-4ba3-b7a5-19c03c0988e3', '6fd095ca-826a-486b-897e-d51318a2e2e0', '63db9f94-6c5b-48db-841c-68b60f037f4a', '2026-01-05 10:18:14.682065+00', 'assigned', NULL, NULL, '2026-01-05 10:18:14.682065+00'),
	('f8e91112-1734-42c4-a92f-e636ed97baa2', 'b368e48f-c99d-4ba3-b7a5-19c03c0988e3', '61c67875-4251-439a-8aeb-71fa735ec96c', '63db9f94-6c5b-48db-841c-68b60f037f4a', '2026-01-05 10:18:14.682065+00', 'assigned', NULL, NULL, '2026-01-05 10:18:14.682065+00'),
	('12237595-7bf7-431c-8378-3b9578065f82', '62806a9f-4f0d-4657-aee9-c6fd74f38d12', 'c81efd02-27ed-48d7-9d8a-917bed2faf52', '63db9f94-6c5b-48db-841c-68b60f037f4a', '2026-01-05 11:27:26.126629+00', 'assigned', NULL, NULL, '2026-01-05 11:27:26.126629+00'),
	('24f02d63-d455-4d89-bcc1-52c311587a7b', '62806a9f-4f0d-4657-aee9-c6fd74f38d12', 'f21fa145-2d73-449a-8b1b-aeeeedc6ab54', '63db9f94-6c5b-48db-841c-68b60f037f4a', '2026-01-05 11:27:26.126629+00', 'assigned', NULL, NULL, '2026-01-05 11:27:26.126629+00'),
	('12d770b7-8157-42a3-af2c-bc42571ff715', '62806a9f-4f0d-4657-aee9-c6fd74f38d12', '6fd095ca-826a-486b-897e-d51318a2e2e0', '63db9f94-6c5b-48db-841c-68b60f037f4a', '2026-01-05 11:27:26.126629+00', 'assigned', NULL, NULL, '2026-01-05 11:27:26.126629+00'),
	('5809e989-e7a9-4a43-9a1d-6990278c3821', '62806a9f-4f0d-4657-aee9-c6fd74f38d12', '61c67875-4251-439a-8aeb-71fa735ec96c', '63db9f94-6c5b-48db-841c-68b60f037f4a', '2026-01-05 11:27:26.126629+00', 'assigned', NULL, NULL, '2026-01-05 11:27:26.126629+00'),
	('ce74c991-a8e9-4683-8d70-b791527053d1', '62806a9f-4f0d-4657-aee9-c6fd74f38d12', 'aaba5d50-142c-4439-aa6d-84dc6d59b81b', '63db9f94-6c5b-48db-841c-68b60f037f4a', '2026-01-05 11:27:26.126629+00', 'assigned', NULL, NULL, '2026-01-05 11:27:26.126629+00'),
	('a0263c6c-a153-45e2-bba6-86c024cdf0c7', '7a1423e0-39a9-46c0-b0df-99cae4f6907b', 'c81efd02-27ed-48d7-9d8a-917bed2faf52', '63db9f94-6c5b-48db-841c-68b60f037f4a', '2026-01-05 12:00:51.058789+00', 'assigned', NULL, NULL, '2026-01-05 12:00:51.058789+00'),
	('5f3e5856-2ca3-4ed0-a80f-4c12effb7a9a', '7a1423e0-39a9-46c0-b0df-99cae4f6907b', 'f21fa145-2d73-449a-8b1b-aeeeedc6ab54', '63db9f94-6c5b-48db-841c-68b60f037f4a', '2026-01-05 12:00:51.058789+00', 'assigned', NULL, NULL, '2026-01-05 12:00:51.058789+00'),
	('07603e93-9ade-4319-a0e4-0a47219c393f', '7a1423e0-39a9-46c0-b0df-99cae4f6907b', '6fd095ca-826a-486b-897e-d51318a2e2e0', '63db9f94-6c5b-48db-841c-68b60f037f4a', '2026-01-05 12:00:51.058789+00', 'assigned', NULL, NULL, '2026-01-05 12:00:51.058789+00'),
	('3a3ce9dc-23cd-4ad0-b3fd-d5276a202fac', '7a1423e0-39a9-46c0-b0df-99cae4f6907b', '61c67875-4251-439a-8aeb-71fa735ec96c', '63db9f94-6c5b-48db-841c-68b60f037f4a', '2026-01-05 12:00:51.058789+00', 'assigned', NULL, NULL, '2026-01-05 12:00:51.058789+00'),
	('f400f153-a5fa-4025-8a0f-e9212c295512', '7a1423e0-39a9-46c0-b0df-99cae4f6907b', 'aaba5d50-142c-4439-aa6d-84dc6d59b81b', '63db9f94-6c5b-48db-841c-68b60f037f4a', '2026-01-05 12:00:51.058789+00', 'assigned', NULL, NULL, '2026-01-05 12:00:51.058789+00'),
	('81da8987-6dab-4104-840a-928f8eec0445', '7a1423e0-39a9-46c0-b0df-99cae4f6907b', 'fedecd44-aba5-4336-8e12-57eb0dc4b40f', '63db9f94-6c5b-48db-841c-68b60f037f4a', '2026-01-05 12:00:51.058789+00', 'assigned', NULL, NULL, '2026-01-05 12:00:51.058789+00'),
	('bbfd3f5f-437d-4525-9c9b-41c8c76e1fc5', '7a1423e0-39a9-46c0-b0df-99cae4f6907b', 'c0dab19d-1f8b-4554-876d-fb8b5d8837ef', '63db9f94-6c5b-48db-841c-68b60f037f4a', '2026-01-05 12:00:51.058789+00', 'assigned', NULL, NULL, '2026-01-05 12:00:51.058789+00'),
	('8af5388c-8d76-4ede-a3f0-7b0e82b0da48', '7a1423e0-39a9-46c0-b0df-99cae4f6907b', '7539f980-07b4-41fd-a24a-84784e714a13', '63db9f94-6c5b-48db-841c-68b60f037f4a', '2026-01-05 12:00:51.058789+00', 'assigned', NULL, NULL, '2026-01-05 12:00:51.058789+00'),
	('c2a194ac-9ca0-4199-81bc-30ff84ecacda', '2570ffdd-188c-4d1e-8256-5d36ce7af4f5', 'c81efd02-27ed-48d7-9d8a-917bed2faf52', '63db9f94-6c5b-48db-841c-68b60f037f4a', '2026-01-05 12:01:46.414926+00', 'assigned', NULL, NULL, '2026-01-05 12:01:46.414926+00'),
	('2bd56b6c-d91c-4148-832d-e1b080d2c511', '2570ffdd-188c-4d1e-8256-5d36ce7af4f5', 'f21fa145-2d73-449a-8b1b-aeeeedc6ab54', '63db9f94-6c5b-48db-841c-68b60f037f4a', '2026-01-05 12:01:46.414926+00', 'assigned', NULL, NULL, '2026-01-05 12:01:46.414926+00'),
	('9e8948d3-b1e4-4488-b80e-105840355c48', '2570ffdd-188c-4d1e-8256-5d36ce7af4f5', '6fd095ca-826a-486b-897e-d51318a2e2e0', '63db9f94-6c5b-48db-841c-68b60f037f4a', '2026-01-05 12:01:46.414926+00', 'assigned', NULL, NULL, '2026-01-05 12:01:46.414926+00'),
	('42999164-c814-4a71-b77e-9309c83deb01', '2570ffdd-188c-4d1e-8256-5d36ce7af4f5', '61c67875-4251-439a-8aeb-71fa735ec96c', '63db9f94-6c5b-48db-841c-68b60f037f4a', '2026-01-05 12:01:46.414926+00', 'assigned', NULL, NULL, '2026-01-05 12:01:46.414926+00'),
	('9883f6d0-4758-4c54-980e-b6467b2948ea', '2570ffdd-188c-4d1e-8256-5d36ce7af4f5', 'aaba5d50-142c-4439-aa6d-84dc6d59b81b', '63db9f94-6c5b-48db-841c-68b60f037f4a', '2026-01-05 12:01:46.414926+00', 'assigned', NULL, NULL, '2026-01-05 12:01:46.414926+00'),
	('321a9b67-dca3-49aa-adf5-a83283960cd0', '2570ffdd-188c-4d1e-8256-5d36ce7af4f5', 'fedecd44-aba5-4336-8e12-57eb0dc4b40f', '63db9f94-6c5b-48db-841c-68b60f037f4a', '2026-01-05 12:01:46.414926+00', 'assigned', NULL, NULL, '2026-01-05 12:01:46.414926+00'),
	('59e9034c-4df1-46b6-af04-f1a0b7940f5a', '2570ffdd-188c-4d1e-8256-5d36ce7af4f5', 'c0dab19d-1f8b-4554-876d-fb8b5d8837ef', '63db9f94-6c5b-48db-841c-68b60f037f4a', '2026-01-05 12:01:46.414926+00', 'assigned', NULL, NULL, '2026-01-05 12:01:46.414926+00'),
	('d403f27e-60b7-475b-a9a5-ecfa0ffaba7f', '2570ffdd-188c-4d1e-8256-5d36ce7af4f5', '7539f980-07b4-41fd-a24a-84784e714a13', '63db9f94-6c5b-48db-841c-68b60f037f4a', '2026-01-05 12:01:46.414926+00', 'assigned', NULL, NULL, '2026-01-05 12:01:46.414926+00'),
	('e25542ea-f163-455f-a12b-8e8afeb3990f', 'e86eef00-df99-41b3-b366-491a9a168ae5', '7b0f0233-2f6c-446d-b40b-d489903090e5', '8cb2798e-f2ca-4729-9764-c5e2ee38f0d2', '2026-01-05 12:05:37.282708+00', 'assigned', NULL, NULL, '2026-01-05 12:05:37.282708+00'),
	('f50f66bc-e232-4346-8d5b-e605ef74742e', '46843ee0-3bf1-4ee1-b5ad-4a744df2b691', '7b0f0233-2f6c-446d-b40b-d489903090e5', '8cb2798e-f2ca-4729-9764-c5e2ee38f0d2', '2026-01-05 15:55:21.026326+00', 'assigned', NULL, NULL, '2026-01-05 15:55:21.026326+00'),
	('8f06deb2-6f60-4862-b42b-04319de59ec9', '25f3542c-3858-4cdc-804d-59993a7056db', 'c81efd02-27ed-48d7-9d8a-917bed2faf52', '63db9f94-6c5b-48db-841c-68b60f037f4a', '2026-01-05 15:59:17.651897+00', 'assigned', NULL, NULL, '2026-01-05 15:59:17.651897+00'),
	('65e44041-76b3-4bb0-8bf3-32b97db1c914', '25f3542c-3858-4cdc-804d-59993a7056db', 'f21fa145-2d73-449a-8b1b-aeeeedc6ab54', '63db9f94-6c5b-48db-841c-68b60f037f4a', '2026-01-05 15:59:17.651897+00', 'assigned', NULL, NULL, '2026-01-05 15:59:17.651897+00'),
	('77e62e34-cc28-4452-b995-8996522e4108', '25f3542c-3858-4cdc-804d-59993a7056db', '6fd095ca-826a-486b-897e-d51318a2e2e0', '63db9f94-6c5b-48db-841c-68b60f037f4a', '2026-01-05 15:59:17.651897+00', 'assigned', NULL, NULL, '2026-01-05 15:59:17.651897+00'),
	('9f40b1c6-27e1-4623-9b43-5d1da4d4791e', '25f3542c-3858-4cdc-804d-59993a7056db', '61c67875-4251-439a-8aeb-71fa735ec96c', '63db9f94-6c5b-48db-841c-68b60f037f4a', '2026-01-05 15:59:17.651897+00', 'assigned', NULL, NULL, '2026-01-05 15:59:17.651897+00'),
	('eb0076ab-8939-449c-8edb-61d24001d8bf', '25f3542c-3858-4cdc-804d-59993a7056db', 'aaba5d50-142c-4439-aa6d-84dc6d59b81b', '63db9f94-6c5b-48db-841c-68b60f037f4a', '2026-01-05 15:59:17.651897+00', 'assigned', NULL, NULL, '2026-01-05 15:59:17.651897+00'),
	('42b6e6ee-b9b2-445c-b914-eecfa0503308', '25f3542c-3858-4cdc-804d-59993a7056db', 'fedecd44-aba5-4336-8e12-57eb0dc4b40f', '63db9f94-6c5b-48db-841c-68b60f037f4a', '2026-01-05 15:59:17.651897+00', 'assigned', NULL, NULL, '2026-01-05 15:59:17.651897+00'),
	('008b7196-06bf-4532-b102-9b0e6c6b1d4a', '25f3542c-3858-4cdc-804d-59993a7056db', 'c0dab19d-1f8b-4554-876d-fb8b5d8837ef', '63db9f94-6c5b-48db-841c-68b60f037f4a', '2026-01-05 15:59:17.651897+00', 'assigned', NULL, NULL, '2026-01-05 15:59:17.651897+00'),
	('ae87af93-a74f-4b03-a935-1db0557ceb6e', '25f3542c-3858-4cdc-804d-59993a7056db', '7539f980-07b4-41fd-a24a-84784e714a13', '63db9f94-6c5b-48db-841c-68b60f037f4a', '2026-01-05 15:59:17.651897+00', 'assigned', NULL, NULL, '2026-01-05 15:59:17.651897+00'),
	('c2cf5f1a-f458-452d-bc94-2041ce3b49fe', '12ec1f64-817f-4b8b-8b01-5aa387c352e9', 'c81efd02-27ed-48d7-9d8a-917bed2faf52', '63db9f94-6c5b-48db-841c-68b60f037f4a', '2026-01-05 16:25:32.56058+00', 'assigned', NULL, NULL, '2026-01-05 16:25:32.56058+00'),
	('601242b9-368f-4cb0-99dd-34d5be3dd85d', '12ec1f64-817f-4b8b-8b01-5aa387c352e9', 'f21fa145-2d73-449a-8b1b-aeeeedc6ab54', '63db9f94-6c5b-48db-841c-68b60f037f4a', '2026-01-05 16:25:32.56058+00', 'assigned', NULL, NULL, '2026-01-05 16:25:32.56058+00'),
	('49cb2ad5-b53c-46ba-be79-61309c6df1ab', '12ec1f64-817f-4b8b-8b01-5aa387c352e9', '6fd095ca-826a-486b-897e-d51318a2e2e0', '63db9f94-6c5b-48db-841c-68b60f037f4a', '2026-01-05 16:25:32.56058+00', 'assigned', NULL, NULL, '2026-01-05 16:25:32.56058+00'),
	('1126be21-d0a5-438f-a098-ed23db93ac72', '12ec1f64-817f-4b8b-8b01-5aa387c352e9', '61c67875-4251-439a-8aeb-71fa735ec96c', '63db9f94-6c5b-48db-841c-68b60f037f4a', '2026-01-05 16:25:32.56058+00', 'assigned', NULL, NULL, '2026-01-05 16:25:32.56058+00'),
	('bd03bc57-a21c-45d3-8de3-b7711e09fb7e', '12ec1f64-817f-4b8b-8b01-5aa387c352e9', 'aaba5d50-142c-4439-aa6d-84dc6d59b81b', '63db9f94-6c5b-48db-841c-68b60f037f4a', '2026-01-05 16:25:32.56058+00', 'assigned', NULL, NULL, '2026-01-05 16:25:32.56058+00'),
	('18fdd4e4-f3b8-41e0-ad97-f3af34b2fac3', '12ec1f64-817f-4b8b-8b01-5aa387c352e9', 'fedecd44-aba5-4336-8e12-57eb0dc4b40f', '63db9f94-6c5b-48db-841c-68b60f037f4a', '2026-01-05 16:25:32.56058+00', 'assigned', NULL, NULL, '2026-01-05 16:25:32.56058+00'),
	('a25236ab-7a78-4032-8da6-233cd5ceea51', '12ec1f64-817f-4b8b-8b01-5aa387c352e9', 'c0dab19d-1f8b-4554-876d-fb8b5d8837ef', '63db9f94-6c5b-48db-841c-68b60f037f4a', '2026-01-05 16:25:32.56058+00', 'assigned', NULL, NULL, '2026-01-05 16:25:32.56058+00'),
	('f2347326-b3f8-46cd-831a-f403686d0c5f', '12ec1f64-817f-4b8b-8b01-5aa387c352e9', '7539f980-07b4-41fd-a24a-84784e714a13', '63db9f94-6c5b-48db-841c-68b60f037f4a', '2026-01-05 16:25:32.56058+00', 'assigned', NULL, NULL, '2026-01-05 16:25:32.56058+00'),
	('799826a7-e52d-48fe-8a31-42b9a332326b', '2f22c611-734e-4e6b-a58b-f2da96316e4f', 'c81efd02-27ed-48d7-9d8a-917bed2faf52', '63db9f94-6c5b-48db-841c-68b60f037f4a', '2026-01-05 16:27:17.342251+00', 'assigned', NULL, NULL, '2026-01-05 16:27:17.342251+00'),
	('27d9ddd7-1948-4be3-a09f-154d1fd4b208', '2f22c611-734e-4e6b-a58b-f2da96316e4f', 'f21fa145-2d73-449a-8b1b-aeeeedc6ab54', '63db9f94-6c5b-48db-841c-68b60f037f4a', '2026-01-05 16:27:17.342251+00', 'assigned', NULL, NULL, '2026-01-05 16:27:17.342251+00'),
	('45723acd-3174-404c-9240-e43cc105292c', '2f22c611-734e-4e6b-a58b-f2da96316e4f', '6fd095ca-826a-486b-897e-d51318a2e2e0', '63db9f94-6c5b-48db-841c-68b60f037f4a', '2026-01-05 16:27:17.342251+00', 'assigned', NULL, NULL, '2026-01-05 16:27:17.342251+00'),
	('ed79f11f-def5-4a9a-a28e-a777d92c6f56', '2f22c611-734e-4e6b-a58b-f2da96316e4f', '61c67875-4251-439a-8aeb-71fa735ec96c', '63db9f94-6c5b-48db-841c-68b60f037f4a', '2026-01-05 16:27:17.342251+00', 'assigned', NULL, NULL, '2026-01-05 16:27:17.342251+00'),
	('faa714d5-4f5c-4363-8f3d-e2523fafea5b', '2f22c611-734e-4e6b-a58b-f2da96316e4f', 'aaba5d50-142c-4439-aa6d-84dc6d59b81b', '63db9f94-6c5b-48db-841c-68b60f037f4a', '2026-01-05 16:27:17.342251+00', 'assigned', NULL, NULL, '2026-01-05 16:27:17.342251+00'),
	('0b44b2cf-f78b-4ef4-ac25-0886b623300c', '2f22c611-734e-4e6b-a58b-f2da96316e4f', 'fedecd44-aba5-4336-8e12-57eb0dc4b40f', '63db9f94-6c5b-48db-841c-68b60f037f4a', '2026-01-05 16:27:17.342251+00', 'assigned', NULL, NULL, '2026-01-05 16:27:17.342251+00'),
	('0b41dccf-89ae-49da-909b-57ab16083524', '2f22c611-734e-4e6b-a58b-f2da96316e4f', 'c0dab19d-1f8b-4554-876d-fb8b5d8837ef', '63db9f94-6c5b-48db-841c-68b60f037f4a', '2026-01-05 16:27:17.342251+00', 'assigned', NULL, NULL, '2026-01-05 16:27:17.342251+00'),
	('108cd305-648f-490f-8d79-6446206b1652', '2f22c611-734e-4e6b-a58b-f2da96316e4f', '7539f980-07b4-41fd-a24a-84784e714a13', '63db9f94-6c5b-48db-841c-68b60f037f4a', '2026-01-05 16:27:17.342251+00', 'assigned', NULL, NULL, '2026-01-05 16:27:17.342251+00'),
	('75b82dac-9731-4465-aad1-5d3dbcab10f1', '22b6c62d-915e-422c-a9da-cb4813042e30', 'c81efd02-27ed-48d7-9d8a-917bed2faf52', '63db9f94-6c5b-48db-841c-68b60f037f4a', '2026-01-05 16:42:30.233628+00', 'assigned', NULL, NULL, '2026-01-05 16:42:30.233628+00'),
	('dc24a612-bf88-4366-89f9-17e50edde371', '22b6c62d-915e-422c-a9da-cb4813042e30', 'f21fa145-2d73-449a-8b1b-aeeeedc6ab54', '63db9f94-6c5b-48db-841c-68b60f037f4a', '2026-01-05 16:42:30.233628+00', 'assigned', NULL, NULL, '2026-01-05 16:42:30.233628+00'),
	('c1e24e1b-cabe-4049-81d2-03e46d1528c6', '22b6c62d-915e-422c-a9da-cb4813042e30', '6fd095ca-826a-486b-897e-d51318a2e2e0', '63db9f94-6c5b-48db-841c-68b60f037f4a', '2026-01-05 16:42:30.233628+00', 'assigned', NULL, NULL, '2026-01-05 16:42:30.233628+00'),
	('cd8c5a34-30a4-4d5f-988d-4a1ed441983d', '22b6c62d-915e-422c-a9da-cb4813042e30', '61c67875-4251-439a-8aeb-71fa735ec96c', '63db9f94-6c5b-48db-841c-68b60f037f4a', '2026-01-05 16:42:30.233628+00', 'assigned', NULL, NULL, '2026-01-05 16:42:30.233628+00'),
	('03c0b476-5a7b-4b60-87cf-c44f41ace10f', '22b6c62d-915e-422c-a9da-cb4813042e30', 'aaba5d50-142c-4439-aa6d-84dc6d59b81b', '63db9f94-6c5b-48db-841c-68b60f037f4a', '2026-01-05 16:42:30.233628+00', 'assigned', NULL, NULL, '2026-01-05 16:42:30.233628+00'),
	('0413dc81-c516-4cba-8f6d-3b468cb6baa8', '22b6c62d-915e-422c-a9da-cb4813042e30', 'fedecd44-aba5-4336-8e12-57eb0dc4b40f', '63db9f94-6c5b-48db-841c-68b60f037f4a', '2026-01-05 16:42:30.233628+00', 'assigned', NULL, NULL, '2026-01-05 16:42:30.233628+00'),
	('e71dd227-4f9f-433e-b57e-e82c7cfcf722', '22b6c62d-915e-422c-a9da-cb4813042e30', 'c0dab19d-1f8b-4554-876d-fb8b5d8837ef', '63db9f94-6c5b-48db-841c-68b60f037f4a', '2026-01-05 16:42:30.233628+00', 'assigned', NULL, NULL, '2026-01-05 16:42:30.233628+00'),
	('e772f741-b437-4c55-acc9-6689d7bbc9ab', '22b6c62d-915e-422c-a9da-cb4813042e30', '7539f980-07b4-41fd-a24a-84784e714a13', '63db9f94-6c5b-48db-841c-68b60f037f4a', '2026-01-05 16:42:30.233628+00', 'assigned', NULL, NULL, '2026-01-05 16:42:30.233628+00'),
	('842e98f2-3fed-4802-aa93-4ce39eb0c8b3', 'c8151aed-70cc-4a00-9d0f-0757224b9e7a', 'c81efd02-27ed-48d7-9d8a-917bed2faf52', '63db9f94-6c5b-48db-841c-68b60f037f4a', '2026-01-06 13:42:36.526051+00', 'assigned', NULL, NULL, '2026-01-06 13:42:36.526051+00'),
	('1ff90f1c-7f16-471d-97fa-ec10bb97d20d', 'c8151aed-70cc-4a00-9d0f-0757224b9e7a', 'f21fa145-2d73-449a-8b1b-aeeeedc6ab54', '63db9f94-6c5b-48db-841c-68b60f037f4a', '2026-01-06 13:42:36.526051+00', 'assigned', NULL, NULL, '2026-01-06 13:42:36.526051+00'),
	('bb39455a-a92d-4582-8db8-8421c7d3eb63', 'c8151aed-70cc-4a00-9d0f-0757224b9e7a', '6fd095ca-826a-486b-897e-d51318a2e2e0', '63db9f94-6c5b-48db-841c-68b60f037f4a', '2026-01-06 13:42:36.526051+00', 'assigned', NULL, NULL, '2026-01-06 13:42:36.526051+00'),
	('90e5bd0e-ada1-4875-8780-7e1c060620e9', 'c8151aed-70cc-4a00-9d0f-0757224b9e7a', '61c67875-4251-439a-8aeb-71fa735ec96c', '63db9f94-6c5b-48db-841c-68b60f037f4a', '2026-01-06 13:42:36.526051+00', 'assigned', NULL, NULL, '2026-01-06 13:42:36.526051+00'),
	('9a69f794-8735-4341-9ea4-c43bd04c5f6c', 'c8151aed-70cc-4a00-9d0f-0757224b9e7a', 'aaba5d50-142c-4439-aa6d-84dc6d59b81b', '63db9f94-6c5b-48db-841c-68b60f037f4a', '2026-01-06 13:42:36.526051+00', 'assigned', NULL, NULL, '2026-01-06 13:42:36.526051+00'),
	('7ab109cc-2773-434c-b3fd-cb7a5d9e3f5a', 'c8151aed-70cc-4a00-9d0f-0757224b9e7a', 'fedecd44-aba5-4336-8e12-57eb0dc4b40f', '63db9f94-6c5b-48db-841c-68b60f037f4a', '2026-01-06 13:42:36.526051+00', 'assigned', NULL, NULL, '2026-01-06 13:42:36.526051+00'),
	('446059d5-5bf9-4c25-9090-7251aeb5bc63', 'c8151aed-70cc-4a00-9d0f-0757224b9e7a', 'c0dab19d-1f8b-4554-876d-fb8b5d8837ef', '63db9f94-6c5b-48db-841c-68b60f037f4a', '2026-01-06 13:42:36.526051+00', 'assigned', NULL, NULL, '2026-01-06 13:42:36.526051+00'),
	('f5f14c81-4790-4e2c-8ce5-fbd979b2f182', 'c8151aed-70cc-4a00-9d0f-0757224b9e7a', '7539f980-07b4-41fd-a24a-84784e714a13', '63db9f94-6c5b-48db-841c-68b60f037f4a', '2026-01-06 13:42:36.526051+00', 'assigned', NULL, NULL, '2026-01-06 13:42:36.526051+00'),
	('127bd088-f807-439c-87c8-a0f0013c700a', 'd5bd4ee2-dca9-4f12-9d8f-2f9298f85c79', 'c81efd02-27ed-48d7-9d8a-917bed2faf52', '63db9f94-6c5b-48db-841c-68b60f037f4a', '2026-01-06 13:44:24.401278+00', 'assigned', NULL, NULL, '2026-01-06 13:44:24.401278+00'),
	('eccc66c9-9442-4349-9e7b-bb5d28c54b02', 'd5bd4ee2-dca9-4f12-9d8f-2f9298f85c79', 'f21fa145-2d73-449a-8b1b-aeeeedc6ab54', '63db9f94-6c5b-48db-841c-68b60f037f4a', '2026-01-06 13:44:24.401278+00', 'assigned', NULL, NULL, '2026-01-06 13:44:24.401278+00'),
	('d9afbbbe-4cda-4f0c-a6e3-4669ff4b357d', 'd5bd4ee2-dca9-4f12-9d8f-2f9298f85c79', '6fd095ca-826a-486b-897e-d51318a2e2e0', '63db9f94-6c5b-48db-841c-68b60f037f4a', '2026-01-06 13:44:24.401278+00', 'assigned', NULL, NULL, '2026-01-06 13:44:24.401278+00'),
	('ec23007c-51cf-47ff-8ade-d421a3a2cba9', 'd5bd4ee2-dca9-4f12-9d8f-2f9298f85c79', '61c67875-4251-439a-8aeb-71fa735ec96c', '63db9f94-6c5b-48db-841c-68b60f037f4a', '2026-01-06 13:44:24.401278+00', 'assigned', NULL, NULL, '2026-01-06 13:44:24.401278+00'),
	('e863ddf4-8995-48b5-876e-edb8c98642e6', 'd5bd4ee2-dca9-4f12-9d8f-2f9298f85c79', 'aaba5d50-142c-4439-aa6d-84dc6d59b81b', '63db9f94-6c5b-48db-841c-68b60f037f4a', '2026-01-06 13:44:24.401278+00', 'assigned', NULL, NULL, '2026-01-06 13:44:24.401278+00'),
	('d3aaaf40-fdf7-4fce-af62-02f6a7bb0c62', 'd5bd4ee2-dca9-4f12-9d8f-2f9298f85c79', 'fedecd44-aba5-4336-8e12-57eb0dc4b40f', '63db9f94-6c5b-48db-841c-68b60f037f4a', '2026-01-06 13:44:24.401278+00', 'assigned', NULL, NULL, '2026-01-06 13:44:24.401278+00'),
	('433aae8f-ae8a-41b0-bfe3-0ffd2a007ae2', 'd5bd4ee2-dca9-4f12-9d8f-2f9298f85c79', 'c0dab19d-1f8b-4554-876d-fb8b5d8837ef', '63db9f94-6c5b-48db-841c-68b60f037f4a', '2026-01-06 13:44:24.401278+00', 'assigned', NULL, NULL, '2026-01-06 13:44:24.401278+00'),
	('a7ec21e9-4d30-45df-8689-77e19addd9d2', 'd5bd4ee2-dca9-4f12-9d8f-2f9298f85c79', '7539f980-07b4-41fd-a24a-84784e714a13', '63db9f94-6c5b-48db-841c-68b60f037f4a', '2026-01-06 13:44:24.401278+00', 'assigned', NULL, NULL, '2026-01-06 13:44:24.401278+00'),
	('f138ac05-5941-4a92-914b-5d18c89efb10', '48fbdb79-4e40-4985-abdf-2349a6df6aea', 'c81efd02-27ed-48d7-9d8a-917bed2faf52', '63db9f94-6c5b-48db-841c-68b60f037f4a', '2026-01-06 16:58:49.014453+00', 'assigned', NULL, NULL, '2026-01-06 16:58:49.014453+00'),
	('6af7c33a-4183-4b93-bcab-96d23232f1a4', '48fbdb79-4e40-4985-abdf-2349a6df6aea', 'f21fa145-2d73-449a-8b1b-aeeeedc6ab54', '63db9f94-6c5b-48db-841c-68b60f037f4a', '2026-01-06 16:58:49.014453+00', 'assigned', NULL, NULL, '2026-01-06 16:58:49.014453+00'),
	('dee7166f-0145-493f-b2a0-298e9ce9629c', '48fbdb79-4e40-4985-abdf-2349a6df6aea', '6fd095ca-826a-486b-897e-d51318a2e2e0', '63db9f94-6c5b-48db-841c-68b60f037f4a', '2026-01-06 16:58:49.014453+00', 'assigned', NULL, NULL, '2026-01-06 16:58:49.014453+00'),
	('b8bf2c60-06a4-45e6-88b2-d913062fa330', '48fbdb79-4e40-4985-abdf-2349a6df6aea', '61c67875-4251-439a-8aeb-71fa735ec96c', '63db9f94-6c5b-48db-841c-68b60f037f4a', '2026-01-06 16:58:49.014453+00', 'assigned', NULL, NULL, '2026-01-06 16:58:49.014453+00'),
	('ef80610b-2e93-495b-a3a9-e2e417d8b0a4', '48fbdb79-4e40-4985-abdf-2349a6df6aea', 'aaba5d50-142c-4439-aa6d-84dc6d59b81b', '63db9f94-6c5b-48db-841c-68b60f037f4a', '2026-01-06 16:58:49.014453+00', 'assigned', NULL, NULL, '2026-01-06 16:58:49.014453+00'),
	('c20aa843-07da-4f01-9424-345296a9a970', '48fbdb79-4e40-4985-abdf-2349a6df6aea', 'fedecd44-aba5-4336-8e12-57eb0dc4b40f', '63db9f94-6c5b-48db-841c-68b60f037f4a', '2026-01-06 16:58:49.014453+00', 'assigned', NULL, NULL, '2026-01-06 16:58:49.014453+00'),
	('0c5f5180-0760-43ec-bc86-a8be841c3cd2', '48fbdb79-4e40-4985-abdf-2349a6df6aea', 'c0dab19d-1f8b-4554-876d-fb8b5d8837ef', '63db9f94-6c5b-48db-841c-68b60f037f4a', '2026-01-06 16:58:49.014453+00', 'assigned', NULL, NULL, '2026-01-06 16:58:49.014453+00'),
	('056589d3-e5c9-41d8-b063-49d2c26b1125', '48fbdb79-4e40-4985-abdf-2349a6df6aea', '7539f980-07b4-41fd-a24a-84784e714a13', '63db9f94-6c5b-48db-841c-68b60f037f4a', '2026-01-06 16:58:49.014453+00', 'assigned', NULL, NULL, '2026-01-06 16:58:49.014453+00'),
	('d68ac431-8180-4e16-9811-90fc76348377', '48fbdb79-4e40-4985-abdf-2349a6df6aea', '441ad560-e9db-4f5f-97b2-1c32ee1c4e4d', '63db9f94-6c5b-48db-841c-68b60f037f4a', '2026-01-06 16:58:49.014453+00', 'assigned', NULL, NULL, '2026-01-06 16:58:49.014453+00'),
	('246042be-844a-400c-bd4b-d341558809ef', '991d11b3-aaa6-4da8-9c74-16c8e33f6f5f', 'c81efd02-27ed-48d7-9d8a-917bed2faf52', '63db9f94-6c5b-48db-841c-68b60f037f4a', '2026-01-07 07:21:46.616167+00', 'assigned', NULL, NULL, '2026-01-07 07:21:46.616167+00'),
	('855aea18-104a-4055-be70-98b551d326cb', '991d11b3-aaa6-4da8-9c74-16c8e33f6f5f', 'f21fa145-2d73-449a-8b1b-aeeeedc6ab54', '63db9f94-6c5b-48db-841c-68b60f037f4a', '2026-01-07 07:21:46.616167+00', 'assigned', NULL, NULL, '2026-01-07 07:21:46.616167+00'),
	('c33500da-adf4-4096-b63b-ec78c93e089e', '991d11b3-aaa6-4da8-9c74-16c8e33f6f5f', '6fd095ca-826a-486b-897e-d51318a2e2e0', '63db9f94-6c5b-48db-841c-68b60f037f4a', '2026-01-07 07:21:46.616167+00', 'assigned', NULL, NULL, '2026-01-07 07:21:46.616167+00'),
	('0bac874e-e40e-495e-9352-2b1d4ba50b53', '991d11b3-aaa6-4da8-9c74-16c8e33f6f5f', '61c67875-4251-439a-8aeb-71fa735ec96c', '63db9f94-6c5b-48db-841c-68b60f037f4a', '2026-01-07 07:21:46.616167+00', 'assigned', NULL, NULL, '2026-01-07 07:21:46.616167+00'),
	('4019972d-3da4-46f2-8b2d-96187052202b', '991d11b3-aaa6-4da8-9c74-16c8e33f6f5f', 'aaba5d50-142c-4439-aa6d-84dc6d59b81b', '63db9f94-6c5b-48db-841c-68b60f037f4a', '2026-01-07 07:21:46.616167+00', 'assigned', NULL, NULL, '2026-01-07 07:21:46.616167+00'),
	('7c38f1a9-d4f6-4966-b8ae-0f374fd36b20', '991d11b3-aaa6-4da8-9c74-16c8e33f6f5f', 'fedecd44-aba5-4336-8e12-57eb0dc4b40f', '63db9f94-6c5b-48db-841c-68b60f037f4a', '2026-01-07 07:21:46.616167+00', 'assigned', NULL, NULL, '2026-01-07 07:21:46.616167+00'),
	('144ab364-e1ea-4bac-a252-c04ff9ce7551', '991d11b3-aaa6-4da8-9c74-16c8e33f6f5f', 'c0dab19d-1f8b-4554-876d-fb8b5d8837ef', '63db9f94-6c5b-48db-841c-68b60f037f4a', '2026-01-07 07:21:46.616167+00', 'assigned', NULL, NULL, '2026-01-07 07:21:46.616167+00'),
	('a9e54617-5b5a-4d2c-8f30-eb44a4784609', '991d11b3-aaa6-4da8-9c74-16c8e33f6f5f', '7539f980-07b4-41fd-a24a-84784e714a13', '63db9f94-6c5b-48db-841c-68b60f037f4a', '2026-01-07 07:21:46.616167+00', 'assigned', NULL, NULL, '2026-01-07 07:21:46.616167+00'),
	('d7c8f0ea-55e7-4093-9842-b4d513ee1a3b', '991d11b3-aaa6-4da8-9c74-16c8e33f6f5f', '441ad560-e9db-4f5f-97b2-1c32ee1c4e4d', '63db9f94-6c5b-48db-841c-68b60f037f4a', '2026-01-07 07:21:46.616167+00', 'assigned', NULL, NULL, '2026-01-07 07:21:46.616167+00'),
	('121497d0-12b0-48a7-94b7-6eb10317fe33', 'bc941b86-259b-473d-8fc3-38f52ad13e4a', 'c81efd02-27ed-48d7-9d8a-917bed2faf52', '63db9f94-6c5b-48db-841c-68b60f037f4a', '2026-01-07 18:23:59.01647+00', 'assigned', NULL, NULL, '2026-01-07 18:23:59.01647+00'),
	('82a5fcdd-edfc-4263-80c8-c9c9eacbb75a', 'bc941b86-259b-473d-8fc3-38f52ad13e4a', 'f21fa145-2d73-449a-8b1b-aeeeedc6ab54', '63db9f94-6c5b-48db-841c-68b60f037f4a', '2026-01-07 18:23:59.01647+00', 'assigned', NULL, NULL, '2026-01-07 18:23:59.01647+00'),
	('b2d42a6d-67c4-4591-a4e2-3a1e45827490', 'bc941b86-259b-473d-8fc3-38f52ad13e4a', '61c67875-4251-439a-8aeb-71fa735ec96c', '63db9f94-6c5b-48db-841c-68b60f037f4a', '2026-01-07 18:23:59.01647+00', 'assigned', NULL, NULL, '2026-01-07 18:23:59.01647+00'),
	('d509acf2-39f8-46fb-b092-3093666000a0', 'bc941b86-259b-473d-8fc3-38f52ad13e4a', 'aaba5d50-142c-4439-aa6d-84dc6d59b81b', '63db9f94-6c5b-48db-841c-68b60f037f4a', '2026-01-07 18:23:59.01647+00', 'assigned', NULL, NULL, '2026-01-07 18:23:59.01647+00'),
	('aab9cad5-5a03-483b-872e-c8662ec711b4', 'bc941b86-259b-473d-8fc3-38f52ad13e4a', 'fedecd44-aba5-4336-8e12-57eb0dc4b40f', '63db9f94-6c5b-48db-841c-68b60f037f4a', '2026-01-07 18:23:59.01647+00', 'assigned', NULL, NULL, '2026-01-07 18:23:59.01647+00'),
	('aaa7696f-89cd-494d-8bd1-8d9d13fd8ad2', 'bc941b86-259b-473d-8fc3-38f52ad13e4a', 'c0dab19d-1f8b-4554-876d-fb8b5d8837ef', '63db9f94-6c5b-48db-841c-68b60f037f4a', '2026-01-07 18:23:59.01647+00', 'assigned', NULL, NULL, '2026-01-07 18:23:59.01647+00'),
	('360c685a-a659-470c-a46f-4a258dff672c', 'bc941b86-259b-473d-8fc3-38f52ad13e4a', '7539f980-07b4-41fd-a24a-84784e714a13', '63db9f94-6c5b-48db-841c-68b60f037f4a', '2026-01-07 18:23:59.01647+00', 'assigned', NULL, NULL, '2026-01-07 18:23:59.01647+00'),
	('9be3dece-e3d4-4c83-a560-1eb0329e2dcd', 'bc941b86-259b-473d-8fc3-38f52ad13e4a', '441ad560-e9db-4f5f-97b2-1c32ee1c4e4d', '63db9f94-6c5b-48db-841c-68b60f037f4a', '2026-01-07 18:23:59.01647+00', 'assigned', NULL, NULL, '2026-01-07 18:23:59.01647+00'),
	('5e523c20-f307-40d1-b05e-20814e59b7b8', 'bc941b86-259b-473d-8fc3-38f52ad13e4a', '287853ad-dd61-4a28-b8fe-69c8b9a400a9', '63db9f94-6c5b-48db-841c-68b60f037f4a', '2026-01-07 18:23:59.01647+00', 'assigned', NULL, NULL, '2026-01-07 18:23:59.01647+00'),
	('19bd21c7-d183-4bd7-9e8e-f5c064897755', 'bc941b86-259b-473d-8fc3-38f52ad13e4a', '6fd095ca-826a-486b-897e-d51318a2e2e0', '63db9f94-6c5b-48db-841c-68b60f037f4a', '2026-01-07 18:23:59.01647+00', 'assigned', NULL, NULL, '2026-01-07 18:23:59.01647+00'),
	('9cf0022b-db69-416f-8cd3-4b98f66fbae4', 'e20c0e03-b4be-475b-9010-8708fb115390', 'c81efd02-27ed-48d7-9d8a-917bed2faf52', '63db9f94-6c5b-48db-841c-68b60f037f4a', '2026-01-07 18:24:26.206622+00', 'assigned', NULL, NULL, '2026-01-07 18:24:26.206622+00'),
	('8afc454f-76f9-4d62-9071-f0103260b1ad', 'e20c0e03-b4be-475b-9010-8708fb115390', 'f21fa145-2d73-449a-8b1b-aeeeedc6ab54', '63db9f94-6c5b-48db-841c-68b60f037f4a', '2026-01-07 18:24:26.206622+00', 'assigned', NULL, NULL, '2026-01-07 18:24:26.206622+00'),
	('ac545de3-007f-4b8e-9a6c-75657e90922d', 'e20c0e03-b4be-475b-9010-8708fb115390', '61c67875-4251-439a-8aeb-71fa735ec96c', '63db9f94-6c5b-48db-841c-68b60f037f4a', '2026-01-07 18:24:26.206622+00', 'assigned', NULL, NULL, '2026-01-07 18:24:26.206622+00'),
	('48edbd93-576d-40e2-a34a-1e53e08aa1aa', 'e20c0e03-b4be-475b-9010-8708fb115390', 'aaba5d50-142c-4439-aa6d-84dc6d59b81b', '63db9f94-6c5b-48db-841c-68b60f037f4a', '2026-01-07 18:24:26.206622+00', 'assigned', NULL, NULL, '2026-01-07 18:24:26.206622+00'),
	('2a002d7f-b29b-4062-a9e1-ef3761e18660', 'e20c0e03-b4be-475b-9010-8708fb115390', 'fedecd44-aba5-4336-8e12-57eb0dc4b40f', '63db9f94-6c5b-48db-841c-68b60f037f4a', '2026-01-07 18:24:26.206622+00', 'assigned', NULL, NULL, '2026-01-07 18:24:26.206622+00'),
	('d8ee4799-a9f9-4638-8a9f-1597c08ff48d', 'e20c0e03-b4be-475b-9010-8708fb115390', 'c0dab19d-1f8b-4554-876d-fb8b5d8837ef', '63db9f94-6c5b-48db-841c-68b60f037f4a', '2026-01-07 18:24:26.206622+00', 'assigned', NULL, NULL, '2026-01-07 18:24:26.206622+00'),
	('613481ef-a541-4296-8c03-63a96f89b0ec', 'e20c0e03-b4be-475b-9010-8708fb115390', '7539f980-07b4-41fd-a24a-84784e714a13', '63db9f94-6c5b-48db-841c-68b60f037f4a', '2026-01-07 18:24:26.206622+00', 'assigned', NULL, NULL, '2026-01-07 18:24:26.206622+00'),
	('f6d79f14-72f3-4532-be5a-2f2fbe5c8f83', 'e20c0e03-b4be-475b-9010-8708fb115390', '441ad560-e9db-4f5f-97b2-1c32ee1c4e4d', '63db9f94-6c5b-48db-841c-68b60f037f4a', '2026-01-07 18:24:26.206622+00', 'assigned', NULL, NULL, '2026-01-07 18:24:26.206622+00'),
	('56e97630-461f-47c4-8d2e-ebb535681158', 'e20c0e03-b4be-475b-9010-8708fb115390', '287853ad-dd61-4a28-b8fe-69c8b9a400a9', '63db9f94-6c5b-48db-841c-68b60f037f4a', '2026-01-07 18:24:26.206622+00', 'assigned', NULL, NULL, '2026-01-07 18:24:26.206622+00'),
	('899f2946-8b6d-4cc7-be9b-a80fb7ef549d', 'e20c0e03-b4be-475b-9010-8708fb115390', '6fd095ca-826a-486b-897e-d51318a2e2e0', '63db9f94-6c5b-48db-841c-68b60f037f4a', '2026-01-07 18:24:26.206622+00', 'assigned', NULL, NULL, '2026-01-07 18:24:26.206622+00'),
	('a359f10f-a02c-4e70-a4cd-e81fbdc9c34f', '32ce7650-8a33-4a00-84fd-6ba6988f197a', 'c81efd02-27ed-48d7-9d8a-917bed2faf52', '63db9f94-6c5b-48db-841c-68b60f037f4a', '2026-01-07 18:27:45.411784+00', 'assigned', NULL, NULL, '2026-01-07 18:27:45.411784+00'),
	('cd91d7b7-ef0d-4320-8125-c6097d75b8a6', '32ce7650-8a33-4a00-84fd-6ba6988f197a', 'f21fa145-2d73-449a-8b1b-aeeeedc6ab54', '63db9f94-6c5b-48db-841c-68b60f037f4a', '2026-01-07 18:27:45.411784+00', 'assigned', NULL, NULL, '2026-01-07 18:27:45.411784+00'),
	('7092c390-6a6c-411e-a27c-978bf1fe954e', '32ce7650-8a33-4a00-84fd-6ba6988f197a', '61c67875-4251-439a-8aeb-71fa735ec96c', '63db9f94-6c5b-48db-841c-68b60f037f4a', '2026-01-07 18:27:45.411784+00', 'assigned', NULL, NULL, '2026-01-07 18:27:45.411784+00'),
	('8fb91127-11a5-4580-a052-827e54237d21', '32ce7650-8a33-4a00-84fd-6ba6988f197a', 'aaba5d50-142c-4439-aa6d-84dc6d59b81b', '63db9f94-6c5b-48db-841c-68b60f037f4a', '2026-01-07 18:27:45.411784+00', 'assigned', NULL, NULL, '2026-01-07 18:27:45.411784+00'),
	('8bd8e92e-a135-457c-8f83-a1bba6c37af6', '32ce7650-8a33-4a00-84fd-6ba6988f197a', 'fedecd44-aba5-4336-8e12-57eb0dc4b40f', '63db9f94-6c5b-48db-841c-68b60f037f4a', '2026-01-07 18:27:45.411784+00', 'assigned', NULL, NULL, '2026-01-07 18:27:45.411784+00'),
	('591d18d1-158f-4812-91bb-c5ded65ddd7a', '32ce7650-8a33-4a00-84fd-6ba6988f197a', 'c0dab19d-1f8b-4554-876d-fb8b5d8837ef', '63db9f94-6c5b-48db-841c-68b60f037f4a', '2026-01-07 18:27:45.411784+00', 'assigned', NULL, NULL, '2026-01-07 18:27:45.411784+00'),
	('ba287af0-9a85-4949-bdf7-f2233466cc20', '32ce7650-8a33-4a00-84fd-6ba6988f197a', '7539f980-07b4-41fd-a24a-84784e714a13', '63db9f94-6c5b-48db-841c-68b60f037f4a', '2026-01-07 18:27:45.411784+00', 'assigned', NULL, NULL, '2026-01-07 18:27:45.411784+00'),
	('27ca2984-cc01-4847-93f5-d49a586b5f8e', '32ce7650-8a33-4a00-84fd-6ba6988f197a', '441ad560-e9db-4f5f-97b2-1c32ee1c4e4d', '63db9f94-6c5b-48db-841c-68b60f037f4a', '2026-01-07 18:27:45.411784+00', 'assigned', NULL, NULL, '2026-01-07 18:27:45.411784+00'),
	('5d3f1a12-68d5-4f72-bf79-3f732f0cfc2c', '32ce7650-8a33-4a00-84fd-6ba6988f197a', '287853ad-dd61-4a28-b8fe-69c8b9a400a9', '63db9f94-6c5b-48db-841c-68b60f037f4a', '2026-01-07 18:27:45.411784+00', 'assigned', NULL, NULL, '2026-01-07 18:27:45.411784+00'),
	('18b59cbe-3e50-489c-9f84-c8333f8462a2', '32ce7650-8a33-4a00-84fd-6ba6988f197a', '6fd095ca-826a-486b-897e-d51318a2e2e0', '63db9f94-6c5b-48db-841c-68b60f037f4a', '2026-01-07 18:27:45.411784+00', 'assigned', NULL, NULL, '2026-01-07 18:27:45.411784+00'),
	('27e15709-749f-46d7-80cd-3a968288e543', '9af168fa-bd57-4baa-bb8c-658a0ec19155', 'c81efd02-27ed-48d7-9d8a-917bed2faf52', '63db9f94-6c5b-48db-841c-68b60f037f4a', '2026-01-07 18:28:51.074193+00', 'assigned', NULL, NULL, '2026-01-07 18:28:51.074193+00'),
	('f56d2f90-c53f-4fe9-b24c-5b838f3e40e9', '9af168fa-bd57-4baa-bb8c-658a0ec19155', 'f21fa145-2d73-449a-8b1b-aeeeedc6ab54', '63db9f94-6c5b-48db-841c-68b60f037f4a', '2026-01-07 18:28:51.074193+00', 'assigned', NULL, NULL, '2026-01-07 18:28:51.074193+00'),
	('5d8581ee-2b51-4bff-a649-81b2f8e8e50b', '9af168fa-bd57-4baa-bb8c-658a0ec19155', '61c67875-4251-439a-8aeb-71fa735ec96c', '63db9f94-6c5b-48db-841c-68b60f037f4a', '2026-01-07 18:28:51.074193+00', 'assigned', NULL, NULL, '2026-01-07 18:28:51.074193+00'),
	('39289c37-4117-4fdd-86c3-1895f0213c1e', '9af168fa-bd57-4baa-bb8c-658a0ec19155', 'aaba5d50-142c-4439-aa6d-84dc6d59b81b', '63db9f94-6c5b-48db-841c-68b60f037f4a', '2026-01-07 18:28:51.074193+00', 'assigned', NULL, NULL, '2026-01-07 18:28:51.074193+00'),
	('404677b8-e108-4985-ad1b-3cc94a2b5c59', '9af168fa-bd57-4baa-bb8c-658a0ec19155', 'fedecd44-aba5-4336-8e12-57eb0dc4b40f', '63db9f94-6c5b-48db-841c-68b60f037f4a', '2026-01-07 18:28:51.074193+00', 'assigned', NULL, NULL, '2026-01-07 18:28:51.074193+00'),
	('16a927ce-0d03-43c8-9447-316dc1ae2b37', '9af168fa-bd57-4baa-bb8c-658a0ec19155', 'c0dab19d-1f8b-4554-876d-fb8b5d8837ef', '63db9f94-6c5b-48db-841c-68b60f037f4a', '2026-01-07 18:28:51.074193+00', 'assigned', NULL, NULL, '2026-01-07 18:28:51.074193+00'),
	('ed452a34-5573-4ddd-a3dc-215f49e2e8f5', '9af168fa-bd57-4baa-bb8c-658a0ec19155', '7539f980-07b4-41fd-a24a-84784e714a13', '63db9f94-6c5b-48db-841c-68b60f037f4a', '2026-01-07 18:28:51.074193+00', 'assigned', NULL, NULL, '2026-01-07 18:28:51.074193+00'),
	('70e927d2-e45d-41e9-bc66-f0410d2e66bc', '9af168fa-bd57-4baa-bb8c-658a0ec19155', '441ad560-e9db-4f5f-97b2-1c32ee1c4e4d', '63db9f94-6c5b-48db-841c-68b60f037f4a', '2026-01-07 18:28:51.074193+00', 'assigned', NULL, NULL, '2026-01-07 18:28:51.074193+00'),
	('d6e59866-95da-4395-afd9-fc8230c9583d', '9af168fa-bd57-4baa-bb8c-658a0ec19155', '287853ad-dd61-4a28-b8fe-69c8b9a400a9', '63db9f94-6c5b-48db-841c-68b60f037f4a', '2026-01-07 18:28:51.074193+00', 'assigned', NULL, NULL, '2026-01-07 18:28:51.074193+00'),
	('a6bde2a9-be8c-4415-9a53-221c0e95ed4a', '9af168fa-bd57-4baa-bb8c-658a0ec19155', '6fd095ca-826a-486b-897e-d51318a2e2e0', '63db9f94-6c5b-48db-841c-68b60f037f4a', '2026-01-07 18:28:51.074193+00', 'assigned', NULL, NULL, '2026-01-07 18:28:51.074193+00'),
	('ecaf601c-20e6-4a52-8915-f5603675b48e', '0d1c3667-eb7c-4957-8a64-3ff08df4f5cd', 'c81efd02-27ed-48d7-9d8a-917bed2faf52', '63db9f94-6c5b-48db-841c-68b60f037f4a', '2026-01-07 18:29:17.417287+00', 'assigned', NULL, NULL, '2026-01-07 18:29:17.417287+00'),
	('cf13fce1-d56e-4153-ac1e-ac398fa79a8b', '0d1c3667-eb7c-4957-8a64-3ff08df4f5cd', 'f21fa145-2d73-449a-8b1b-aeeeedc6ab54', '63db9f94-6c5b-48db-841c-68b60f037f4a', '2026-01-07 18:29:17.417287+00', 'assigned', NULL, NULL, '2026-01-07 18:29:17.417287+00'),
	('8d95d309-0a76-41d3-a8ba-bbb0c5ff07a7', '0d1c3667-eb7c-4957-8a64-3ff08df4f5cd', '61c67875-4251-439a-8aeb-71fa735ec96c', '63db9f94-6c5b-48db-841c-68b60f037f4a', '2026-01-07 18:29:17.417287+00', 'assigned', NULL, NULL, '2026-01-07 18:29:17.417287+00'),
	('10366c4d-10f0-488c-b697-cfbc822e8c26', '0d1c3667-eb7c-4957-8a64-3ff08df4f5cd', 'aaba5d50-142c-4439-aa6d-84dc6d59b81b', '63db9f94-6c5b-48db-841c-68b60f037f4a', '2026-01-07 18:29:17.417287+00', 'assigned', NULL, NULL, '2026-01-07 18:29:17.417287+00'),
	('d9632d72-d40f-4421-a0b5-282f7b320f25', '0d1c3667-eb7c-4957-8a64-3ff08df4f5cd', 'fedecd44-aba5-4336-8e12-57eb0dc4b40f', '63db9f94-6c5b-48db-841c-68b60f037f4a', '2026-01-07 18:29:17.417287+00', 'assigned', NULL, NULL, '2026-01-07 18:29:17.417287+00'),
	('20836bab-2b83-4b48-b79f-6a4cad480e27', '0d1c3667-eb7c-4957-8a64-3ff08df4f5cd', 'c0dab19d-1f8b-4554-876d-fb8b5d8837ef', '63db9f94-6c5b-48db-841c-68b60f037f4a', '2026-01-07 18:29:17.417287+00', 'assigned', NULL, NULL, '2026-01-07 18:29:17.417287+00'),
	('8806d243-f180-4752-b4d6-3154fc4c6861', '0d1c3667-eb7c-4957-8a64-3ff08df4f5cd', '7539f980-07b4-41fd-a24a-84784e714a13', '63db9f94-6c5b-48db-841c-68b60f037f4a', '2026-01-07 18:29:17.417287+00', 'assigned', NULL, NULL, '2026-01-07 18:29:17.417287+00'),
	('26cbd9a1-723e-4642-9777-d0dc6e36a325', '0d1c3667-eb7c-4957-8a64-3ff08df4f5cd', '441ad560-e9db-4f5f-97b2-1c32ee1c4e4d', '63db9f94-6c5b-48db-841c-68b60f037f4a', '2026-01-07 18:29:17.417287+00', 'assigned', NULL, NULL, '2026-01-07 18:29:17.417287+00'),
	('9d39fb07-2ea2-4568-b994-845d958c3ef4', '0d1c3667-eb7c-4957-8a64-3ff08df4f5cd', '287853ad-dd61-4a28-b8fe-69c8b9a400a9', '63db9f94-6c5b-48db-841c-68b60f037f4a', '2026-01-07 18:29:17.417287+00', 'assigned', NULL, NULL, '2026-01-07 18:29:17.417287+00'),
	('50b7eed7-b296-44f4-9880-1032ac0ee372', '0d1c3667-eb7c-4957-8a64-3ff08df4f5cd', '6fd095ca-826a-486b-897e-d51318a2e2e0', '63db9f94-6c5b-48db-841c-68b60f037f4a', '2026-01-07 18:29:17.417287+00', 'assigned', NULL, NULL, '2026-01-07 18:29:17.417287+00'),
	('1c862412-c7d8-4f03-bce6-1f942a595707', '89b34e3e-1aa7-4df7-b6e3-442a86657df2', 'c81efd02-27ed-48d7-9d8a-917bed2faf52', '63db9f94-6c5b-48db-841c-68b60f037f4a', '2026-01-07 18:31:22.274505+00', 'assigned', NULL, NULL, '2026-01-07 18:31:22.274505+00'),
	('fb74f584-4763-4b33-8d9f-7382c7a142f4', '89b34e3e-1aa7-4df7-b6e3-442a86657df2', 'f21fa145-2d73-449a-8b1b-aeeeedc6ab54', '63db9f94-6c5b-48db-841c-68b60f037f4a', '2026-01-07 18:31:22.274505+00', 'assigned', NULL, NULL, '2026-01-07 18:31:22.274505+00'),
	('57682305-435e-43f5-9266-9dd88704a900', '89b34e3e-1aa7-4df7-b6e3-442a86657df2', '61c67875-4251-439a-8aeb-71fa735ec96c', '63db9f94-6c5b-48db-841c-68b60f037f4a', '2026-01-07 18:31:22.274505+00', 'assigned', NULL, NULL, '2026-01-07 18:31:22.274505+00'),
	('5cc27d7f-54af-414c-b024-97fe47a7be9a', '89b34e3e-1aa7-4df7-b6e3-442a86657df2', 'aaba5d50-142c-4439-aa6d-84dc6d59b81b', '63db9f94-6c5b-48db-841c-68b60f037f4a', '2026-01-07 18:31:22.274505+00', 'assigned', NULL, NULL, '2026-01-07 18:31:22.274505+00'),
	('3826f009-4b81-4fc4-836c-4431a1eb9bbe', '89b34e3e-1aa7-4df7-b6e3-442a86657df2', 'fedecd44-aba5-4336-8e12-57eb0dc4b40f', '63db9f94-6c5b-48db-841c-68b60f037f4a', '2026-01-07 18:31:22.274505+00', 'assigned', NULL, NULL, '2026-01-07 18:31:22.274505+00'),
	('62b68ff8-ab29-403c-ba4b-f9e09ce23351', '89b34e3e-1aa7-4df7-b6e3-442a86657df2', 'c0dab19d-1f8b-4554-876d-fb8b5d8837ef', '63db9f94-6c5b-48db-841c-68b60f037f4a', '2026-01-07 18:31:22.274505+00', 'assigned', NULL, NULL, '2026-01-07 18:31:22.274505+00'),
	('a8e580b7-d14f-4f80-9935-32d08394825c', '89b34e3e-1aa7-4df7-b6e3-442a86657df2', '7539f980-07b4-41fd-a24a-84784e714a13', '63db9f94-6c5b-48db-841c-68b60f037f4a', '2026-01-07 18:31:22.274505+00', 'assigned', NULL, NULL, '2026-01-07 18:31:22.274505+00'),
	('0e4696c8-ad30-4914-85e6-c93b116cd3f3', '89b34e3e-1aa7-4df7-b6e3-442a86657df2', '441ad560-e9db-4f5f-97b2-1c32ee1c4e4d', '63db9f94-6c5b-48db-841c-68b60f037f4a', '2026-01-07 18:31:22.274505+00', 'assigned', NULL, NULL, '2026-01-07 18:31:22.274505+00'),
	('9bf5618f-1a02-49af-ad31-d6469845c3d1', '89b34e3e-1aa7-4df7-b6e3-442a86657df2', '287853ad-dd61-4a28-b8fe-69c8b9a400a9', '63db9f94-6c5b-48db-841c-68b60f037f4a', '2026-01-07 18:31:22.274505+00', 'assigned', NULL, NULL, '2026-01-07 18:31:22.274505+00'),
	('f6f40ed8-d3ef-40c7-b40f-5aee7d535f63', '89b34e3e-1aa7-4df7-b6e3-442a86657df2', '6fd095ca-826a-486b-897e-d51318a2e2e0', '63db9f94-6c5b-48db-841c-68b60f037f4a', '2026-01-07 18:31:22.274505+00', 'assigned', NULL, NULL, '2026-01-07 18:31:22.274505+00'),
	('ae30e8b6-71f3-4fed-b2d8-68686126067e', 'a8d5dece-8deb-49e6-a89f-dc85db681e8b', 'c81efd02-27ed-48d7-9d8a-917bed2faf52', '63db9f94-6c5b-48db-841c-68b60f037f4a', '2026-01-07 18:44:13.100621+00', 'assigned', NULL, NULL, '2026-01-07 18:44:13.100621+00'),
	('b0172d59-b79f-4bca-a904-0bbcc79ca185', 'a8d5dece-8deb-49e6-a89f-dc85db681e8b', 'f21fa145-2d73-449a-8b1b-aeeeedc6ab54', '63db9f94-6c5b-48db-841c-68b60f037f4a', '2026-01-07 18:44:13.100621+00', 'assigned', NULL, NULL, '2026-01-07 18:44:13.100621+00'),
	('41df2b38-0d3c-4841-bb4a-06d1a9f1a84b', 'a8d5dece-8deb-49e6-a89f-dc85db681e8b', '61c67875-4251-439a-8aeb-71fa735ec96c', '63db9f94-6c5b-48db-841c-68b60f037f4a', '2026-01-07 18:44:13.100621+00', 'assigned', NULL, NULL, '2026-01-07 18:44:13.100621+00'),
	('505143a3-602e-4f57-b09e-05a97bca8ab9', 'a8d5dece-8deb-49e6-a89f-dc85db681e8b', 'aaba5d50-142c-4439-aa6d-84dc6d59b81b', '63db9f94-6c5b-48db-841c-68b60f037f4a', '2026-01-07 18:44:13.100621+00', 'assigned', NULL, NULL, '2026-01-07 18:44:13.100621+00'),
	('84f765d2-8e44-4b6c-9e4c-d899bb2a0f18', 'a8d5dece-8deb-49e6-a89f-dc85db681e8b', 'fedecd44-aba5-4336-8e12-57eb0dc4b40f', '63db9f94-6c5b-48db-841c-68b60f037f4a', '2026-01-07 18:44:13.100621+00', 'assigned', NULL, NULL, '2026-01-07 18:44:13.100621+00'),
	('1f22f5c8-b2ed-4257-a931-9dd5d681762b', 'a8d5dece-8deb-49e6-a89f-dc85db681e8b', 'c0dab19d-1f8b-4554-876d-fb8b5d8837ef', '63db9f94-6c5b-48db-841c-68b60f037f4a', '2026-01-07 18:44:13.100621+00', 'assigned', NULL, NULL, '2026-01-07 18:44:13.100621+00'),
	('f6961a5f-cf64-4904-8070-bd9fcccd765a', 'a8d5dece-8deb-49e6-a89f-dc85db681e8b', '7539f980-07b4-41fd-a24a-84784e714a13', '63db9f94-6c5b-48db-841c-68b60f037f4a', '2026-01-07 18:44:13.100621+00', 'assigned', NULL, NULL, '2026-01-07 18:44:13.100621+00'),
	('c329c616-c66a-4c31-b7ac-353f54ff9d81', 'a8d5dece-8deb-49e6-a89f-dc85db681e8b', '441ad560-e9db-4f5f-97b2-1c32ee1c4e4d', '63db9f94-6c5b-48db-841c-68b60f037f4a', '2026-01-07 18:44:13.100621+00', 'assigned', NULL, NULL, '2026-01-07 18:44:13.100621+00'),
	('5b1e34ca-28bb-41f0-994e-1e4a2fc3a08e', 'a8d5dece-8deb-49e6-a89f-dc85db681e8b', '287853ad-dd61-4a28-b8fe-69c8b9a400a9', '63db9f94-6c5b-48db-841c-68b60f037f4a', '2026-01-07 18:44:13.100621+00', 'assigned', NULL, NULL, '2026-01-07 18:44:13.100621+00'),
	('d6ced9bd-3ca9-4d2a-bde9-c862cc88da32', 'a8d5dece-8deb-49e6-a89f-dc85db681e8b', '6fd095ca-826a-486b-897e-d51318a2e2e0', '63db9f94-6c5b-48db-841c-68b60f037f4a', '2026-01-07 18:44:13.100621+00', 'assigned', NULL, NULL, '2026-01-07 18:44:13.100621+00'),
	('fb7264e3-a34d-4be7-b557-e560ddc88364', '2fc269ba-73a2-4c4d-892e-6798bfaeb8e3', 'c81efd02-27ed-48d7-9d8a-917bed2faf52', '63db9f94-6c5b-48db-841c-68b60f037f4a', '2026-01-07 18:44:30.685028+00', 'assigned', NULL, NULL, '2026-01-07 18:44:30.685028+00'),
	('6dcd5c2a-924c-45ad-92c2-14fcb8901386', '2fc269ba-73a2-4c4d-892e-6798bfaeb8e3', 'f21fa145-2d73-449a-8b1b-aeeeedc6ab54', '63db9f94-6c5b-48db-841c-68b60f037f4a', '2026-01-07 18:44:30.685028+00', 'assigned', NULL, NULL, '2026-01-07 18:44:30.685028+00'),
	('04c33be6-ea10-4ebb-b389-cecdb16c5932', '2fc269ba-73a2-4c4d-892e-6798bfaeb8e3', '61c67875-4251-439a-8aeb-71fa735ec96c', '63db9f94-6c5b-48db-841c-68b60f037f4a', '2026-01-07 18:44:30.685028+00', 'assigned', NULL, NULL, '2026-01-07 18:44:30.685028+00'),
	('5853727a-1dfb-4aed-8582-6e4fb780f6c0', '2fc269ba-73a2-4c4d-892e-6798bfaeb8e3', 'aaba5d50-142c-4439-aa6d-84dc6d59b81b', '63db9f94-6c5b-48db-841c-68b60f037f4a', '2026-01-07 18:44:30.685028+00', 'assigned', NULL, NULL, '2026-01-07 18:44:30.685028+00'),
	('088bae0a-6df2-4563-8854-65c52b27f04c', '2fc269ba-73a2-4c4d-892e-6798bfaeb8e3', 'fedecd44-aba5-4336-8e12-57eb0dc4b40f', '63db9f94-6c5b-48db-841c-68b60f037f4a', '2026-01-07 18:44:30.685028+00', 'assigned', NULL, NULL, '2026-01-07 18:44:30.685028+00'),
	('eb2e9d9e-cc94-4411-a3c8-0f91fe6fb7bd', '2fc269ba-73a2-4c4d-892e-6798bfaeb8e3', 'c0dab19d-1f8b-4554-876d-fb8b5d8837ef', '63db9f94-6c5b-48db-841c-68b60f037f4a', '2026-01-07 18:44:30.685028+00', 'assigned', NULL, NULL, '2026-01-07 18:44:30.685028+00'),
	('c1866538-9dd7-4421-82de-6e4d46df9102', '2fc269ba-73a2-4c4d-892e-6798bfaeb8e3', '7539f980-07b4-41fd-a24a-84784e714a13', '63db9f94-6c5b-48db-841c-68b60f037f4a', '2026-01-07 18:44:30.685028+00', 'assigned', NULL, NULL, '2026-01-07 18:44:30.685028+00'),
	('f9ab5542-ba06-43ae-9ac1-58709914cc30', '2fc269ba-73a2-4c4d-892e-6798bfaeb8e3', '441ad560-e9db-4f5f-97b2-1c32ee1c4e4d', '63db9f94-6c5b-48db-841c-68b60f037f4a', '2026-01-07 18:44:30.685028+00', 'assigned', NULL, NULL, '2026-01-07 18:44:30.685028+00'),
	('b82fe464-9662-4ada-a134-e532023f4b68', '2fc269ba-73a2-4c4d-892e-6798bfaeb8e3', '287853ad-dd61-4a28-b8fe-69c8b9a400a9', '63db9f94-6c5b-48db-841c-68b60f037f4a', '2026-01-07 18:44:30.685028+00', 'assigned', NULL, NULL, '2026-01-07 18:44:30.685028+00'),
	('2222a589-069b-46a2-98fa-a4c764604da0', '2fc269ba-73a2-4c4d-892e-6798bfaeb8e3', '6fd095ca-826a-486b-897e-d51318a2e2e0', '63db9f94-6c5b-48db-841c-68b60f037f4a', '2026-01-07 18:44:30.685028+00', 'assigned', NULL, NULL, '2026-01-07 18:44:30.685028+00'),
	('8a98d76d-f3f1-41ba-a760-96edd8a29369', 'dc0327ed-81c2-4bfe-90ff-cfd770d7a658', 'c81efd02-27ed-48d7-9d8a-917bed2faf52', '63db9f94-6c5b-48db-841c-68b60f037f4a', '2026-01-07 18:46:16.14395+00', 'assigned', NULL, NULL, '2026-01-07 18:46:16.14395+00'),
	('5bafe3c1-544f-492c-ad5a-0d139f0bb96c', 'dc0327ed-81c2-4bfe-90ff-cfd770d7a658', 'f21fa145-2d73-449a-8b1b-aeeeedc6ab54', '63db9f94-6c5b-48db-841c-68b60f037f4a', '2026-01-07 18:46:16.14395+00', 'assigned', NULL, NULL, '2026-01-07 18:46:16.14395+00'),
	('6138ce6e-9040-44d7-be72-e7c063925ad2', 'dc0327ed-81c2-4bfe-90ff-cfd770d7a658', '61c67875-4251-439a-8aeb-71fa735ec96c', '63db9f94-6c5b-48db-841c-68b60f037f4a', '2026-01-07 18:46:16.14395+00', 'assigned', NULL, NULL, '2026-01-07 18:46:16.14395+00'),
	('3f53e9a4-02b5-47a6-9aab-bb72e28b82e2', 'dc0327ed-81c2-4bfe-90ff-cfd770d7a658', 'aaba5d50-142c-4439-aa6d-84dc6d59b81b', '63db9f94-6c5b-48db-841c-68b60f037f4a', '2026-01-07 18:46:16.14395+00', 'assigned', NULL, NULL, '2026-01-07 18:46:16.14395+00'),
	('a9cdddf0-0bfd-4e0b-afa0-e768f7542b6b', 'dc0327ed-81c2-4bfe-90ff-cfd770d7a658', 'fedecd44-aba5-4336-8e12-57eb0dc4b40f', '63db9f94-6c5b-48db-841c-68b60f037f4a', '2026-01-07 18:46:16.14395+00', 'assigned', NULL, NULL, '2026-01-07 18:46:16.14395+00'),
	('2afcd2bc-771b-430b-89be-14f81ea4e2ff', 'dc0327ed-81c2-4bfe-90ff-cfd770d7a658', 'c0dab19d-1f8b-4554-876d-fb8b5d8837ef', '63db9f94-6c5b-48db-841c-68b60f037f4a', '2026-01-07 18:46:16.14395+00', 'assigned', NULL, NULL, '2026-01-07 18:46:16.14395+00'),
	('3b80b6d6-d36c-448f-8f5e-6ea733cc842f', 'dc0327ed-81c2-4bfe-90ff-cfd770d7a658', '7539f980-07b4-41fd-a24a-84784e714a13', '63db9f94-6c5b-48db-841c-68b60f037f4a', '2026-01-07 18:46:16.14395+00', 'assigned', NULL, NULL, '2026-01-07 18:46:16.14395+00'),
	('a17d6b9d-83a1-4d29-801b-0c4db28bc68a', 'dc0327ed-81c2-4bfe-90ff-cfd770d7a658', '441ad560-e9db-4f5f-97b2-1c32ee1c4e4d', '63db9f94-6c5b-48db-841c-68b60f037f4a', '2026-01-07 18:46:16.14395+00', 'assigned', NULL, NULL, '2026-01-07 18:46:16.14395+00'),
	('3416fe8e-7a08-4bad-9315-af4721a163df', 'dc0327ed-81c2-4bfe-90ff-cfd770d7a658', '287853ad-dd61-4a28-b8fe-69c8b9a400a9', '63db9f94-6c5b-48db-841c-68b60f037f4a', '2026-01-07 18:46:16.14395+00', 'assigned', NULL, NULL, '2026-01-07 18:46:16.14395+00'),
	('5368d352-6f89-405a-aecd-6f382a70dab0', 'dc0327ed-81c2-4bfe-90ff-cfd770d7a658', '6fd095ca-826a-486b-897e-d51318a2e2e0', '63db9f94-6c5b-48db-841c-68b60f037f4a', '2026-01-07 18:46:16.14395+00', 'assigned', NULL, NULL, '2026-01-07 18:46:16.14395+00'),
	('100236a2-fb15-4c2f-a4f3-4fe0212a5432', '8a3e60af-f409-409a-a581-6504e3f13347', 'c81efd02-27ed-48d7-9d8a-917bed2faf52', '63db9f94-6c5b-48db-841c-68b60f037f4a', '2026-01-07 18:56:25.626699+00', 'assigned', NULL, NULL, '2026-01-07 18:56:25.626699+00'),
	('995955b6-87fe-4794-940d-92a8982f9c33', '8a3e60af-f409-409a-a581-6504e3f13347', 'f21fa145-2d73-449a-8b1b-aeeeedc6ab54', '63db9f94-6c5b-48db-841c-68b60f037f4a', '2026-01-07 18:56:25.626699+00', 'assigned', NULL, NULL, '2026-01-07 18:56:25.626699+00'),
	('1d177e4c-87b7-49e4-b418-b49dff246307', '8a3e60af-f409-409a-a581-6504e3f13347', '61c67875-4251-439a-8aeb-71fa735ec96c', '63db9f94-6c5b-48db-841c-68b60f037f4a', '2026-01-07 18:56:25.626699+00', 'assigned', NULL, NULL, '2026-01-07 18:56:25.626699+00'),
	('09ad029c-f818-4f06-8e9d-701f2e68c83f', '8a3e60af-f409-409a-a581-6504e3f13347', 'aaba5d50-142c-4439-aa6d-84dc6d59b81b', '63db9f94-6c5b-48db-841c-68b60f037f4a', '2026-01-07 18:56:25.626699+00', 'assigned', NULL, NULL, '2026-01-07 18:56:25.626699+00'),
	('8a423f4f-8386-484d-b354-489e7b71fa05', '8a3e60af-f409-409a-a581-6504e3f13347', 'fedecd44-aba5-4336-8e12-57eb0dc4b40f', '63db9f94-6c5b-48db-841c-68b60f037f4a', '2026-01-07 18:56:25.626699+00', 'assigned', NULL, NULL, '2026-01-07 18:56:25.626699+00'),
	('3301b93c-17d0-4899-81cb-9a2ac1179ed9', '8a3e60af-f409-409a-a581-6504e3f13347', 'c0dab19d-1f8b-4554-876d-fb8b5d8837ef', '63db9f94-6c5b-48db-841c-68b60f037f4a', '2026-01-07 18:56:25.626699+00', 'assigned', NULL, NULL, '2026-01-07 18:56:25.626699+00'),
	('36811198-96fd-4d18-b527-5d9b89e4711c', '8a3e60af-f409-409a-a581-6504e3f13347', '7539f980-07b4-41fd-a24a-84784e714a13', '63db9f94-6c5b-48db-841c-68b60f037f4a', '2026-01-07 18:56:25.626699+00', 'assigned', NULL, NULL, '2026-01-07 18:56:25.626699+00'),
	('099a847f-d17c-41e1-b3f6-47148eb6ea2b', '8a3e60af-f409-409a-a581-6504e3f13347', '441ad560-e9db-4f5f-97b2-1c32ee1c4e4d', '63db9f94-6c5b-48db-841c-68b60f037f4a', '2026-01-07 18:56:25.626699+00', 'assigned', NULL, NULL, '2026-01-07 18:56:25.626699+00'),
	('fe7dbf66-d50e-46bf-ad48-900b2144465d', '8a3e60af-f409-409a-a581-6504e3f13347', '287853ad-dd61-4a28-b8fe-69c8b9a400a9', '63db9f94-6c5b-48db-841c-68b60f037f4a', '2026-01-07 18:56:25.626699+00', 'assigned', NULL, NULL, '2026-01-07 18:56:25.626699+00'),
	('39885374-2cfd-4bc2-bbbf-364294766232', '8a3e60af-f409-409a-a581-6504e3f13347', '6fd095ca-826a-486b-897e-d51318a2e2e0', '63db9f94-6c5b-48db-841c-68b60f037f4a', '2026-01-07 18:56:25.626699+00', 'assigned', NULL, NULL, '2026-01-07 18:56:25.626699+00'),
	('c1385779-49f6-42e4-b2f9-93e49d2c4da4', '4df36ff2-2cc0-457a-874b-2e02c28a8cb5', 'c81efd02-27ed-48d7-9d8a-917bed2faf52', '63db9f94-6c5b-48db-841c-68b60f037f4a', '2026-01-08 08:46:05.599383+00', 'assigned', NULL, NULL, '2026-01-08 08:46:05.599383+00'),
	('affa6048-35f4-4d5e-a98d-42327960d01b', '4df36ff2-2cc0-457a-874b-2e02c28a8cb5', 'f21fa145-2d73-449a-8b1b-aeeeedc6ab54', '63db9f94-6c5b-48db-841c-68b60f037f4a', '2026-01-08 08:46:05.599383+00', 'assigned', NULL, NULL, '2026-01-08 08:46:05.599383+00'),
	('cb0d5a48-4226-4b14-9c65-8bd4b4cb8d77', '4df36ff2-2cc0-457a-874b-2e02c28a8cb5', '61c67875-4251-439a-8aeb-71fa735ec96c', '63db9f94-6c5b-48db-841c-68b60f037f4a', '2026-01-08 08:46:05.599383+00', 'assigned', NULL, NULL, '2026-01-08 08:46:05.599383+00'),
	('192f3372-20f7-42b6-b8fe-f8fb70a1b386', '4df36ff2-2cc0-457a-874b-2e02c28a8cb5', 'aaba5d50-142c-4439-aa6d-84dc6d59b81b', '63db9f94-6c5b-48db-841c-68b60f037f4a', '2026-01-08 08:46:05.599383+00', 'assigned', NULL, NULL, '2026-01-08 08:46:05.599383+00'),
	('4b8daef4-c059-4fc0-8104-3ba9f48b2837', '4df36ff2-2cc0-457a-874b-2e02c28a8cb5', 'fedecd44-aba5-4336-8e12-57eb0dc4b40f', '63db9f94-6c5b-48db-841c-68b60f037f4a', '2026-01-08 08:46:05.599383+00', 'assigned', NULL, NULL, '2026-01-08 08:46:05.599383+00'),
	('32a27ca8-c39c-4fb2-abce-b89249e7ad0b', '4df36ff2-2cc0-457a-874b-2e02c28a8cb5', 'c0dab19d-1f8b-4554-876d-fb8b5d8837ef', '63db9f94-6c5b-48db-841c-68b60f037f4a', '2026-01-08 08:46:05.599383+00', 'assigned', NULL, NULL, '2026-01-08 08:46:05.599383+00'),
	('56bc10f0-4e5c-46b6-bf7c-ad76d6c07de1', '4df36ff2-2cc0-457a-874b-2e02c28a8cb5', '7539f980-07b4-41fd-a24a-84784e714a13', '63db9f94-6c5b-48db-841c-68b60f037f4a', '2026-01-08 08:46:05.599383+00', 'assigned', NULL, NULL, '2026-01-08 08:46:05.599383+00'),
	('c84c67f8-9d36-4f3d-9de5-1cc26d3bb540', '4df36ff2-2cc0-457a-874b-2e02c28a8cb5', '441ad560-e9db-4f5f-97b2-1c32ee1c4e4d', '63db9f94-6c5b-48db-841c-68b60f037f4a', '2026-01-08 08:46:05.599383+00', 'assigned', NULL, NULL, '2026-01-08 08:46:05.599383+00'),
	('1f98897c-cd7c-4caa-9c96-d7c1bdf6d78c', '4df36ff2-2cc0-457a-874b-2e02c28a8cb5', '287853ad-dd61-4a28-b8fe-69c8b9a400a9', '63db9f94-6c5b-48db-841c-68b60f037f4a', '2026-01-08 08:46:05.599383+00', 'assigned', NULL, NULL, '2026-01-08 08:46:05.599383+00'),
	('d0fc11e8-1013-477f-9531-b6212bc8b41d', '4df36ff2-2cc0-457a-874b-2e02c28a8cb5', '6fd095ca-826a-486b-897e-d51318a2e2e0', '63db9f94-6c5b-48db-841c-68b60f037f4a', '2026-01-08 08:46:05.599383+00', 'assigned', NULL, NULL, '2026-01-08 08:46:05.599383+00'),
	('b2791856-b968-4644-914e-af1036287223', '4df36ff2-2cc0-457a-874b-2e02c28a8cb5', 'f77c3d81-dba0-495f-b0fa-a76de051d52c', '63db9f94-6c5b-48db-841c-68b60f037f4a', '2026-01-08 08:46:05.599383+00', 'assigned', NULL, NULL, '2026-01-08 08:46:05.599383+00'),
	('7b2a10a9-f1cb-4a2c-8c9c-5e3ded9b429f', '4df36ff2-2cc0-457a-874b-2e02c28a8cb5', '537008dd-12a4-485b-b3d2-3feff5936d7e', '63db9f94-6c5b-48db-841c-68b60f037f4a', '2026-01-08 08:46:05.599383+00', 'assigned', NULL, NULL, '2026-01-08 08:46:05.599383+00'),
	('9f6c08ad-f6d3-40b5-88ea-190d239de3c3', '4df36ff2-2cc0-457a-874b-2e02c28a8cb5', '56d4f21b-a615-4227-aaf5-c15f608fe104', '63db9f94-6c5b-48db-841c-68b60f037f4a', '2026-01-08 08:46:05.599383+00', 'assigned', NULL, NULL, '2026-01-08 08:46:05.599383+00'),
	('178baecd-a7dd-479d-9b6a-82d1f6bc3b0f', '5d9856df-de0a-437a-aef9-8a61dc2e9252', '7b0f0233-2f6c-446d-b40b-d489903090e5', 'c3ffc27b-0a8a-47da-9ef9-38ad2aecb034', '2026-01-08 14:48:14.400369+00', 'assigned', NULL, NULL, '2026-01-08 14:48:14.400369+00'),
	('94b04b7a-fd54-47fe-8e1f-7f71a3a929b3', '5d9856df-de0a-437a-aef9-8a61dc2e9252', '8cb2798e-f2ca-4729-9764-c5e2ee38f0d2', 'c3ffc27b-0a8a-47da-9ef9-38ad2aecb034', '2026-01-08 14:48:14.400369+00', 'assigned', NULL, NULL, '2026-01-08 14:48:14.400369+00'),
	('4f714352-98b6-470f-8122-950d847dc63d', '5d9856df-de0a-437a-aef9-8a61dc2e9252', '08243edc-7b1c-4730-b271-e94a388d2396', 'c3ffc27b-0a8a-47da-9ef9-38ad2aecb034', '2026-01-08 14:48:14.400369+00', 'assigned', NULL, NULL, '2026-01-08 14:48:14.400369+00'),
	('da8f7f33-077c-4738-b3f6-4f84789af1f9', '56337d6c-2c9f-4af9-ba65-948b518205c4', 'c81efd02-27ed-48d7-9d8a-917bed2faf52', '63db9f94-6c5b-48db-841c-68b60f037f4a', '2026-01-09 12:49:34.961104+00', 'assigned', NULL, NULL, '2026-01-09 12:49:34.961104+00'),
	('3d77b3cc-72d5-4e44-9a04-e3213e11b8dc', '56337d6c-2c9f-4af9-ba65-948b518205c4', 'f21fa145-2d73-449a-8b1b-aeeeedc6ab54', '63db9f94-6c5b-48db-841c-68b60f037f4a', '2026-01-09 12:49:34.961104+00', 'assigned', NULL, NULL, '2026-01-09 12:49:34.961104+00'),
	('d4c5c033-e95c-4578-90ce-507da24fd489', '56337d6c-2c9f-4af9-ba65-948b518205c4', '61c67875-4251-439a-8aeb-71fa735ec96c', '63db9f94-6c5b-48db-841c-68b60f037f4a', '2026-01-09 12:49:34.961104+00', 'assigned', NULL, NULL, '2026-01-09 12:49:34.961104+00'),
	('236743fa-57f0-4ff8-8abc-18a21edaaedb', '56337d6c-2c9f-4af9-ba65-948b518205c4', 'aaba5d50-142c-4439-aa6d-84dc6d59b81b', '63db9f94-6c5b-48db-841c-68b60f037f4a', '2026-01-09 12:49:34.961104+00', 'assigned', NULL, NULL, '2026-01-09 12:49:34.961104+00'),
	('7bcd816a-1eae-40ac-8b66-37187406c3fa', '56337d6c-2c9f-4af9-ba65-948b518205c4', 'fedecd44-aba5-4336-8e12-57eb0dc4b40f', '63db9f94-6c5b-48db-841c-68b60f037f4a', '2026-01-09 12:49:34.961104+00', 'assigned', NULL, NULL, '2026-01-09 12:49:34.961104+00'),
	('9fcff68d-86d7-4902-abcb-99572d4b7b73', '56337d6c-2c9f-4af9-ba65-948b518205c4', 'c0dab19d-1f8b-4554-876d-fb8b5d8837ef', '63db9f94-6c5b-48db-841c-68b60f037f4a', '2026-01-09 12:49:34.961104+00', 'assigned', NULL, NULL, '2026-01-09 12:49:34.961104+00'),
	('d047bc30-15b3-4190-851e-592ed6e69321', '56337d6c-2c9f-4af9-ba65-948b518205c4', '7539f980-07b4-41fd-a24a-84784e714a13', '63db9f94-6c5b-48db-841c-68b60f037f4a', '2026-01-09 12:49:34.961104+00', 'assigned', NULL, NULL, '2026-01-09 12:49:34.961104+00'),
	('5190f1f9-d2bf-4aa7-aae1-af22a321cc37', '56337d6c-2c9f-4af9-ba65-948b518205c4', '441ad560-e9db-4f5f-97b2-1c32ee1c4e4d', '63db9f94-6c5b-48db-841c-68b60f037f4a', '2026-01-09 12:49:34.961104+00', 'assigned', NULL, NULL, '2026-01-09 12:49:34.961104+00'),
	('adb77b26-e5f1-441b-8bc0-2037baf4db21', '56337d6c-2c9f-4af9-ba65-948b518205c4', '287853ad-dd61-4a28-b8fe-69c8b9a400a9', '63db9f94-6c5b-48db-841c-68b60f037f4a', '2026-01-09 12:49:34.961104+00', 'assigned', NULL, NULL, '2026-01-09 12:49:34.961104+00'),
	('fa4db7c4-ce5b-4491-b7bd-8959832c85bb', '56337d6c-2c9f-4af9-ba65-948b518205c4', '503b37c3-a602-4bfa-b4df-139ddd16885a', '63db9f94-6c5b-48db-841c-68b60f037f4a', '2026-01-09 12:49:34.961104+00', 'assigned', NULL, NULL, '2026-01-09 12:49:34.961104+00'),
	('faa3f3c0-b586-49af-b6ce-5013d7c074e6', '56337d6c-2c9f-4af9-ba65-948b518205c4', '6fd095ca-826a-486b-897e-d51318a2e2e0', '63db9f94-6c5b-48db-841c-68b60f037f4a', '2026-01-09 12:49:34.961104+00', 'assigned', NULL, NULL, '2026-01-09 12:49:34.961104+00'),
	('c82c6c6b-85ad-4bf5-89c3-63a3f4014d32', '56337d6c-2c9f-4af9-ba65-948b518205c4', 'f77c3d81-dba0-495f-b0fa-a76de051d52c', '63db9f94-6c5b-48db-841c-68b60f037f4a', '2026-01-09 12:49:34.961104+00', 'assigned', NULL, NULL, '2026-01-09 12:49:34.961104+00'),
	('b25b5d1b-eacb-4bf2-b9d4-6f4b5dec7208', '56337d6c-2c9f-4af9-ba65-948b518205c4', '537008dd-12a4-485b-b3d2-3feff5936d7e', '63db9f94-6c5b-48db-841c-68b60f037f4a', '2026-01-09 12:49:34.961104+00', 'assigned', NULL, NULL, '2026-01-09 12:49:34.961104+00'),
	('0b95a380-84bb-4061-8be6-8e32661e3add', '56337d6c-2c9f-4af9-ba65-948b518205c4', '56d4f21b-a615-4227-aaf5-c15f608fe104', '63db9f94-6c5b-48db-841c-68b60f037f4a', '2026-01-09 12:49:34.961104+00', 'assigned', NULL, NULL, '2026-01-09 12:49:34.961104+00'),
	('fe8a1c2b-5fe6-4930-bce4-59bc666eb161', '56337d6c-2c9f-4af9-ba65-948b518205c4', '235aea81-4205-48d0-acc8-97c2647eca39', '63db9f94-6c5b-48db-841c-68b60f037f4a', '2026-01-09 12:49:34.961104+00', 'assigned', NULL, NULL, '2026-01-09 12:49:34.961104+00'),
	('9f3ed05c-2bdb-468a-af77-6bbdf1601824', 'e2310b86-7bf7-4054-9c60-a94e0aa2b345', 'c81efd02-27ed-48d7-9d8a-917bed2faf52', '63db9f94-6c5b-48db-841c-68b60f037f4a', '2026-01-09 13:37:01.813584+00', 'assigned', NULL, NULL, '2026-01-09 13:37:01.813584+00'),
	('6f7c3cbd-f87c-4ec5-ba5d-430a81218bb9', 'e2310b86-7bf7-4054-9c60-a94e0aa2b345', 'f21fa145-2d73-449a-8b1b-aeeeedc6ab54', '63db9f94-6c5b-48db-841c-68b60f037f4a', '2026-01-09 13:37:01.813584+00', 'assigned', NULL, NULL, '2026-01-09 13:37:01.813584+00'),
	('00c24214-dec0-4460-bc89-ec5fe7e026a9', 'e2310b86-7bf7-4054-9c60-a94e0aa2b345', '61c67875-4251-439a-8aeb-71fa735ec96c', '63db9f94-6c5b-48db-841c-68b60f037f4a', '2026-01-09 13:37:01.813584+00', 'assigned', NULL, NULL, '2026-01-09 13:37:01.813584+00'),
	('8af83e17-9a1c-4836-8fd9-4a5276096245', 'e2310b86-7bf7-4054-9c60-a94e0aa2b345', 'aaba5d50-142c-4439-aa6d-84dc6d59b81b', '63db9f94-6c5b-48db-841c-68b60f037f4a', '2026-01-09 13:37:01.813584+00', 'assigned', NULL, NULL, '2026-01-09 13:37:01.813584+00'),
	('afd266aa-4c45-4827-ac1f-64006ae40bbf', 'e2310b86-7bf7-4054-9c60-a94e0aa2b345', 'fedecd44-aba5-4336-8e12-57eb0dc4b40f', '63db9f94-6c5b-48db-841c-68b60f037f4a', '2026-01-09 13:37:01.813584+00', 'assigned', NULL, NULL, '2026-01-09 13:37:01.813584+00'),
	('68ff9c4c-6f44-4666-a449-87207c024cbf', 'e2310b86-7bf7-4054-9c60-a94e0aa2b345', 'c0dab19d-1f8b-4554-876d-fb8b5d8837ef', '63db9f94-6c5b-48db-841c-68b60f037f4a', '2026-01-09 13:37:01.813584+00', 'assigned', NULL, NULL, '2026-01-09 13:37:01.813584+00'),
	('72c81ae4-d157-48c9-9a27-aaa1f1a39c61', 'e2310b86-7bf7-4054-9c60-a94e0aa2b345', '7539f980-07b4-41fd-a24a-84784e714a13', '63db9f94-6c5b-48db-841c-68b60f037f4a', '2026-01-09 13:37:01.813584+00', 'assigned', NULL, NULL, '2026-01-09 13:37:01.813584+00'),
	('02888555-3ecd-4752-b9df-7075bd22fa54', 'e2310b86-7bf7-4054-9c60-a94e0aa2b345', '441ad560-e9db-4f5f-97b2-1c32ee1c4e4d', '63db9f94-6c5b-48db-841c-68b60f037f4a', '2026-01-09 13:37:01.813584+00', 'assigned', NULL, NULL, '2026-01-09 13:37:01.813584+00'),
	('96f582b2-bd1b-4dc7-ad33-2b49c8e11f82', 'e2310b86-7bf7-4054-9c60-a94e0aa2b345', '287853ad-dd61-4a28-b8fe-69c8b9a400a9', '63db9f94-6c5b-48db-841c-68b60f037f4a', '2026-01-09 13:37:01.813584+00', 'assigned', NULL, NULL, '2026-01-09 13:37:01.813584+00'),
	('6f9c2b90-6a4c-407b-8bdf-2624545b698d', 'e2310b86-7bf7-4054-9c60-a94e0aa2b345', '503b37c3-a602-4bfa-b4df-139ddd16885a', '63db9f94-6c5b-48db-841c-68b60f037f4a', '2026-01-09 13:37:01.813584+00', 'assigned', NULL, NULL, '2026-01-09 13:37:01.813584+00'),
	('4de6b574-dfa6-42ae-ab07-81e0d5c06f87', 'e2310b86-7bf7-4054-9c60-a94e0aa2b345', '6fd095ca-826a-486b-897e-d51318a2e2e0', '63db9f94-6c5b-48db-841c-68b60f037f4a', '2026-01-09 13:37:01.813584+00', 'assigned', NULL, NULL, '2026-01-09 13:37:01.813584+00'),
	('3b15370d-2fa9-4f00-b7c1-b44093f12cb6', 'e2310b86-7bf7-4054-9c60-a94e0aa2b345', 'f77c3d81-dba0-495f-b0fa-a76de051d52c', '63db9f94-6c5b-48db-841c-68b60f037f4a', '2026-01-09 13:37:01.813584+00', 'assigned', NULL, NULL, '2026-01-09 13:37:01.813584+00'),
	('ca5d6747-450c-42cf-87b6-dcc6e5cd6278', 'e2310b86-7bf7-4054-9c60-a94e0aa2b345', '537008dd-12a4-485b-b3d2-3feff5936d7e', '63db9f94-6c5b-48db-841c-68b60f037f4a', '2026-01-09 13:37:01.813584+00', 'assigned', NULL, NULL, '2026-01-09 13:37:01.813584+00'),
	('3b649ed2-9086-422d-a168-18fe4e40e0a5', 'e2310b86-7bf7-4054-9c60-a94e0aa2b345', '56d4f21b-a615-4227-aaf5-c15f608fe104', '63db9f94-6c5b-48db-841c-68b60f037f4a', '2026-01-09 13:37:01.813584+00', 'assigned', NULL, NULL, '2026-01-09 13:37:01.813584+00'),
	('a9c0fb99-2512-49db-b403-05d5984ccb42', 'e2310b86-7bf7-4054-9c60-a94e0aa2b345', '235aea81-4205-48d0-acc8-97c2647eca39', '63db9f94-6c5b-48db-841c-68b60f037f4a', '2026-01-09 13:37:01.813584+00', 'assigned', NULL, NULL, '2026-01-09 13:37:01.813584+00'),
	('b26cccb6-2933-4670-9067-687ba1735256', '31fd67a3-1aa9-4db6-96dd-7f8e27e22b7a', 'c81efd02-27ed-48d7-9d8a-917bed2faf52', '63db9f94-6c5b-48db-841c-68b60f037f4a', '2026-01-09 13:37:35.921272+00', 'assigned', NULL, NULL, '2026-01-09 13:37:35.921272+00'),
	('d576817f-8d13-411d-bcf6-0b40e538c386', '31fd67a3-1aa9-4db6-96dd-7f8e27e22b7a', 'f21fa145-2d73-449a-8b1b-aeeeedc6ab54', '63db9f94-6c5b-48db-841c-68b60f037f4a', '2026-01-09 13:37:35.921272+00', 'assigned', NULL, NULL, '2026-01-09 13:37:35.921272+00'),
	('92823178-60d4-4d81-bcf7-d2275e004ea9', '31fd67a3-1aa9-4db6-96dd-7f8e27e22b7a', '61c67875-4251-439a-8aeb-71fa735ec96c', '63db9f94-6c5b-48db-841c-68b60f037f4a', '2026-01-09 13:37:35.921272+00', 'assigned', NULL, NULL, '2026-01-09 13:37:35.921272+00'),
	('a9f6e42c-594e-42d2-ab6b-c4bb4a1f4684', '31fd67a3-1aa9-4db6-96dd-7f8e27e22b7a', 'aaba5d50-142c-4439-aa6d-84dc6d59b81b', '63db9f94-6c5b-48db-841c-68b60f037f4a', '2026-01-09 13:37:35.921272+00', 'assigned', NULL, NULL, '2026-01-09 13:37:35.921272+00'),
	('f1c29567-b963-404c-bbdf-c082359423b2', '31fd67a3-1aa9-4db6-96dd-7f8e27e22b7a', 'fedecd44-aba5-4336-8e12-57eb0dc4b40f', '63db9f94-6c5b-48db-841c-68b60f037f4a', '2026-01-09 13:37:35.921272+00', 'assigned', NULL, NULL, '2026-01-09 13:37:35.921272+00'),
	('bb81dcae-0987-4078-b5bd-eb62a8f7ea0e', '31fd67a3-1aa9-4db6-96dd-7f8e27e22b7a', 'c0dab19d-1f8b-4554-876d-fb8b5d8837ef', '63db9f94-6c5b-48db-841c-68b60f037f4a', '2026-01-09 13:37:35.921272+00', 'assigned', NULL, NULL, '2026-01-09 13:37:35.921272+00'),
	('2ce9c073-151b-420f-8bdf-ecf63125cd73', '31fd67a3-1aa9-4db6-96dd-7f8e27e22b7a', '7539f980-07b4-41fd-a24a-84784e714a13', '63db9f94-6c5b-48db-841c-68b60f037f4a', '2026-01-09 13:37:35.921272+00', 'assigned', NULL, NULL, '2026-01-09 13:37:35.921272+00'),
	('fd47f115-d3ac-48ca-b2a3-78ee58fc073a', '31fd67a3-1aa9-4db6-96dd-7f8e27e22b7a', '441ad560-e9db-4f5f-97b2-1c32ee1c4e4d', '63db9f94-6c5b-48db-841c-68b60f037f4a', '2026-01-09 13:37:35.921272+00', 'assigned', NULL, NULL, '2026-01-09 13:37:35.921272+00'),
	('414a3ea1-379a-49f3-8c38-4bf3d981ca3e', '31fd67a3-1aa9-4db6-96dd-7f8e27e22b7a', '287853ad-dd61-4a28-b8fe-69c8b9a400a9', '63db9f94-6c5b-48db-841c-68b60f037f4a', '2026-01-09 13:37:35.921272+00', 'assigned', NULL, NULL, '2026-01-09 13:37:35.921272+00'),
	('eebc157e-f58a-4403-b79b-0b790270476f', '31fd67a3-1aa9-4db6-96dd-7f8e27e22b7a', '503b37c3-a602-4bfa-b4df-139ddd16885a', '63db9f94-6c5b-48db-841c-68b60f037f4a', '2026-01-09 13:37:35.921272+00', 'assigned', NULL, NULL, '2026-01-09 13:37:35.921272+00'),
	('fa363b7d-7a58-415e-a413-9f9cbb8392bf', '31fd67a3-1aa9-4db6-96dd-7f8e27e22b7a', '6fd095ca-826a-486b-897e-d51318a2e2e0', '63db9f94-6c5b-48db-841c-68b60f037f4a', '2026-01-09 13:37:35.921272+00', 'assigned', NULL, NULL, '2026-01-09 13:37:35.921272+00'),
	('b722621c-f69b-43a9-a5f4-f54909001ab7', '31fd67a3-1aa9-4db6-96dd-7f8e27e22b7a', 'f77c3d81-dba0-495f-b0fa-a76de051d52c', '63db9f94-6c5b-48db-841c-68b60f037f4a', '2026-01-09 13:37:35.921272+00', 'assigned', NULL, NULL, '2026-01-09 13:37:35.921272+00'),
	('254dfb2b-6975-4dbf-bb96-b7cf1f31176d', '31fd67a3-1aa9-4db6-96dd-7f8e27e22b7a', '537008dd-12a4-485b-b3d2-3feff5936d7e', '63db9f94-6c5b-48db-841c-68b60f037f4a', '2026-01-09 13:37:35.921272+00', 'assigned', NULL, NULL, '2026-01-09 13:37:35.921272+00'),
	('925d3523-d19a-413d-a161-c8be4f9c6561', '31fd67a3-1aa9-4db6-96dd-7f8e27e22b7a', '56d4f21b-a615-4227-aaf5-c15f608fe104', '63db9f94-6c5b-48db-841c-68b60f037f4a', '2026-01-09 13:37:35.921272+00', 'assigned', NULL, NULL, '2026-01-09 13:37:35.921272+00'),
	('248a934c-76e2-482e-9485-63b03d746f47', '31fd67a3-1aa9-4db6-96dd-7f8e27e22b7a', '235aea81-4205-48d0-acc8-97c2647eca39', '63db9f94-6c5b-48db-841c-68b60f037f4a', '2026-01-09 13:37:35.921272+00', 'assigned', NULL, NULL, '2026-01-09 13:37:35.921272+00'),
	('06c1e88e-f564-498e-82cc-d8277eaa32ed', '36e7264c-4270-4645-bf7a-3ad82832a9ee', 'c81efd02-27ed-48d7-9d8a-917bed2faf52', '63db9f94-6c5b-48db-841c-68b60f037f4a', '2026-01-10 11:41:02.124132+00', 'assigned', NULL, NULL, '2026-01-10 11:41:02.124132+00'),
	('4562c146-34d4-4dfa-936f-78ac6e565486', '36e7264c-4270-4645-bf7a-3ad82832a9ee', 'f21fa145-2d73-449a-8b1b-aeeeedc6ab54', '63db9f94-6c5b-48db-841c-68b60f037f4a', '2026-01-10 11:41:02.124132+00', 'assigned', NULL, NULL, '2026-01-10 11:41:02.124132+00'),
	('cc80a3e3-bc0c-4de9-b4d4-6d569a3e6e11', '36e7264c-4270-4645-bf7a-3ad82832a9ee', '61c67875-4251-439a-8aeb-71fa735ec96c', '63db9f94-6c5b-48db-841c-68b60f037f4a', '2026-01-10 11:41:02.124132+00', 'assigned', NULL, NULL, '2026-01-10 11:41:02.124132+00'),
	('5bc00357-fb08-4e4f-9fff-d80cb593c0d6', '36e7264c-4270-4645-bf7a-3ad82832a9ee', 'aaba5d50-142c-4439-aa6d-84dc6d59b81b', '63db9f94-6c5b-48db-841c-68b60f037f4a', '2026-01-10 11:41:02.124132+00', 'assigned', NULL, NULL, '2026-01-10 11:41:02.124132+00'),
	('71797bf9-9220-4d06-b434-177e6b10590d', '36e7264c-4270-4645-bf7a-3ad82832a9ee', 'fedecd44-aba5-4336-8e12-57eb0dc4b40f', '63db9f94-6c5b-48db-841c-68b60f037f4a', '2026-01-10 11:41:02.124132+00', 'assigned', NULL, NULL, '2026-01-10 11:41:02.124132+00'),
	('40aa83c2-5a89-4b9e-a30c-ddab89b19d60', '36e7264c-4270-4645-bf7a-3ad82832a9ee', 'c0dab19d-1f8b-4554-876d-fb8b5d8837ef', '63db9f94-6c5b-48db-841c-68b60f037f4a', '2026-01-10 11:41:02.124132+00', 'assigned', NULL, NULL, '2026-01-10 11:41:02.124132+00'),
	('24180a69-b016-4adf-a691-d1153de4bed9', '36e7264c-4270-4645-bf7a-3ad82832a9ee', '7539f980-07b4-41fd-a24a-84784e714a13', '63db9f94-6c5b-48db-841c-68b60f037f4a', '2026-01-10 11:41:02.124132+00', 'assigned', NULL, NULL, '2026-01-10 11:41:02.124132+00'),
	('e0c87c98-7489-46b0-84aa-c18eb7761e7b', '36e7264c-4270-4645-bf7a-3ad82832a9ee', '441ad560-e9db-4f5f-97b2-1c32ee1c4e4d', '63db9f94-6c5b-48db-841c-68b60f037f4a', '2026-01-10 11:41:02.124132+00', 'assigned', NULL, NULL, '2026-01-10 11:41:02.124132+00'),
	('d1fe8ca0-ef46-4eb0-87b2-5e1f6c0bfd80', '36e7264c-4270-4645-bf7a-3ad82832a9ee', '287853ad-dd61-4a28-b8fe-69c8b9a400a9', '63db9f94-6c5b-48db-841c-68b60f037f4a', '2026-01-10 11:41:02.124132+00', 'assigned', NULL, NULL, '2026-01-10 11:41:02.124132+00'),
	('9468fd79-544d-4d23-af31-c4cdd67ac1b2', '36e7264c-4270-4645-bf7a-3ad82832a9ee', '503b37c3-a602-4bfa-b4df-139ddd16885a', '63db9f94-6c5b-48db-841c-68b60f037f4a', '2026-01-10 11:41:02.124132+00', 'assigned', NULL, NULL, '2026-01-10 11:41:02.124132+00'),
	('9b6c222f-d661-4726-a196-72b0fdc08e00', '36e7264c-4270-4645-bf7a-3ad82832a9ee', '6fd095ca-826a-486b-897e-d51318a2e2e0', '63db9f94-6c5b-48db-841c-68b60f037f4a', '2026-01-10 11:41:02.124132+00', 'assigned', NULL, NULL, '2026-01-10 11:41:02.124132+00'),
	('68bbe0af-a95d-49ff-821f-e0585b85044d', '36e7264c-4270-4645-bf7a-3ad82832a9ee', 'f77c3d81-dba0-495f-b0fa-a76de051d52c', '63db9f94-6c5b-48db-841c-68b60f037f4a', '2026-01-10 11:41:02.124132+00', 'assigned', NULL, NULL, '2026-01-10 11:41:02.124132+00'),
	('7c580c66-aad9-43d5-9800-0fe979c95134', '36e7264c-4270-4645-bf7a-3ad82832a9ee', '56d4f21b-a615-4227-aaf5-c15f608fe104', '63db9f94-6c5b-48db-841c-68b60f037f4a', '2026-01-10 11:41:02.124132+00', 'assigned', NULL, NULL, '2026-01-10 11:41:02.124132+00'),
	('6e7386db-de29-41ca-99c0-220841a54e12', '36e7264c-4270-4645-bf7a-3ad82832a9ee', '537008dd-12a4-485b-b3d2-3feff5936d7e', '63db9f94-6c5b-48db-841c-68b60f037f4a', '2026-01-10 11:41:02.124132+00', 'assigned', NULL, NULL, '2026-01-10 11:41:02.124132+00'),
	('0cdef565-33c3-4d20-a608-cfffbb417b89', '36e7264c-4270-4645-bf7a-3ad82832a9ee', '235aea81-4205-48d0-acc8-97c2647eca39', '63db9f94-6c5b-48db-841c-68b60f037f4a', '2026-01-10 11:41:02.124132+00', 'assigned', NULL, NULL, '2026-01-10 11:41:02.124132+00'),
	('85e01f8a-b62f-4fe3-b9ab-ae8fe40a5013', 'dfa7b1a2-13c0-40fe-b58d-cd2fced29764', 'c81efd02-27ed-48d7-9d8a-917bed2faf52', '63db9f94-6c5b-48db-841c-68b60f037f4a', '2026-01-11 14:57:32.033894+00', 'assigned', NULL, NULL, '2026-01-11 14:57:32.033894+00'),
	('2341692e-5464-4dc8-8e52-49835b61e753', 'dfa7b1a2-13c0-40fe-b58d-cd2fced29764', 'f21fa145-2d73-449a-8b1b-aeeeedc6ab54', '63db9f94-6c5b-48db-841c-68b60f037f4a', '2026-01-11 14:57:32.033894+00', 'assigned', NULL, NULL, '2026-01-11 14:57:32.033894+00'),
	('2371f536-d2fa-47f4-a27e-d6721b01cf35', 'dfa7b1a2-13c0-40fe-b58d-cd2fced29764', '61c67875-4251-439a-8aeb-71fa735ec96c', '63db9f94-6c5b-48db-841c-68b60f037f4a', '2026-01-11 14:57:32.033894+00', 'assigned', NULL, NULL, '2026-01-11 14:57:32.033894+00'),
	('4516f8f3-b07f-4f65-9ebf-1458c37787c1', 'dfa7b1a2-13c0-40fe-b58d-cd2fced29764', 'aaba5d50-142c-4439-aa6d-84dc6d59b81b', '63db9f94-6c5b-48db-841c-68b60f037f4a', '2026-01-11 14:57:32.033894+00', 'assigned', NULL, NULL, '2026-01-11 14:57:32.033894+00'),
	('4c620ccb-ce1a-4aac-ae12-41841d905f7f', 'dfa7b1a2-13c0-40fe-b58d-cd2fced29764', 'fedecd44-aba5-4336-8e12-57eb0dc4b40f', '63db9f94-6c5b-48db-841c-68b60f037f4a', '2026-01-11 14:57:32.033894+00', 'assigned', NULL, NULL, '2026-01-11 14:57:32.033894+00'),
	('840943c5-161a-4d6e-9fa8-5c16e8f749d3', 'dfa7b1a2-13c0-40fe-b58d-cd2fced29764', 'c0dab19d-1f8b-4554-876d-fb8b5d8837ef', '63db9f94-6c5b-48db-841c-68b60f037f4a', '2026-01-11 14:57:32.033894+00', 'assigned', NULL, NULL, '2026-01-11 14:57:32.033894+00'),
	('6325893d-f3ee-454e-8994-b75751e9ba3a', 'dfa7b1a2-13c0-40fe-b58d-cd2fced29764', '7539f980-07b4-41fd-a24a-84784e714a13', '63db9f94-6c5b-48db-841c-68b60f037f4a', '2026-01-11 14:57:32.033894+00', 'assigned', NULL, NULL, '2026-01-11 14:57:32.033894+00'),
	('1a8a801d-660c-4644-b431-a2a674b45727', 'dfa7b1a2-13c0-40fe-b58d-cd2fced29764', '441ad560-e9db-4f5f-97b2-1c32ee1c4e4d', '63db9f94-6c5b-48db-841c-68b60f037f4a', '2026-01-11 14:57:32.033894+00', 'assigned', NULL, NULL, '2026-01-11 14:57:32.033894+00'),
	('8ad0a40a-1947-4b6e-82f5-f21d9439cbd5', 'dfa7b1a2-13c0-40fe-b58d-cd2fced29764', '287853ad-dd61-4a28-b8fe-69c8b9a400a9', '63db9f94-6c5b-48db-841c-68b60f037f4a', '2026-01-11 14:57:32.033894+00', 'assigned', NULL, NULL, '2026-01-11 14:57:32.033894+00'),
	('32316476-c584-4d1f-919a-f6335628efc0', 'dfa7b1a2-13c0-40fe-b58d-cd2fced29764', '503b37c3-a602-4bfa-b4df-139ddd16885a', '63db9f94-6c5b-48db-841c-68b60f037f4a', '2026-01-11 14:57:32.033894+00', 'assigned', NULL, NULL, '2026-01-11 14:57:32.033894+00'),
	('cdc901dc-83d4-4ae0-9fd8-288280729a8c', 'dfa7b1a2-13c0-40fe-b58d-cd2fced29764', '6fd095ca-826a-486b-897e-d51318a2e2e0', '63db9f94-6c5b-48db-841c-68b60f037f4a', '2026-01-11 14:57:32.033894+00', 'assigned', NULL, NULL, '2026-01-11 14:57:32.033894+00'),
	('07b958bc-a108-477e-ba7b-d6f076f30301', 'dfa7b1a2-13c0-40fe-b58d-cd2fced29764', 'f77c3d81-dba0-495f-b0fa-a76de051d52c', '63db9f94-6c5b-48db-841c-68b60f037f4a', '2026-01-11 14:57:32.033894+00', 'assigned', NULL, NULL, '2026-01-11 14:57:32.033894+00'),
	('06f12966-7b1c-4963-97e9-127fa2e74623', 'dfa7b1a2-13c0-40fe-b58d-cd2fced29764', '56d4f21b-a615-4227-aaf5-c15f608fe104', '63db9f94-6c5b-48db-841c-68b60f037f4a', '2026-01-11 14:57:32.033894+00', 'assigned', NULL, NULL, '2026-01-11 14:57:32.033894+00'),
	('000b3a70-fad1-4299-87eb-881f9af17501', 'dfa7b1a2-13c0-40fe-b58d-cd2fced29764', 'e271fef5-f353-4008-9336-3909c970affc', '63db9f94-6c5b-48db-841c-68b60f037f4a', '2026-01-11 14:57:32.033894+00', 'assigned', NULL, NULL, '2026-01-11 14:57:32.033894+00'),
	('89162f7f-31a6-4f95-9dcd-7576660e22ed', 'dfa7b1a2-13c0-40fe-b58d-cd2fced29764', '537008dd-12a4-485b-b3d2-3feff5936d7e', '63db9f94-6c5b-48db-841c-68b60f037f4a', '2026-01-11 14:57:32.033894+00', 'assigned', NULL, NULL, '2026-01-11 14:57:32.033894+00'),
	('2a326970-afe9-4a59-9ddc-eb1093590077', 'dfa7b1a2-13c0-40fe-b58d-cd2fced29764', '235aea81-4205-48d0-acc8-97c2647eca39', '63db9f94-6c5b-48db-841c-68b60f037f4a', '2026-01-11 14:57:32.033894+00', 'assigned', NULL, NULL, '2026-01-11 14:57:32.033894+00');


--
-- Data for Name: task_comments; Type: TABLE DATA; Schema: public; Owner: postgres
--



--
-- Data for Name: task_history; Type: TABLE DATA; Schema: public; Owner: postgres
--

INSERT INTO "public"."task_history" ("id", "task_id", "user_id", "action", "field_name", "old_value", "new_value", "metadata", "created_at") VALUES
	('cff95935-130e-4301-935e-1c099d06bede', '5a83f3cb-86b4-4043-b6be-fa33918b822f', '63db9f94-6c5b-48db-841c-68b60f037f4a', 'created', NULL, NULL, NULL, '{"task_name": "khjhgdfg"}', '2026-01-05 09:55:32.355922+00'),
	('148506ab-d587-4493-9e03-c8772c07a0f4', 'b368e48f-c99d-4ba3-b7a5-19c03c0988e3', '63db9f94-6c5b-48db-841c-68b60f037f4a', 'created', NULL, NULL, NULL, '{"task_name": "hffy"}', '2026-01-05 10:18:14.682065+00'),
	('7d039b9d-04d4-4758-bd74-22da362e5fbf', '62806a9f-4f0d-4657-aee9-c6fd74f38d12', '63db9f94-6c5b-48db-841c-68b60f037f4a', 'created', NULL, NULL, NULL, '{"task_name": "NJBJF"}', '2026-01-05 11:27:26.126629+00'),
	('607beaec-22bb-4a9b-9be2-399a09c3f41a', '7a1423e0-39a9-46c0-b0df-99cae4f6907b', '63db9f94-6c5b-48db-841c-68b60f037f4a', 'created', NULL, NULL, NULL, '{"task_name": "jhuret"}', '2026-01-05 12:00:51.058789+00'),
	('c1b4d21c-3791-45fa-9f6a-0cf885fac9d7', '2570ffdd-188c-4d1e-8256-5d36ce7af4f5', '63db9f94-6c5b-48db-841c-68b60f037f4a', 'created', NULL, NULL, NULL, '{"task_name": "jhjfhg"}', '2026-01-05 12:01:46.414926+00'),
	('d8c1b65f-3256-4089-85ce-61872580192c', 'e86eef00-df99-41b3-b366-491a9a168ae5', '8cb2798e-f2ca-4729-9764-c5e2ee38f0d2', 'created', NULL, NULL, NULL, '{"task_name": "task"}', '2026-01-05 12:05:37.282708+00'),
	('a854d9fa-1986-4047-b288-f5e6c7ad4ce1', '46843ee0-3bf1-4ee1-b5ad-4a744df2b691', '8cb2798e-f2ca-4729-9764-c5e2ee38f0d2', 'created', NULL, NULL, NULL, '{"task_name": "nehal"}', '2026-01-05 15:55:21.026326+00'),
	('ee645f65-17b2-4a5d-8f2b-7f3fdbd5a005', '25f3542c-3858-4cdc-804d-59993a7056db', '63db9f94-6c5b-48db-841c-68b60f037f4a', 'created', NULL, NULL, NULL, '{"task_name": "task of is"}', '2026-01-05 15:59:17.651897+00'),
	('73e754df-6ec2-42ce-b494-a734f0353e2c', '12ec1f64-817f-4b8b-8b01-5aa387c352e9', '63db9f94-6c5b-48db-841c-68b60f037f4a', 'created', NULL, NULL, NULL, '{"task_name": "IUI"}', '2026-01-05 16:25:32.56058+00'),
	('cec34c03-5f95-42c8-9469-77897952ae0e', '2f22c611-734e-4e6b-a58b-f2da96316e4f', '63db9f94-6c5b-48db-841c-68b60f037f4a', 'created', NULL, NULL, NULL, '{"task_name": "JVHFJHGIHDIGFGFDGDFG"}', '2026-01-05 16:27:17.342251+00'),
	('a0c257f5-3e22-4580-8e86-6df0e39f52ed', '22b6c62d-915e-422c-a9da-cb4813042e30', '63db9f94-6c5b-48db-841c-68b60f037f4a', 'created', NULL, NULL, NULL, '{"task_name": "HJGG"}', '2026-01-05 16:42:30.233628+00'),
	('eae1d426-8048-4f20-a911-0de06796ebb7', 'c8151aed-70cc-4a00-9d0f-0757224b9e7a', '63db9f94-6c5b-48db-841c-68b60f037f4a', 'created', NULL, NULL, NULL, '{"task_name": "test remonder today"}', '2026-01-06 13:42:36.526051+00'),
	('e53ff61f-314d-4552-958a-12a5f669078f', 'd5bd4ee2-dca9-4f12-9d8f-2f9298f85c79', '63db9f94-6c5b-48db-841c-68b60f037f4a', 'created', NULL, NULL, NULL, '{"task_name": "remonder test 2"}', '2026-01-06 13:44:24.401278+00'),
	('496bf8b9-c0de-4998-847f-8c947c83e624', '48fbdb79-4e40-4985-abdf-2349a6df6aea', '63db9f94-6c5b-48db-841c-68b60f037f4a', 'created', NULL, NULL, NULL, '{"task_name": "kjkk"}', '2026-01-06 16:58:49.014453+00'),
	('c25bbc34-b204-49de-a647-ea5a204bfb8d', '991d11b3-aaa6-4da8-9c74-16c8e33f6f5f', '63db9f94-6c5b-48db-841c-68b60f037f4a', 'created', NULL, NULL, NULL, '{"task_name": "ihihdf"}', '2026-01-07 07:21:46.616167+00'),
	('6fc41f9c-6d7d-4ac6-897e-28ef9b2e6670', 'bc941b86-259b-473d-8fc3-38f52ad13e4a', '63db9f94-6c5b-48db-841c-68b60f037f4a', 'created', NULL, NULL, NULL, '{"task_name": "test notification"}', '2026-01-07 18:23:59.01647+00'),
	('588f62f4-35d0-41f8-ba80-11dde2daa33d', 'e20c0e03-b4be-475b-9010-8708fb115390', '63db9f94-6c5b-48db-841c-68b60f037f4a', 'created', NULL, NULL, NULL, '{"task_name": "test"}', '2026-01-07 18:24:26.206622+00'),
	('b0e99901-efe7-46ce-8cbd-4ff2398c8715', '32ce7650-8a33-4a00-84fd-6ba6988f197a', '63db9f94-6c5b-48db-841c-68b60f037f4a', 'created', NULL, NULL, NULL, '{"task_name": "Data Structures & Algorithms"}', '2026-01-07 18:27:45.411784+00'),
	('56ed3ab4-9721-484b-8b07-dc73b530de18', '9af168fa-bd57-4baa-bb8c-658a0ec19155', '63db9f94-6c5b-48db-841c-68b60f037f4a', 'created', NULL, NULL, NULL, '{"task_name": "test"}', '2026-01-07 18:28:51.074193+00'),
	('cde2e5f9-01fe-42f8-9dc9-5387ee8da1e8', '0d1c3667-eb7c-4957-8a64-3ff08df4f5cd', '63db9f94-6c5b-48db-841c-68b60f037f4a', 'created', NULL, NULL, NULL, '{"task_name": "huhu"}', '2026-01-07 18:29:17.417287+00'),
	('794fc282-5faa-4460-a468-e26a05e54337', '89b34e3e-1aa7-4df7-b6e3-442a86657df2', '63db9f94-6c5b-48db-841c-68b60f037f4a', 'created', NULL, NULL, NULL, '{"task_name": "uh"}', '2026-01-07 18:31:22.274505+00'),
	('b723bb30-fbf3-4fcf-b9ef-299f3d104639', 'a8d5dece-8deb-49e6-a89f-dc85db681e8b', '63db9f94-6c5b-48db-841c-68b60f037f4a', 'created', NULL, NULL, NULL, '{"task_name": "jfjdfsjd"}', '2026-01-07 18:44:13.100621+00'),
	('28ba1b29-6cfc-463b-a6cd-9fd194f6ea09', '2fc269ba-73a2-4c4d-892e-6798bfaeb8e3', '63db9f94-6c5b-48db-841c-68b60f037f4a', 'created', NULL, NULL, NULL, '{"task_name": "dksjfksd"}', '2026-01-07 18:44:30.685028+00'),
	('35f11eb9-201d-4366-91e5-109dbd50afda', 'dc0327ed-81c2-4bfe-90ff-cfd770d7a658', '63db9f94-6c5b-48db-841c-68b60f037f4a', 'created', NULL, NULL, NULL, '{"task_name": "Data Structures & Algorithms"}', '2026-01-07 18:46:16.14395+00'),
	('7d28620d-f34b-4fd4-a0c7-0c3d977d7795', '8a3e60af-f409-409a-a581-6504e3f13347', '63db9f94-6c5b-48db-841c-68b60f037f4a', 'created', NULL, NULL, NULL, '{"task_name": "Data Structures 2"}', '2026-01-07 18:56:25.626699+00'),
	('912af98a-4841-446f-a413-e4f26dfd5156', '4df36ff2-2cc0-457a-874b-2e02c28a8cb5', '63db9f94-6c5b-48db-841c-68b60f037f4a', 'created', NULL, NULL, NULL, '{"task_name": "test notification chaeaking"}', '2026-01-08 08:46:05.599383+00'),
	('58e3784e-2d1d-45ac-988c-ed74ed89a180', '5d9856df-de0a-437a-aef9-8a61dc2e9252', 'c3ffc27b-0a8a-47da-9ef9-38ad2aecb034', 'created', NULL, NULL, NULL, '{"task_name": "jhjdhfs"}', '2026-01-08 14:48:14.400369+00'),
	('fdcbbbfd-07a7-4086-bb4b-48681632bf90', '56337d6c-2c9f-4af9-ba65-948b518205c4', '63db9f94-6c5b-48db-841c-68b60f037f4a', 'created', NULL, NULL, NULL, '{"task_name": "us333333333333"}', '2026-01-09 12:49:34.961104+00'),
	('06993c23-5e3b-4a1c-a9f1-96ae2709f146', 'e2310b86-7bf7-4054-9c60-a94e0aa2b345', '63db9f94-6c5b-48db-841c-68b60f037f4a', 'created', NULL, NULL, NULL, '{"task_name": "test1"}', '2026-01-09 13:37:01.813584+00'),
	('16e8c2cf-9f90-462e-abc6-c1e084ab046e', '31fd67a3-1aa9-4db6-96dd-7f8e27e22b7a', '63db9f94-6c5b-48db-841c-68b60f037f4a', 'created', NULL, NULL, NULL, '{"task_name": "upabase auth session restoration timing during cold start"}', '2026-01-09 13:37:35.921272+00'),
	('c87b147e-dedb-4ecc-bc33-e8c97c06e801', '36e7264c-4270-4645-bf7a-3ad82832a9ee', '63db9f94-6c5b-48db-841c-68b60f037f4a', 'created', NULL, NULL, NULL, '{"task_name": "Exploring The Magical Valley Of Uttarakhand "}', '2026-01-10 11:41:02.124132+00'),
	('f96f51db-77a8-4878-afe4-606d83fb4115', 'dfa7b1a2-13c0-40fe-b58d-cd2fced29764', '63db9f94-6c5b-48db-841c-68b60f037f4a', 'created', NULL, NULL, NULL, '{"task_name": "reminder test course"}', '2026-01-11 14:57:32.033894+00');


--
-- Data for Name: task_reminder_logs; Type: TABLE DATA; Schema: public; Owner: postgres
--

INSERT INTO "public"."task_reminder_logs" ("id", "task_id", "reminder_date", "sent_at", "recipients_count", "status", "error_message", "created_at") VALUES
	('9b7920bb-22d7-4a94-be5c-712157af6dac', 'c8151aed-70cc-4a00-9d0f-0757224b9e7a', '2026-01-06', '2026-01-06 17:00:32.784793+00', 1, 'sent', NULL, '2026-01-06 17:00:32.784793+00'),
	('5ea40928-a4e1-4cfb-96af-fb38ba454ebf', '32ce7650-8a33-4a00-84fd-6ba6988f197a', '2026-01-08', '2026-01-07 19:55:04.878559+00', 1, 'sent', NULL, '2026-01-07 19:55:04.878559+00'),
	('b3cb2cbd-947c-4e97-95df-bb34dcf18420', 'dc0327ed-81c2-4bfe-90ff-cfd770d7a658', '2026-01-08', '2026-01-07 19:55:05.10452+00', 1, 'sent', NULL, '2026-01-07 19:55:05.10452+00'),
	('d37db9ed-081c-4a7f-95f9-e51a72e74091', '8a3e60af-f409-409a-a581-6504e3f13347', '2026-01-08', '2026-01-07 19:55:05.291383+00', 1, 'sent', NULL, '2026-01-07 19:55:05.291383+00'),
	('e9a89d50-9e26-4587-9edc-42e85b9af003', '32ce7650-8a33-4a00-84fd-6ba6988f197a', '2026-01-09', '2026-01-08 15:10:06.1984+00', 2, 'sent', NULL, '2026-01-08 15:10:06.1984+00'),
	('dd97458e-9bc6-4a6e-a80d-c02dcd33e3fa', 'dc0327ed-81c2-4bfe-90ff-cfd770d7a658', '2026-01-09', '2026-01-08 15:10:06.934309+00', 2, 'sent', NULL, '2026-01-08 15:10:06.934309+00'),
	('72ff7f1f-493e-42e2-a091-e2ec9b74f2d7', '8a3e60af-f409-409a-a581-6504e3f13347', '2026-01-09', '2026-01-08 15:10:07.45282+00', 2, 'sent', NULL, '2026-01-08 15:10:07.45282+00'),
	('9612dc52-4df5-4962-bf91-c1018fb1759f', '31fd67a3-1aa9-4db6-96dd-7f8e27e22b7a', '2026-01-10', '2026-01-09 15:10:03.198276+00', 2, 'sent', NULL, '2026-01-09 15:10:03.198276+00'),
	('3f203afb-cba3-4519-bb07-9a562b20106f', '36e7264c-4270-4645-bf7a-3ad82832a9ee', '2026-01-11', '2026-01-10 15:10:03.838873+00', 2, 'sent', NULL, '2026-01-10 15:10:03.838873+00'),
	('8dc9726e-e935-4827-bf09-bfb0a821af74', 'dfa7b1a2-13c0-40fe-b58d-cd2fced29764', '2026-01-12', '2026-01-11 15:10:04.76246+00', 2, 'sent', NULL, '2026-01-11 15:10:04.76246+00');


--
-- Data for Name: task_templates; Type: TABLE DATA; Schema: public; Owner: postgres
--



--
-- Data for Name: teacher_courses; Type: TABLE DATA; Schema: public; Owner: postgres
--



--
-- Data for Name: user_activities; Type: TABLE DATA; Schema: public; Owner: postgres
--



--
-- Data for Name: buckets; Type: TABLE DATA; Schema: storage; Owner: supabase_storage_admin
--

INSERT INTO "storage"."buckets" ("id", "name", "owner", "created_at", "updated_at", "public", "avif_autodetection", "file_size_limit", "allowed_mime_types", "owner_id", "type") VALUES
	('task-attachments', 'task-attachments', NULL, '2026-01-05 10:07:45.85022+00', '2026-01-05 10:07:45.85022+00', true, false, 52428800, '{application/pdf,image/jpeg,image/jpg,image/png,image/gif,image/webp,application/msword,application/vnd.openxmlformats-officedocument.wordprocessingml.document,application/vnd.ms-excel,application/vnd.openxmlformats-officedocument.spreadsheetml.sheet,application/vnd.ms-powerpoint,application/vnd.openxmlformats-officedocument.presentationml.presentation,text/plain,application/zip,application/x-zip-compressed}', NULL, 'STANDARD'),
	('profile-photos', 'profile-photos', NULL, '2026-01-07 14:28:48.892796+00', '2026-01-07 14:28:48.892796+00', true, false, 5242880, '{image/jpeg,image/jpg,image/png,image/gif,image/webp}', NULL, 'STANDARD');


--
-- Data for Name: buckets_analytics; Type: TABLE DATA; Schema: storage; Owner: supabase_storage_admin
--



--
-- Data for Name: buckets_vectors; Type: TABLE DATA; Schema: storage; Owner: supabase_storage_admin
--



--
-- Data for Name: objects; Type: TABLE DATA; Schema: storage; Owner: supabase_storage_admin
--

INSERT INTO "storage"."objects" ("id", "bucket_id", "name", "owner", "created_at", "updated_at", "last_accessed_at", "metadata", "version", "owner_id", "user_metadata", "level") VALUES
	('680dfb7f-18f6-4aed-87a2-42874c968fcf', 'task-attachments', 'temp/Certificate_of_Bachelor_o_1767557906004_fjtp6n.pdf', '63db9f94-6c5b-48db-841c-68b60f037f4a', '2026-01-05 10:18:12.585791+00', '2026-01-05 10:18:12.585791+00', '2026-01-05 10:18:12.585791+00', '{"eTag": "\"92b717f4de875476a2918182f1f71bd5\"", "size": 1358387, "mimetype": "application/pdf", "cacheControl": "max-age=3600", "lastModified": "2026-01-05T10:18:13.000Z", "contentLength": 1358387, "httpStatusCode": 200}', 'b6eaf71c-96bb-4152-92f2-bc4da872e623', '63db9f94-6c5b-48db-841c-68b60f037f4a', '{}', 2),
	('ac0f07ac-7516-4a2c-8414-4c5af03fad8b', 'task-attachments', 'temp/Class-Routine-CSE-Fall-2025_v3.0_1767564062550_ypso4q.pdf', '63db9f94-6c5b-48db-841c-68b60f037f4a', '2026-01-05 12:00:48.952721+00', '2026-01-05 12:00:48.952721+00', '2026-01-05 12:00:48.952721+00', '{"eTag": "\"c8b25c477a6f1af0dc9525f8dbff0146\"", "size": 181975, "mimetype": "application/pdf", "cacheControl": "max-age=3600", "lastModified": "2026-01-05T12:00:49.000Z", "contentLength": 181975, "httpStatusCode": 200}', 'e5bd674f-f02b-4078-a6fe-fdf57028b6b1', '63db9f94-6c5b-48db-841c-68b60f037f4a', '{}', 2),
	('bf1217ac-171a-4213-bed6-540932dc929e', 'task-attachments', 'tasks/d5bd4ee2-dca9-4f12-9d8f-2f9298f85c79/Web_Spring-24_1767720220132_q68pr5.pdf', '63db9f94-6c5b-48db-841c-68b60f037f4a', '2026-01-06 17:23:26.867049+00', '2026-01-06 17:23:26.867049+00', '2026-01-06 17:23:26.867049+00', '{"eTag": "\"f27e3a987999e4640a16df7f1ea67a76\"", "size": 413280, "mimetype": "application/pdf", "cacheControl": "max-age=3600", "lastModified": "2026-01-06T17:23:27.000Z", "contentLength": 413280, "httpStatusCode": 200}', 'adf4caf0-187a-4002-b1ab-4b235766389f', '63db9f94-6c5b-48db-841c-68b60f037f4a', '{}', 3),
	('801d7708-c570-41c4-8d27-8062f179cf33', 'task-attachments', 'tasks/48fbdb79-4e40-4985-abdf-2349a6df6aea/Web_Spring-24_1767720275279_calpic.pdf', '63db9f94-6c5b-48db-841c-68b60f037f4a', '2026-01-06 17:24:21.90937+00', '2026-01-06 17:24:21.90937+00', '2026-01-06 17:24:21.90937+00', '{"eTag": "\"f27e3a987999e4640a16df7f1ea67a76\"", "size": 413280, "mimetype": "application/pdf", "cacheControl": "max-age=3600", "lastModified": "2026-01-06T17:24:22.000Z", "contentLength": 413280, "httpStatusCode": 200}', 'aaf26380-a93f-4fa2-9fe1-8841a51ff412', '63db9f94-6c5b-48db-841c-68b60f037f4a', '{}', 3),
	('e196ab1e-ba6c-4a05-b0e5-c90ee6408665', 'task-attachments', 'temp/Web_Spring-24_1767770518839_0ljsw4.pdf', '63db9f94-6c5b-48db-841c-68b60f037f4a', '2026-01-07 07:21:45.257286+00', '2026-01-07 07:21:45.257286+00', '2026-01-07 07:21:45.257286+00', '{"eTag": "\"f27e3a987999e4640a16df7f1ea67a76\"", "size": 413280, "mimetype": "application/pdf", "cacheControl": "max-age=3600", "lastModified": "2026-01-07T07:21:46.000Z", "contentLength": 413280, "httpStatusCode": 200}', 'c4380f45-c7ff-406b-9a86-f8836a1553f0', '63db9f94-6c5b-48db-841c-68b60f037f4a', '{}', 2),
	('dc0af1df-fd9f-4172-a904-b8c7a5dfe41c', 'profile-photos', '6fd095ca-826a-486b-897e-d51318a2e2e0/avatar-1767804255754.png', '6fd095ca-826a-486b-897e-d51318a2e2e0', '2026-01-07 16:44:03.231595+00', '2026-01-07 16:44:03.231595+00', '2026-01-07 16:44:03.231595+00', '{"eTag": "\"6bbc27155119ec40c7074e42209ff6b4\"", "size": 1014422, "mimetype": "image/png", "cacheControl": "max-age=3600", "lastModified": "2026-01-07T16:44:04.000Z", "contentLength": 1014422, "httpStatusCode": 200}', 'a4d3d6d4-7836-441f-a37f-ba8572184d41', '6fd095ca-826a-486b-897e-d51318a2e2e0', '{}', 2),
	('140399cc-c4fa-4e00-8159-23c2c90b6fbb', 'task-attachments', 'temp/Web_Spring-24_1767810467161_3xvqgl.pdf', '63db9f94-6c5b-48db-841c-68b60f037f4a', '2026-01-07 18:27:34.323708+00', '2026-01-07 18:27:34.323708+00', '2026-01-07 18:27:34.323708+00', '{"eTag": "\"f27e3a987999e4640a16df7f1ea67a76\"", "size": 413280, "mimetype": "application/pdf", "cacheControl": "max-age=3600", "lastModified": "2026-01-07T18:27:35.000Z", "contentLength": 413280, "httpStatusCode": 200}', '5dc33b9b-1247-43b8-a8a9-269acbd5a214', '63db9f94-6c5b-48db-841c-68b60f037f4a', '{}', 2),
	('85205010-0795-4537-9e1a-a908b6467c25', 'profile-photos', 'f77c3d81-dba0-495f-b0fa-a76de051d52c/avatar-1767816067204.png', 'f77c3d81-dba0-495f-b0fa-a76de051d52c', '2026-01-07 20:01:09.760899+00', '2026-01-07 20:01:09.760899+00', '2026-01-07 20:01:09.760899+00', '{"eTag": "\"a2a0e4de8d4ef19af42c9d33c0383044\"", "size": 782838, "mimetype": "image/png", "cacheControl": "max-age=3600", "lastModified": "2026-01-07T20:01:10.000Z", "contentLength": 782838, "httpStatusCode": 200}', '7dc61176-3598-4496-8060-0a2bcd06f695', 'f77c3d81-dba0-495f-b0fa-a76de051d52c', '{}', 2),
	('7afc11af-974b-4a41-a89a-c64368f305d3', 'profile-photos', '235aea81-4205-48d0-acc8-97c2647eca39/avatar-1767870016843.webp', '235aea81-4205-48d0-acc8-97c2647eca39', '2026-01-08 11:00:02.797003+00', '2026-01-08 11:00:02.797003+00', '2026-01-08 11:00:02.797003+00', '{"eTag": "\"560c51387d3efc1df4c8181c34b28c9d\"", "size": 27264, "mimetype": "image/webp", "cacheControl": "max-age=3600", "lastModified": "2026-01-08T11:00:03.000Z", "contentLength": 27264, "httpStatusCode": 200}', '6aa84da5-aeb4-4e58-a3cb-45661efb20a0', '235aea81-4205-48d0-acc8-97c2647eca39', '{}', 2),
	('e729655d-0242-427d-9e68-d78f601a0471', 'task-attachments', 'temp/Web_Spring-24_1767883706044_s3sqpx.pdf', 'c3ffc27b-0a8a-47da-9ef9-38ad2aecb034', '2026-01-08 14:48:12.204691+00', '2026-01-08 14:48:12.204691+00', '2026-01-08 14:48:12.204691+00', '{"eTag": "\"f27e3a987999e4640a16df7f1ea67a76\"", "size": 413280, "mimetype": "application/pdf", "cacheControl": "max-age=3600", "lastModified": "2026-01-08T14:48:13.000Z", "contentLength": 413280, "httpStatusCode": 200}', 'b912c04f-7d99-4cb2-8c97-3e862df9a59b', 'c3ffc27b-0a8a-47da-9ef9-38ad2aecb034', '{}', 2),
	('b4721c90-f8cd-44b0-86f4-fec43ab78571', 'task-attachments', 'temp/Web_Spring-24_1767962985914_jdy9pu.pdf', '63db9f94-6c5b-48db-841c-68b60f037f4a', '2026-01-09 12:49:32.784047+00', '2026-01-09 12:49:32.784047+00', '2026-01-09 12:49:32.784047+00', '{"eTag": "\"f27e3a987999e4640a16df7f1ea67a76\"", "size": 413280, "mimetype": "application/pdf", "cacheControl": "max-age=3600", "lastModified": "2026-01-09T12:49:33.000Z", "contentLength": 413280, "httpStatusCode": 200}', '431e8456-fdb5-40f6-96fb-4e8cc1eb6b60', '63db9f94-6c5b-48db-841c-68b60f037f4a', '{}', 2),
	('98e00122-f9bb-41b5-a14c-b637c77bb726', 'task-attachments', 'temp/Web_Spring-24_1767965832852_1lbem6.pdf', '63db9f94-6c5b-48db-841c-68b60f037f4a', '2026-01-09 13:36:59.484059+00', '2026-01-09 13:36:59.484059+00', '2026-01-09 13:36:59.484059+00', '{"eTag": "\"f27e3a987999e4640a16df7f1ea67a76\"", "size": 413280, "mimetype": "application/pdf", "cacheControl": "max-age=3600", "lastModified": "2026-01-09T13:37:00.000Z", "contentLength": 413280, "httpStatusCode": 200}', 'f80ab4ba-8732-4366-a999-80c601b9f945', '63db9f94-6c5b-48db-841c-68b60f037f4a', '{}', 2),
	('039327a1-b859-49a7-8e07-c452a253b629', 'profile-photos', '503b37c3-a602-4bfa-b4df-139ddd16885a/avatar-1767966380758.png', '503b37c3-a602-4bfa-b4df-139ddd16885a', '2026-01-09 13:46:22.477472+00', '2026-01-09 13:46:22.477472+00', '2026-01-09 13:46:22.477472+00', '{"eTag": "\"b5d199a1b277bad01b815e2af091b7b7\"", "size": 1546687, "mimetype": "image/png", "cacheControl": "max-age=3600", "lastModified": "2026-01-09T13:46:23.000Z", "contentLength": 1546687, "httpStatusCode": 200}', '5fd5f6cf-a474-485e-8795-51cd42ade9a8', '503b37c3-a602-4bfa-b4df-139ddd16885a', '{}', 2),
	('2653e0f8-6df3-483f-a6d5-16ef84c86315', 'profile-photos', '56d4f21b-a615-4227-aaf5-c15f608fe104/avatar-1767980573985.jpg', '56d4f21b-a615-4227-aaf5-c15f608fe104', '2026-01-09 17:43:02.237256+00', '2026-01-09 17:43:02.237256+00', '2026-01-09 17:43:02.237256+00', '{"eTag": "\"fd26a743eaaeb4970ef627003ee62eb5\"", "size": 800960, "mimetype": "image/jpeg", "cacheControl": "max-age=3600", "lastModified": "2026-01-09T17:43:03.000Z", "contentLength": 800960, "httpStatusCode": 200}', '7e04e8c1-f2e9-4797-98f8-a14187e824cf', '56d4f21b-a615-4227-aaf5-c15f608fe104', '{}', 2),
	('b518445d-5303-499a-ab4c-0410fb136dd6', 'task-attachments', 'temp/Web_Spring-24_1768045256907_uv677g.pdf', '63db9f94-6c5b-48db-841c-68b60f037f4a', '2026-01-10 11:40:41.814809+00', '2026-01-10 11:40:41.814809+00', '2026-01-10 11:40:41.814809+00', '{"eTag": "\"f27e3a987999e4640a16df7f1ea67a76\"", "size": 413280, "mimetype": "application/pdf", "cacheControl": "max-age=3600", "lastModified": "2026-01-10T11:40:42.000Z", "contentLength": 413280, "httpStatusCode": 200}', 'f1a6d187-fa80-437a-8894-78bc4a9000e2', '63db9f94-6c5b-48db-841c-68b60f037f4a', '{}', 2),
	('02209879-dfad-4a72-b10e-8947ce253a13', 'profile-photos', 'e271fef5-f353-4008-9336-3909c970affc/avatar-1768134270063.png', 'e271fef5-f353-4008-9336-3909c970affc', '2026-01-11 12:24:31.671667+00', '2026-01-11 12:24:31.671667+00', '2026-01-11 12:24:31.671667+00', '{"eTag": "\"b5d199a1b277bad01b815e2af091b7b7\"", "size": 1546687, "mimetype": "image/png", "cacheControl": "max-age=3600", "lastModified": "2026-01-11T12:24:32.000Z", "contentLength": 1546687, "httpStatusCode": 200}', '5cbaf8f2-86f2-4ad1-8710-54b2a5f92100', 'e271fef5-f353-4008-9336-3909c970affc', '{}', 2);


--
-- Data for Name: prefixes; Type: TABLE DATA; Schema: storage; Owner: supabase_storage_admin
--

INSERT INTO "storage"."prefixes" ("bucket_id", "name", "created_at", "updated_at") VALUES
	('task-attachments', 'temp', '2026-01-05 10:18:12.585791+00', '2026-01-05 10:18:12.585791+00'),
	('task-attachments', 'tasks', '2026-01-06 17:23:26.867049+00', '2026-01-06 17:23:26.867049+00'),
	('task-attachments', 'tasks/d5bd4ee2-dca9-4f12-9d8f-2f9298f85c79', '2026-01-06 17:23:26.867049+00', '2026-01-06 17:23:26.867049+00'),
	('task-attachments', 'tasks/48fbdb79-4e40-4985-abdf-2349a6df6aea', '2026-01-06 17:24:21.90937+00', '2026-01-06 17:24:21.90937+00'),
	('profile-photos', '6fd095ca-826a-486b-897e-d51318a2e2e0', '2026-01-07 16:44:03.231595+00', '2026-01-07 16:44:03.231595+00'),
	('profile-photos', 'f77c3d81-dba0-495f-b0fa-a76de051d52c', '2026-01-07 20:01:09.760899+00', '2026-01-07 20:01:09.760899+00'),
	('profile-photos', '235aea81-4205-48d0-acc8-97c2647eca39', '2026-01-08 11:00:02.797003+00', '2026-01-08 11:00:02.797003+00'),
	('profile-photos', '503b37c3-a602-4bfa-b4df-139ddd16885a', '2026-01-09 13:46:22.477472+00', '2026-01-09 13:46:22.477472+00'),
	('profile-photos', '56d4f21b-a615-4227-aaf5-c15f608fe104', '2026-01-09 17:43:02.237256+00', '2026-01-09 17:43:02.237256+00'),
	('profile-photos', 'e271fef5-f353-4008-9336-3909c970affc', '2026-01-11 12:24:31.671667+00', '2026-01-11 12:24:31.671667+00');


--
-- Data for Name: s3_multipart_uploads; Type: TABLE DATA; Schema: storage; Owner: supabase_storage_admin
--



--
-- Data for Name: s3_multipart_uploads_parts; Type: TABLE DATA; Schema: storage; Owner: supabase_storage_admin
--



--
-- Data for Name: vector_indexes; Type: TABLE DATA; Schema: storage; Owner: supabase_storage_admin
--



--
-- Name: refresh_tokens_id_seq; Type: SEQUENCE SET; Schema: auth; Owner: supabase_auth_admin
--

SELECT pg_catalog.setval('"auth"."refresh_tokens_id_seq"', 214, true);


--
-- PostgreSQL database dump complete
--

-- \unrestrict FqaCQcccBNnMKzNeiWOWbDv9aMr3KvGuVwtweshv4gVDOk5u95EbNKDE6xEyBQ3

RESET ALL;
